Rank	CPM.Ave
1	69897.01512199272
2	45878.14404776412
3	33775.70359145018
4	21858.110195170702
5	16700.92675739365
6	13641.259176126705
7	11595.07191530531
8	10344.536065727834
9	9424.319260788418
10	8642.928524157545
11	7973.783756381757
12	7431.649131139092
13	6971.665985367797
14	6553.007921751237
15	6170.0166270522595
16	5834.455429322931
17	5522.423480405193
18	5262.768795260075
19	5020.99813825493
20	4800.847070468499
21	4597.640646732512
22	4393.223242088294
23	4212.9419790616275
24	4050.0660226505024
25	3907.251773434491
26	3768.731212525148
27	3631.348052747178
28	3513.9291990038196
29	3398.4865592485157
30	3294.5424366784227
31	3182.6064721786706
32	3077.6971343202504
33	2982.663092071268
34	2895.2070446372995
35	2809.921246920458
36	2730.2551256773336
37	2653.4417319499894
38	2582.4092934825326
39	2516.34256454808
40	2452.8695988654863
41	2392.619568012079
42	2336.5774360877263
43	2280.7165659182137
44	2232.567553907736
45	2186.372028103189
46	2139.898390703279
47	2095.611993415565
48	2054.628266649868
49	2017.3519293168479
50	1978.7668277675505
51	1944.0257743184334
52	1908.7704772908485
53	1874.5871164242112
54	1840.676265006914
55	1808.8838346591263
56	1778.8827339249951
57	1748.6503211662487
58	1721.7961235296805
59	1695.0764262206023
60	1669.3748009528574
61	1642.9689477385944
62	1618.4023715770163
63	1594.4943637200333
64	1572.6527276505603
65	1550.1321461197379
66	1528.9486046826923
67	1508.5438997873273
68	1488.8487010692636
69	1470.7255403240179
70	1451.8286525563767
71	1434.1014955458297
72	1416.9052751930924
73	1399.7784863799145
74	1383.4253895092477
75	1367.6423165752874
76	1352.006377132551
77	1336.8175547671526
78	1322.38557891043
79	1307.6661063148304
80	1293.7209991110062
81	1280.9600353841556
82	1268.1011672147886
83	1254.9947395021181
84	1243.130342388751
85	1230.9790380839072
86	1219.6884108060012
87	1208.7278921050008
88	1197.8564368982336
89	1185.7450110804316
90	1175.3638232217943
91	1164.3866079520822
92	1153.29818307577
93	1143.0232203614848
94	1132.8763397846828
95	1122.8250155961277
96	1113.107002062249
97	1103.459229378433
98	1094.2568019712658
99	1085.1797788609479
100	1076.2309914414527
101	1067.253544077485
102	1058.4894369425826
103	1049.687606576804
104	1041.977295608801
105	1033.7744500534125
106	1026.0464143173617
107	1017.6329983535909
108	1009.7469743447848
109	1002.3331980821899
110	994.5069029652116
111	987.6100605264546
112	980.4864687091422
113	973.4110401573392
114	966.7288623488372
115	959.5166184459061
116	952.5398230698698
117	945.8054702090491
118	939.4969410729643
119	933.0490337431349
120	926.9517149211313
121	920.1913702008762
122	913.8072115108092
123	907.8974887851406
124	902.0388723767109
125	896.4169136887409
126	890.4797901539372
127	884.3449280881226
128	878.7076420440502
129	873.2373532441752
130	867.8004006875335
131	862.1798354446092
132	856.7635529508366
133	851.2865852354097
134	845.992552878025
135	840.7778462242159
136	835.5614827577115
137	830.6091792431001
138	825.8253817318397
139	820.9413520766908
140	816.4401564390797
141	811.6590403976369
142	806.7666899693937
143	801.8298416199589
144	797.2765905120052
145	792.900828963772
146	788.4223994508172
147	784.3445683416838
148	779.8421930983504
149	775.6631125154292
150	771.623901174083
151	767.4503946387536
152	763.562176964221
153	759.4666555031031
154	755.2956905922637
155	751.1006791413841
156	747.0839545939288
157	743.1294387852821
158	739.1309579713627
159	735.2071931207425
160	731.3045897678364
161	727.856998383019
162	724.238512335243
163	720.5169607560971
164	716.7551320065124
165	713.3003499684829
166	709.6683536662359
167	706.1697016482656
168	702.7001651856232
169	699.344493029553
170	695.6084843851278
171	692.2278463788742
172	688.9280341153933
173	685.6230173105017
174	682.2078297570511
175	678.8034046291665
176	675.6261076991843
177	672.3468284648403
178	669.1168282512617
179	666.1188775973999
180	662.76937503514
181	659.6523325307148
182	656.5684892787556
183	653.547688665598
184	650.4705738765309
185	647.5590957077608
186	644.762546627993
187	642.0058244092417
188	639.0267111499785
189	636.2054012522008
190	633.2705113499317
191	630.564573763994
192	627.8354447890489
193	625.1118608317613
194	622.2817909624341
195	619.6172116766085
196	616.9582778249626
197	614.4428636076889
198	611.733743730217
199	609.0732730719712
200	606.3949699565511
201	603.6513655521761
202	601.0384469450788
203	598.616529415784
204	596.2292863555613
205	593.9066366451897
206	591.4047472519753
207	589.0653004731004
208	586.7765411477865
209	584.3896675295327
210	582.2110282738149
211	579.7796831885527
212	577.4506628411398
213	575.2111565599444
214	572.9810964380933
215	570.7850869288347
216	568.5377645105679
217	566.2399214661251
218	563.998405543928
219	561.8541894612138
220	559.7002986801624
221	557.582321931367
222	555.4031695114323
223	553.3822423024981
224	551.2751480140327
225	549.1596624232221
226	547.0873813350032
227	545.0661991559716
228	543.0182642355445
229	541.0277156189308
230	539.0773281393855
231	537.1532232485516
232	535.2272968239023
233	533.239001044713
234	531.3612252792213
235	529.5302253918834
236	527.7036506198046
237	525.7350032820482
238	523.7804721526132
239	522.0479072163016
240	520.0647965041724
241	518.1472599983463
242	516.2564662455353
243	514.5169991738377
244	512.7171093937786
245	511.05811331228927
246	509.3900361114268
247	507.64598176437175
248	505.7764735150082
249	504.0763534774467
250	502.3704045620929
251	500.6496661758552
252	498.8873778781894
253	497.24024802457046
254	495.5965968169078
255	494.0516100526928
256	492.397648165005
257	490.64034179552715
258	489.14279200029836
259	487.6131531116438
260	486.029262692849
261	484.4689421728441
262	482.98829261095295
263	481.4623151775353
264	479.88415639785603
265	478.41887570764413
266	476.8945594268905
267	475.5026434083009
268	473.88964617609423
269	472.36991844648855
270	471.0236013921742
271	469.5814888091507
272	468.2353025109293
273	466.7294336193123
274	465.2846510788578
275	463.88174885213544
276	462.43944577604873
277	461.0933616243311
278	459.7147703162812
279	458.2861735365537
280	457.0097433168802
281	455.71119259052307
282	454.34810312322935
283	453.03316873866754
284	451.73062918164584
285	450.3446017843409
286	448.94780221323305
287	447.5702999589655
288	446.19885452294136
289	444.8746660563865
290	443.63197068811115
291	442.4203272156408
292	441.0522391176695
293	439.79799827850707
294	438.5210662288117
295	437.31622652101544
296	436.08006727033643
297	434.91423491541406
298	433.71520131490985
299	432.4762239834458
300	431.24389439591306
301	430.02564668734544
302	428.84493956226095
303	427.6784492414795
304	426.4433005256384
305	425.28149970085303
306	424.1442762659321
307	423.03349097803834
308	421.8827923580923
309	420.7301163108602
310	419.57046152481894
311	418.40276105894327
312	417.27431031402574
313	416.14274302561506
314	415.01560234574106
315	413.93880392716375
316	412.8523296988748
317	411.755026122343
318	410.6238694677247
319	409.5827950245455
320	408.48901020649953
321	407.38635766033644
322	406.3415367672243
323	405.3705091338533
324	404.33171597988337
325	403.267455307247
326	402.30539593536145
327	401.29976152460205
328	400.2976410349174
329	399.18655066248823
330	398.18301839090736
331	397.22870242816686
332	396.2072505797797
333	395.1800254558907
334	394.10647675301084
335	393.1393240372637
336	392.1869185983494
337	391.19881150670403
338	390.2199906681131
339	389.2249661180195
340	388.35563885136565
341	387.3748307130205
342	386.4220792781252
343	385.43108667755325
344	384.4785266847571
345	383.55257591443296
346	382.65974141513374
347	381.7410906298368
348	380.79869584836484
349	379.8440888777018
350	378.84405675955117
351	377.85029340146235
352	376.95731768356495
353	376.03415008843666
354	375.12433985150153
355	374.24256867955
356	373.3242283515863
357	372.4044097091957
358	371.5093628388432
359	370.62151301160304
360	369.7820674433488
361	368.92381518284776
362	368.09164405456363
363	367.21269453698477
364	366.3090320909716
365	365.43942896810495
366	364.58807325081773
367	363.710893687315
368	362.88404018374575
369	362.06052951891536
370	361.21166193889457
371	360.37245731769445
372	359.55383931990394
373	358.7469249612224
374	358.01315278493905
375	357.2144249210372
376	356.3896523436334
377	355.58453180149814
378	354.8371945145112
379	353.978759142342
380	353.1343240350431
381	352.3338436492247
382	351.50422562152914
383	350.7787022863057
384	350.0215646947163
385	349.20434010956467
386	348.43218786616876
387	347.64397622594345
388	346.89840082101415
389	346.14852258602247
390	345.4246662533183
391	344.7308507211241
392	343.9809409984215
393	343.1982421489634
394	342.4645833085369
395	341.7515665126097
396	341.0416743606711
397	340.2800508210486
398	339.5595112195495
399	338.88182572580996
400	338.1829209481525
401	337.46663335519133
402	336.7915130370986
403	336.1213113730243
404	335.42029538741207
405	334.7071463537877
406	333.9954521848668
407	333.27029435908634
408	332.5949296614513
409	331.8686022182862
410	331.17889418063425
411	330.4598537622897
412	329.7747410140679
413	329.0796522010147
414	328.37051554775786
415	327.66717298037076
416	326.96605294261946
417	326.2761518209338
418	325.611739826297
419	324.9316233157538
420	324.28860856935773
421	323.6196615222109
422	322.95545527898383
423	322.3120460793321
424	321.6166789812597
425	320.91018122161665
426	320.2846833280824
427	319.6709855981583
428	318.9892997148181
429	318.3092890808177
430	317.7282500343312
431	317.1161580524642
432	316.44189957887767
433	315.7966011317515
434	315.1360795301919
435	314.5004512108414
436	313.8301609851701
437	313.20058961296934
438	312.5985605157301
439	311.9468828009096
440	311.352700881533
441	310.7341376999095
442	310.13301804169987
443	309.52200198341535
444	308.88287941067523
445	308.28396511044315
446	307.6676548863523
447	307.05950027538205
448	306.4737178492654
449	305.8726674904978
450	305.27329172465727
451	304.69161656796643
452	304.0889306432951
453	303.52286279954944
454	302.93326968952124
455	302.38537108766593
456	301.8199562964075
457	301.24887239403165
458	300.6816178663559
459	300.1302180900491
460	299.5811784775408
461	299.0287327164764
462	298.4701674845052
463	297.92081955686774
464	297.3692489685033
465	296.8126955894353
466	296.2605717974066
467	295.7212940995631
468	295.1839291375833
469	294.66944297472975
470	294.14929343159827
471	293.62062786699613
472	293.07758441888234
473	292.56369414345903
474	292.00224520975354
475	291.4863452120164
476	290.9430989377986
477	290.4339548115076
478	289.9110675686408
479	289.3639642408481
480	288.8275689104963
481	288.33688551735304
482	287.81972631635495
483	287.2795119396363
484	286.75932659836093
485	286.27403859092317
486	285.73963355483824
487	285.2439113603175
488	284.75459841090486
489	284.2526695193433
490	283.78616431147367
491	283.34472647666036
492	282.8236437643765
493	282.29274503667773
494	281.783820692848
495	281.29938239040314
496	280.82764101210023
497	280.3367260443462
498	279.8419672516143
499	279.34533469622755
500	278.85968203481406
501	278.40665939470654
502	277.94887302963195
503	277.47165133250815
504	276.98519321799716
505	276.50050636438385
506	276.0139190196591
507	275.5630253035252
508	275.09617448586647
509	274.608295899501
510	274.13182854290375
511	273.67387632915586
512	273.197106485766
513	272.72531953084246
514	272.2589796648738
515	271.79551144356884
516	271.3267012718339
517	270.8492768803926
518	270.39474610334577
519	269.96662795538805
520	269.50052285811574
521	269.0512483579813
522	268.5793259236745
523	268.1396962993749
524	267.6517018610746
525	267.21056474432953
526	266.7723340700713
527	266.33030676705624
528	265.89383137507565
529	265.46112524619247
530	265.0373689572484
531	264.6152139128935
532	264.1640938536637
533	263.7247339653496
534	263.2934233092757
535	262.86728056579875
536	262.4072076125246
537	261.97947737302883
538	261.54075498848516
539	261.1472844777836
540	260.73491384340275
541	260.31204870850803
542	259.88870063262925
543	259.45794501724356
544	259.04270008003266
545	258.65467521955935
546	258.2716464285232
547	257.85392668129856
548	257.4575697082647
549	257.03277676964854
550	256.6040130460287
551	256.20111275005763
552	255.76714875412463
553	255.35583388825526
554	254.94446951713215
555	254.5237409749828
556	254.11931590175092
557	253.710517167319
558	253.31466462569279
559	252.94084966741877
560	252.55841799247054
561	252.17014316316525
562	251.78557151894887
563	251.38809015724098
564	250.9944268609831
565	250.6087386335972
566	250.2406356182635
567	249.87324746992653
568	249.49222788121742
569	249.09490353300913
570	248.7182977931716
571	248.3177172087571
572	247.9325205223853
573	247.53969318035868
574	247.15334096640552
575	246.78260859481892
576	246.39386434578176
577	246.01792364095013
578	245.65136608303223
579	245.28299595698644
580	244.89673009460702
581	244.5046022832821
582	244.13348100668313
583	243.76162777019965
584	243.40220068298655
585	243.03740403714562
586	242.68026148247546
587	242.3286483781104
588	241.9543529703999
589	241.60255856690063
590	241.21291153338498
591	240.851852588942
592	240.48288003263826
593	240.11908827390482
594	239.78774585115752
595	239.45179978491927
596	239.11710124657
597	238.77505159072118
598	238.44810870728165
599	238.09320382604932
600	237.75736165173373
601	237.40328055521243
602	237.0678536525972
603	236.72157991876705
604	236.3631524157787
605	236.03984967779232
606	235.68688650204044
607	235.34162877015316
608	234.9976300690921
609	234.66251466133025
610	234.33446435872628
611	233.99383408568565
612	233.66653237151456
613	233.35004852901062
614	233.00331724921443
615	232.6640081829322
616	232.35088788737886
617	232.00865473351828
618	231.68563797643534
619	231.3501905497603
620	231.02025489794875
621	230.7057159397173
622	230.36272528226425
623	230.03574483055468
624	229.70415021817234
625	229.39025498502215
626	229.07180388214195
627	228.74268100017235
628	228.43483135174117
629	228.12086555868953
630	227.78246970431215
631	227.5016067295632
632	227.1897022962154
633	226.85474102859763
634	226.54004672816015
635	226.21594708826473
636	225.9261914041235
637	225.63459999033958
638	225.34253634374323
639	225.02741018861155
640	224.72210351150713
641	224.40617368275966
642	224.08591020326188
643	223.78208487571305
644	223.46490260349944
645	223.17241028822318
646	222.85939632267556
647	222.55709002612767
648	222.23900598773156
649	221.93955846191048
650	221.62449530617764
651	221.33279178451014
652	221.0418908597751
653	220.7353962019634
654	220.4165704221462
655	220.13518487636216
656	219.82830701688465
657	219.5537384558861
658	219.24756168063783
659	218.91344123285572
660	218.632869571506
661	218.34028333587233
662	218.0565286134646
663	217.76632081729704
664	217.46421055718358
665	217.19022252901212
666	216.90007625529927
667	216.60472733375457
668	216.30003688887624
669	216.003667783471
670	215.71188621550132
671	215.41748863114358
672	215.12983241718692
673	214.84083262534412
674	214.56618791567263
675	214.287881375919
676	213.99433250381415
677	213.72052999925756
678	213.4466521129763
679	213.15924852126633
680	212.88991142851967
681	212.60779513367223
682	212.32811566753804
683	212.03907378200628
684	211.76264559908134
685	211.49353829082233
686	211.22046784145797
687	210.92953765219497
688	210.65669889486105
689	210.39770557296887
690	210.1214708626022
691	209.85746253839304
692	209.57451765795358
693	209.30624798315597
694	209.0361003922707
695	208.77491336092646
696	208.49345866712747
697	208.22949186709755
698	207.97388202108195
699	207.72676231480943
700	207.45869836551776
701	207.19757658438013
702	206.92787138332636
703	206.66252670125112
704	206.40417981444853
705	206.1177362318538
706	205.86320362585272
707	205.61827681974347
708	205.346289035412
709	205.1036354773761
710	204.85120800659146
711	204.60025510240274
712	204.34931032445684
713	204.0862016661213
714	203.82686180733398
715	203.5623487877158
716	203.30658104955828
717	203.05809215287167
718	202.80253722974106
719	202.53050431030186
720	202.27246558058962
721	202.02529496209925
722	201.77123922851698
723	201.50071969245414
724	201.24839719986463
725	200.99276367988907
726	200.76062843663908
727	200.51872566341487
728	200.26585343002796
729	200.01530349860863
730	199.7929156189734
731	199.54909871890916
732	199.31400862201025
733	199.07340499182195
734	198.8312724492585
735	198.59325957091662
736	198.3737964953466
737	198.14139852071068
738	197.90487721956416
739	197.65883774575227
740	197.41767854419012
741	197.18692385269185
742	196.9474828436975
743	196.71320734154457
744	196.47226284851112
745	196.24658331704762
746	196.0098748134432
747	195.77592992641266
748	195.5392869335907
749	195.3258621649919
750	195.09364314391394
751	194.8695898226216
752	194.63667873714002
753	194.41447227998881
754	194.17939202082863
755	193.94813276439984
756	193.72990683043463
757	193.4922815122982
758	193.27450718187526
759	193.045043536075
760	192.83113157313645
761	192.58972179133588
762	192.3697876336816
763	192.14278138530938
764	191.91445999889936
765	191.69830765292258
766	191.47608103413768
767	191.25891022911767
768	191.03444447105502
769	190.8269265382407
770	190.60652423898696
771	190.37359824301967
772	190.14536612513533
773	189.91842196531599
774	189.69740866595046
775	189.4720881076409
776	189.24603680913654
777	189.0181773482396
778	188.8086862206882
779	188.59625193367296
780	188.3663208409528
781	188.15678766614465
782	187.93990883709023
783	187.73282636474443
784	187.52556594466265
785	187.30208880835443
786	187.07605734800066
787	186.85799095098457
788	186.64438818722394
789	186.42899694261968
790	186.2207024660836
791	186.00133714044443
792	185.79094070353406
793	185.5744330550685
794	185.36536772950979
795	185.145946956175
796	184.94194580913341
797	184.7235017448483
798	184.4977790884217
799	184.27525183818227
800	184.05602011060284
801	183.85118875235213
802	183.64195653517686
803	183.43291950368044
804	183.21942644407667
805	183.0137332813285
806	182.82543889575453
807	182.62534049833417
808	182.40779154761958
809	182.21412018964793
810	182.0163634196315
811	181.81972058669467
812	181.6187571025999
813	181.4154288182585
814	181.20565889914482
815	181.0022691005547
816	180.80732289624882
817	180.6172918065944
818	180.41054658427538
819	180.20660412975278
820	180.01132933301554
821	179.8076609645439
822	179.6135641990365
823	179.4103091591157
824	179.20667199225878
825	179.01998382182057
826	178.82460240653302
827	178.61526686313337
828	178.4279189358619
829	178.24454702273482
830	178.04751056518225
831	177.85938147506954
832	177.6715684685007
833	177.47619832242611
834	177.28080820275804
835	177.08515211209357
836	176.89195424124836
837	176.70542314217826
838	176.5050458271349
839	176.30805489179426
840	176.12060997608793
841	175.9221118584959
842	175.72689595340148
843	175.52966316385047
844	175.34248828875346
845	175.1470599121664
846	174.94959446027073
847	174.78005110560093
848	174.58897240903943
849	174.39471307167275
850	174.21178066507866
851	174.02083014131975
852	173.8413095664931
853	173.66137341953694
854	173.4865834290141
855	173.30355478046982
856	173.1147485779561
857	172.93590422601045
858	172.75932660296817
859	172.58220277747196
860	172.39420180906652
861	172.21331010767688
862	172.03911408998195
863	171.85054486932756
864	171.67075693404604
865	171.48263481994735
866	171.30414798758136
867	171.12094807283964
868	170.91928798743552
869	170.73825141082742
870	170.55946434531972
871	170.3814247922594
872	170.2074921786287
873	170.02808537352885
874	169.84738213451618
875	169.66334497732055
876	169.49050108118834
877	169.32517970594162
878	169.15061330033635
879	168.98132291638967
880	168.79726524107681
881	168.62694646894502
882	168.44712851081266
883	168.25546443112617
884	168.06671438988872
885	167.89004888165195
886	167.71589216265986
887	167.53780868875992
888	167.3622025038233
889	167.2006480329166
890	167.02648729166003
891	166.86263123326071
892	166.68993020565395
893	166.51339800839855
894	166.34935477177112
895	166.1754049601698
896	166.01494119531955
897	165.84673364415488
898	165.6791953276157
899	165.49667096846798
900	165.32290987761823
901	165.15076872418842
902	164.98808316386962
903	164.8246718448893
904	164.6608660372513
905	164.4995256863107
906	164.3375725112446
907	164.15775444226446
908	163.99195763364176
909	163.83408143291564
910	163.65894923856047
911	163.50557164438428
912	163.34373594969807
913	163.18493360969518
914	163.0151963682642
915	162.84632992000292
916	162.67499805930711
917	162.50896883043802
918	162.3468188293075
919	162.18969135580508
920	162.02317369056726
921	161.86573338463882
922	161.7040190990358
923	161.55185321202785
924	161.39105817275683
925	161.22572923442428
926	161.06079009319458
927	160.90002432849886
928	160.74161310268502
929	160.57784019545565
930	160.4092545335082
931	160.2486243440781
932	160.09039123665917
933	159.92599894396233
934	159.76335799951985
935	159.61112815044496
936	159.452473625522
937	159.2933156607433
938	159.1246958220103
939	158.97903647936826
940	158.82413132393813
941	158.6655980801666
942	158.51092446283542
943	158.35299320256354
944	158.18984169401938
945	158.03284916469102
946	157.86343489188923
947	157.70530492499964
948	157.5635191814777
949	157.41119826878221
950	157.25512372493466
951	157.09352386488624
952	156.94742356061445
953	156.78572994036537
954	156.64283974232185
955	156.48899346904497
956	156.33544251328206
957	156.18374213168863
958	156.03503969604748
959	155.8728013501172
960	155.72569022007048
961	155.57730852354598
962	155.43010105545983
963	155.27112511198433
964	155.11980159076245
965	154.9684952356879
966	154.8209151491897
967	154.6705395586895
968	154.51825030688244
969	154.3818528789713
970	154.2284017655689
971	154.0792479778998
972	153.930227088982
973	153.7792508222018
974	153.63233919490023
975	153.48232504874156
976	153.3468512520641
977	153.20597246096804
978	153.06087313078297
979	152.91206056158532
980	152.7688139994314
981	152.61927549888344
982	152.48250747662877
983	152.33520882434908
984	152.19105525332182
985	152.0513753381284
986	151.91223262178383
987	151.76563617895678
988	151.6175639044787
989	151.46858290107951
990	151.32626619350228
991	151.17657635091416
992	151.04408239044
993	150.90597510334814
994	150.76331637941752
995	150.61256611209652
996	150.47832271430022
997	150.33816170853743
998	150.20419378124993
999	150.06934536716125
1000	149.9219708989681
1001	149.7748868551914
1002	149.64112830544173
1003	149.51196627911813
1004	149.380666594427
1005	149.24325508180746
1006	149.10862475641838
1007	148.95683183922134
1008	148.8178340366324
1009	148.68974732855293
1010	148.5594328445754
1011	148.4213107086587
1012	148.28324796230774
1013	148.1506193593184
1014	147.99476342801935
1015	147.85647501985125
1016	147.71604207715825
1017	147.58404430344135
1018	147.44329348384855
1019	147.30173360759673
1020	147.15855083033495
1021	147.02218949430056
1022	146.89036695063456
1023	146.75261927200543
1024	146.62041315747132
1025	146.4790329997077
1026	146.34373687064095
1027	146.2123332154372
1028	146.08219101612204
1029	145.9462699877329
1030	145.82298158198523
1031	145.6970809672441
1032	145.54703608682985
1033	145.41726771827638
1034	145.29480274673097
1035	145.15190019916528
1036	145.00891183753512
1037	144.88722442716528
1038	144.75252924367902
1039	144.61728040293966
1040	144.49483200013262
1041	144.36861116729574
1042	144.2449998205716
1043	144.11307600440304
1044	143.9851954752886
1045	143.8498819411697
1046	143.71584792492916
1047	143.59392435210498
1048	143.4603633554053
1049	143.32850828380427
1050	143.20224418312085
1051	143.08002795098656
1052	142.9511418289849
1053	142.81900596442335
1054	142.6913194282733
1055	142.57085206537528
1056	142.44439009374426
1057	142.3237977977176
1058	142.1977821658024
1059	142.06472978430693
1060	141.93631592114974
1061	141.80665783830975
1062	141.68738083426598
1063	141.5650372704915
1064	141.43718074678355
1065	141.30515661818035
1066	141.17623304013293
1067	141.04926033918997
1068	140.9222520332566
1069	140.80265143758896
1070	140.68322128426792
1071	140.54782670954924
1072	140.4289948849098
1073	140.2998203962398
1074	140.16807275603855
1075	140.0451887735697
1076	139.92359840155086
1077	139.79236420018984
1078	139.66350913614912
1079	139.53537671576183
1080	139.4124053798109
1081	139.29898603220707
1082	139.18046521704704
1083	139.06639992674104
1084	138.9425258341118
1085	138.82536273955012
1086	138.69643062264896
1087	138.57341805352752
1088	138.44873475850022
1089	138.33093133411953
1090	138.2065396674702
1091	138.08714602820606
1092	137.96737473490043
1093	137.84749182586106
1094	137.72973170867402
1095	137.60917281203857
1096	137.49611322269567
1097	137.3773308348213
1098	137.26663424334004
1099	137.15055152342177
1100	137.02108106895162
1101	136.90257382444875
1102	136.78896918169534
1103	136.67318442945512
1104	136.54868215201702
1105	136.43464986419337
1106	136.32186912031938
1107	136.2051413006261
1108	136.09223152458594
1109	135.9760232329639
1110	135.8614323826063
1111	135.74380680467732
1112	135.63213905184094
1113	135.51402532578769
1114	135.39620759346406
1115	135.27443760888906
1116	135.15601753779734
1117	135.04735665288132
1118	134.93311389156815
1119	134.81323002333724
1120	134.69569089810318
1121	134.57923981621946
1122	134.46854908124385
1123	134.35839695515546
1124	134.247244414356
1125	134.1325800687156
1126	134.02301780463864
1127	133.91105010547875
1128	133.79346370094498
1129	133.68343669555674
1130	133.55878253153148
1131	133.45385705802315
1132	133.34870118344742
1133	133.2396878387876
1134	133.1173484784729
1135	133.0057879065568
1136	132.89345773886834
1137	132.78313620843787
1138	132.67602717312025
1139	132.5736183127657
1140	132.46589824936837
1141	132.35090551911446
1142	132.24096081315554
1143	132.135835771768
1144	132.02969993099614
1145	131.91565872689094
1146	131.81472067999567
1147	131.7021073612879
1148	131.58038625015845
1149	131.47223505261042
1150	131.35759235595765
1151	131.24582072762095
1152	131.14139844916306
1153	131.03163219391126
1154	130.91585065774726
1155	130.80789969536144
1156	130.6954607373398
1157	130.5816496650427
1158	130.47496757156472
1159	130.36968156987416
1160	130.26545345219472
1161	130.15601712838435
1162	130.04661298331257
1163	129.94669218826758
1164	129.83538672534033
1165	129.72630436272337
1166	129.616920325208
1167	129.50464087333748
1168	129.39716894280494
1169	129.29840308079142
1170	129.18394675494184
1171	129.0735687337936
1172	128.96864078549984
1173	128.8618846056972
1174	128.75502238478865
1175	128.65721264858655
1176	128.55152449668188
1177	128.43917423270284
1178	128.3348067768313
1179	128.22770711139702
1180	128.12300316752928
1181	128.01869288088534
1182	127.91609377253931
1183	127.81347312643047
1184	127.70550861675335
1185	127.5956873893166
1186	127.48826919152735
1187	127.37953076346203
1188	127.28563078620921
1189	127.18160754033491
1190	127.07561317814488
1191	126.97684220368548
1192	126.87015431868238
1193	126.76697006321461
1194	126.66221585459986
1195	126.54793762810912
1196	126.44549628813242
1197	126.34063697011173
1198	126.23669851721519
1199	126.13553231320509
1200	126.03403948694154
1201	125.92962703415677
1202	125.83238450262915
1203	125.72921450146369
1204	125.62678590519504
1205	125.52163918367712
1206	125.41213913942927
1207	125.317304256875
1208	125.21762740013833
1209	125.12266724419511
1210	125.0256494571003
1211	124.92813293254179
1212	124.82157448250163
1213	124.72253139162153
1214	124.62650868259445
1215	124.52633253126699
1216	124.42794982315303
1217	124.32039976429819
1218	124.21954916409021
1219	124.12364067832507
1220	124.02206034845096
1221	123.92636162778763
1222	123.82972079833887
1223	123.73566432690303
1224	123.63328598953589
1225	123.53345014856458
1226	123.43612813253435
1227	123.33872790423311
1228	123.24130827909697
1229	123.13189040652773
1230	123.04061034765742
1231	122.93998608388094
1232	122.845400743933
1233	122.75301405138671
1234	122.65756224552715
1235	122.56576834636002
1236	122.46152197507669
1237	122.36790215659798
1238	122.2688834931555
1239	122.16718178463553
1240	122.0646363781128
1241	121.96822939118796
1242	121.87334660687368
1243	121.77961748925716
1244	121.68818438834519
1245	121.59056688475857
1246	121.49678951228735
1247	121.40284451586489
1248	121.30872486946944
1249	121.21711050120577
1250	121.1216363295587
1251	121.02385190790154
1252	120.9305542260297
1253	120.83374526501113
1254	120.74394130949537
1255	120.6560064313803
1256	120.5602365618603
1257	120.47000855080579
1258	120.37061417594862
1259	120.28509817524824
1260	120.19237143612331
1261	120.0964197184661
1262	120.00964816678925
1263	119.91283592370745
1264	119.81407994853481
1265	119.71764374218681
1266	119.62986232623817
1267	119.53003702315148
1268	119.43443234684781
1269	119.34036306364644
1270	119.2492515386872
1271	119.1450030182939
1272	119.04650402822024
1273	118.95070528581726
1274	118.85785557989215
1275	118.76211567943366
1276	118.66800135742554
1277	118.57785798744084
1278	118.48921360905233
1279	118.39663224289778
1280	118.30793904647986
1281	118.21726173122019
1282	118.12583438646315
1283	118.02707501129206
1284	117.93085010842584
1285	117.83314383971171
1286	117.74556418626422
1287	117.66334814634934
1288	117.56583812327696
1289	117.47731997888266
1290	117.37696797667411
1291	117.29039499063757
1292	117.20757461910756
1293	117.11607001278998
1294	117.02871098560699
1295	116.93693302386278
1296	116.85373143544795
1297	116.76053806415581
1298	116.67661262987971
1299	116.58659080907623
1300	116.49347809842926
1301	116.39908831571225
1302	116.31276157105042
1303	116.23241876791754
1304	116.14013084014474
1305	116.04705413006084
1306	115.96407418108342
1307	115.87511381918803
1308	115.7808892909958
1309	115.68992115809431
1310	115.60762303805414
1311	115.52508160085132
1312	115.43872519205514
1313	115.35110107019308
1314	115.261711044294
1315	115.17224505278026
1316	115.08963308895736
1317	115.00833429170554
1318	114.92265678628644
1319	114.83240530100522
1320	114.75067578942895
1321	114.66564165248792
1322	114.58058744306227
1323	114.49914684699891
1324	114.40895472190668
1325	114.32246197640762
1326	114.23039888109246
1327	114.14276665464605
1328	114.05328666776154
1329	113.97103731541375
1330	113.88167383387079
1331	113.79121608477989
1332	113.70603573642869
1333	113.62645289913421
1334	113.54549867634303
1335	113.45431757587289
1336	113.3704235552662
1337	113.28699894731669
1338	113.1932791157271
1339	113.10634727673217
1340	113.02259000610604
1341	112.93952851375612
1342	112.8561054351884
1343	112.76720840365621
1344	112.6844579978939
1345	112.60456301077036
1346	112.51922555649925
1347	112.43158112281034
1348	112.34748203066549
1349	112.26842402379718
1350	112.18464158390485
1351	112.10064042941039
1352	112.01787651673907
1353	111.94112974232647
1354	111.85864137532157
1355	111.78264347081371
1356	111.7057024863374
1357	111.62398639316525
1358	111.53844554078715
1359	111.45207666106344
1360	111.3650222995151
1361	111.28879101401606
1362	111.20119082240022
1363	111.11853235563352
1364	111.04498421466624
1365	110.9695458957415
1366	110.8869936454898
1367	110.80693693337103
1368	110.72327787603506
1369	110.64380637017452
1370	110.56327363500704
1371	110.48265568845511
1372	110.40248406908103
1373	110.32061659027421
1374	110.24066712422291
1375	110.16134666364495
1376	110.0857812118312
1377	110.00896019907377
1378	109.93237911519695
1379	109.85333787491776
1380	109.77644232366107
1381	109.69684351386488
1382	109.61946027891722
1383	109.53101800043665
1384	109.4498951388461
1385	109.3633900472677
1386	109.28425674947651
1387	109.20427983233726
1388	109.12335688723816
1389	109.04612617450293
1390	108.9704430965852
1391	108.89608758956034
1392	108.8142388768512
1393	108.73513487404362
1394	108.65192809845739
1395	108.57366247241231
1396	108.50035928055834
1397	108.42518899243835
1398	108.34432833321195
1399	108.26413294780387
1400	108.18426991647296
1401	108.10146940806649
1402	108.02739418294509
1403	107.93805176483677
1404	107.86762488059055
1405	107.79429715294117
1406	107.71629808718487
1407	107.63839515000281
1408	107.5614326666614
1409	107.4894167616973
1410	107.41756626123579
1411	107.34145607300944
1412	107.26600829532819
1413	107.19331232136858
1414	107.1130727511169
1415	107.03694992228692
1416	106.96553190052275
1417	106.89396280552367
1418	106.81663579687628
1419	106.73975025869208
1420	106.66076752825943
1421	106.58606501195047
1422	106.50898240397031
1423	106.43225193147133
1424	106.35303118710326
1425	106.28453728885421
1426	106.2034801213837
1427	106.12574844883372
1428	106.05156820974922
1429	105.9718629590425
1430	105.89693381689817
1431	105.82341316814572
1432	105.7517907710786
1433	105.67917157788884
1434	105.60677594054998
1435	105.53272294027919
1436	105.45531928881827
1437	105.37903130414708
1438	105.30989322499501
1439	105.23524096892989
1440	105.16360458567934
1441	105.08640016796089
1442	105.00860651541294
1443	104.93494729514903
1444	104.86108145542613
1445	104.79074471571549
1446	104.7192308305537
1447	104.64851187055775
1448	104.57434768749376
1449	104.4966664020587
1450	104.4262853167469
1451	104.35808837149925
1452	104.28073857705903
1453	104.19706444244011
1454	104.12243862220159
1455	104.04987928800557
1456	103.97975852364756
1457	103.90538510111777
1458	103.83190527935729
1459	103.7627592362652
1460	103.69780717842247
1461	103.6223088417284
1462	103.55212236126586
1463	103.48056551798508
1464	103.40771046879654
1465	103.34037996996435
1466	103.27207863846063
1467	103.20356087593916
1468	103.1244128627643
1469	103.05313893276511
1470	102.984363753481
1471	102.9215936465371
1472	102.85229317899477
1473	102.78312507053951
1474	102.71774056557673
1475	102.64403460596655
1476	102.57771904908239
1477	102.50100641315704
1478	102.42861119956363
1479	102.35542157293544
1480	102.28389981310077
1481	102.21023199586695
1482	102.13538245136078
1483	102.0743528759315
1484	102.00591106363416
1485	101.93795962238453
1486	101.86465090036388
1487	101.79172033937878
1488	101.72378824854455
1489	101.65803523506479
1490	101.58729344827118
1491	101.51687420915985
1492	101.44778044355778
1493	101.37587554534515
1494	101.30445725539715
1495	101.22789930468967
1496	101.15908940381954
1497	101.09121365169479
1498	101.02957648186229
1499	100.96606394354261
1500	100.89545856391923
1501	100.8241600634462
1502	100.7514657867944
1503	100.68766782240684
1504	100.62332881100258
1505	100.55398794676945
1506	100.48617032999664
1507	100.41658074480867
1508	100.34769216986423
1509	100.28100140737206
1510	100.21421891866714
1511	100.14640989036751
1512	100.07793578304037
1513	100.00872979499911
1514	99.94624166843407
1515	99.88037314069388
1516	99.81291141994863
1517	99.74593252621666
1518	99.6784029536781
1519	99.60870709834613
1520	99.5383790351254
1521	99.47748929309506
1522	99.4119623944899
1523	99.34410325167126
1524	99.27627081941048
1525	99.2053212397428
1526	99.1416035238661
1527	99.07426065555752
1528	99.00446622137765
1529	98.93821902717926
1530	98.86977228454748
1531	98.80530275352199
1532	98.74382163569695
1533	98.67800816765455
1534	98.61196736315742
1535	98.54337867376124
1536	98.47787108630739
1537	98.41068916059402
1538	98.34213000129496
1539	98.27212393083694
1540	98.2076116262309
1541	98.14217655540355
1542	98.07653926724765
1543	98.01341472381824
1544	97.94464256971678
1545	97.88038726990045
1546	97.81650913620655
1547	97.75255171530146
1548	97.68880804151293
1549	97.62655994778639
1550	97.55896247883169
1551	97.49643123343789
1552	97.42921395701651
1553	97.36256311920707
1554	97.2962790778452
1555	97.23197003744279
1556	97.16498700089362
1557	97.09984371507785
1558	97.03353485048402
1559	96.97216473989904
1560	96.90736589947758
1561	96.83999136610255
1562	96.77253329430478
1563	96.7088279439378
1564	96.65140039254999
1565	96.5897747328481
1566	96.5241341483686
1567	96.45762819155544
1568	96.39642936839094
1569	96.33495202732948
1570	96.27299361048767
1571	96.21461319363249
1572	96.15459924140112
1573	96.08941562096064
1574	96.02684498747848
1575	95.96665499936839
1576	95.9018781875087
1577	95.83820813505771
1578	95.77695626314492
1579	95.71150816056601
1580	95.64590431560374
1581	95.5852863568083
1582	95.52174008491129
1583	95.46265067252594
1584	95.40380297688264
1585	95.34170042748461
1586	95.28288033741596
1587	95.22028776810784
1588	95.16027601592943
1589	95.10153807882827
1590	95.03860359443786
1591	94.97634952737349
1592	94.91443617990366
1593	94.85198643307113
1594	94.78992907052816
1595	94.72569988500847
1596	94.66425374496349
1597	94.60291408074315
1598	94.54369745759875
1599	94.48288995160513
1600	94.4188082826921
1601	94.3587994421307
1602	94.29854815480539
1603	94.23777667519333
1604	94.1818023433805
1605	94.12697421393038
1606	94.0598105763912
1607	93.99831321608315
1608	93.94123967916167
1609	93.88136335918797
1610	93.81786088006598
1611	93.76190630834274
1612	93.70440282344417
1613	93.64420973393801
1614	93.58747369218645
1615	93.52782220439606
1616	93.45922160571234
1617	93.39914061507578
1618	93.33955065262127
1619	93.28005258593838
1620	93.21879196060587
1621	93.1581743508909
1622	93.10338116001284
1623	93.04433543042188
1624	92.9811289411515
1625	92.92564574135966
1626	92.8663838658836
1627	92.80595400799038
1628	92.74966870067607
1629	92.68817865080553
1630	92.62717627519416
1631	92.56488851825853
1632	92.50561200448317
1633	92.44293781704803
1634	92.38570303046961
1635	92.32379665202724
1636	92.26518370734118
1637	92.20963197983413
1638	92.14942344965087
1639	92.09113119337388
1640	92.03775078453776
1641	91.98079283571172
1642	91.92437779260466
1643	91.86416540304357
1644	91.80347282336177
1645	91.74640443810324
1646	91.68490089381294
1647	91.62562874302627
1648	91.5662107962956
1649	91.5036477798857
1650	91.44520634918992
1651	91.38833883098442
1652	91.33294897513966
1653	91.27186731453307
1654	91.20879108850167
1655	91.15056890870613
1656	91.09552688198029
1657	91.03581400490135
1658	90.98034523410318
1659	90.92177819466517
1660	90.86725604045532
1661	90.80677110027783
1662	90.74638820947034
1663	90.68592875175749
1664	90.6240253836177
1665	90.56556774295963
1666	90.50794501147855
1667	90.44937126004406
1668	90.39445270277622
1669	90.33982164521599
1670	90.28445969058653
1671	90.22550167295792
1672	90.16651084956025
1673	90.11267093991364
1674	90.05254332118176
1675	89.9992051030865
1676	89.94162257714737
1677	89.88788396403595
1678	89.8301867767821
1679	89.77052327750872
1680	89.71013000773168
1681	89.65359218161578
1682	89.59988916123423
1683	89.54079470120612
1684	89.48402531148757
1685	89.42141722415286
1686	89.36398701034315
1687	89.30777133572897
1688	89.24861596673298
1689	89.19007415425986
1690	89.13612882356092
1691	89.08468176629498
1692	89.03169301313709
1693	88.97386845007507
1694	88.91373000844283
1695	88.85879625270962
1696	88.80037743574421
1697	88.7457460510287
1698	88.6904224372273
1699	88.63508099268623
1700	88.57967825549265
1701	88.52431695648683
1702	88.46515419546344
1703	88.41343029380072
1704	88.35243202397581
1705	88.29581387210737
1706	88.24214193946781
1707	88.19176581481197
1708	88.13672432036174
1709	88.08308464051596
1710	88.03049010864189
1711	87.97655421060257
1712	87.92332757627165
1713	87.86775554872058
1714	87.81337608242784
1715	87.76016391135663
1716	87.70294974125379
1717	87.64600763756548
1718	87.59738719458413
1719	87.54501541512226
1720	87.49021403452089
1721	87.43844292826995
1722	87.37776069868666
1723	87.32247674859639
1724	87.27005955990157
1725	87.21866042091341
1726	87.16415708451446
1727	87.10754518340929
1728	87.0540312586871
1729	86.99555485917728
1730	86.945379012113
1731	86.89372243452766
1732	86.83956612889004
1733	86.78695229564732
1734	86.73361801670538
1735	86.68038901382452
1736	86.62333688195368
1737	86.57145752826317
1738	86.52068547255983
1739	86.46469161465237
1740	86.40995932080456
1741	86.35427224264654
1742	86.30007099361633
1743	86.248562294875
1744	86.19569051892967
1745	86.13999957492634
1746	86.0861897098385
1747	86.03288257973496
1748	85.97947886435729
1749	85.92685498116744
1750	85.87014886062758
1751	85.81326745527994
1752	85.75855967243338
1753	85.70442694597891
1754	85.64922931345546
1755	85.59324427577351
1756	85.53981530687075
1757	85.48878719415161
1758	85.43665369648544
1759	85.3833408421158
1760	85.3275153531687
1761	85.27613307606876
1762	85.22807614882068
1763	85.18082259211009
1764	85.1284324170349
1765	85.07466600796464
1766	85.02298226736492
1767	84.96779307001032
1768	84.91618067949341
1769	84.86999647312456
1770	84.81649279564411
1771	84.76801754745581
1772	84.7128239859671
1773	84.66624092686413
1774	84.61749277170334
1775	84.5662284186144
1776	84.51976274060314
1777	84.46914347691197
1778	84.4202703650576
1779	84.37282688015665
1780	84.32039765638238
1781	84.26456722883718
1782	84.20817696455198
1783	84.15965455661448
1784	84.11114218717086
1785	84.06291001971461
1786	84.01192139152477
1787	83.96114404005283
1788	83.90850491144806
1789	83.85978542314551
1790	83.80775520209885
1791	83.75743418428561
1792	83.70858604128975
1793	83.6552706778278
1794	83.60253562614746
1795	83.55006773909096
1796	83.49841407576326
1797	83.44487084097135
1798	83.39484416363442
1799	83.34784446011683
1800	83.29781014389222
1801	83.25537882087694
1802	83.20649950221798
1803	83.15225461287456
1804	83.10328312329302
1805	83.05385199933198
1806	83.00429913168543
1807	82.95484443508514
1808	82.90574117263874
1809	82.8503442977187
1810	82.80292591455449
1811	82.74996071115847
1812	82.69682590563616
1813	82.6467736317264
1814	82.59681208497754
1815	82.54706455480789
1816	82.50242320553055
1817	82.45434872143323
1818	82.40015090484454
1819	82.35033784155227
1820	82.30403654807677
1821	82.25778920619855
1822	82.21208258679648
1823	82.15953330960406
1824	82.11405008083975
1825	82.06709706285237
1826	82.01526944360243
1827	81.96204703447896
1828	81.90909689484587
1829	81.86030232862323
1830	81.81358302792654
1831	81.76428070124778
1832	81.71457403826099
1833	81.66354926730253
1834	81.616447658603
1835	81.56282335501709
1836	81.51400387075545
1837	81.46449036769619
1838	81.42009985968089
1839	81.37351229534174
1840	81.32242867466421
1841	81.27257675131834
1842	81.22161167973478
1843	81.17623088976245
1844	81.12815046843818
1845	81.08066653073068
1846	81.03263225583518
1847	80.98515732331039
1848	80.9385755186068
1849	80.89388222219075
1850	80.83941154326908
1851	80.79490993856028
1852	80.74851163278441
1853	80.69582216993717
1854	80.65060506250504
1855	80.60715383417927
1856	80.55823473479286
1857	80.51064003507013
1858	80.46050206199877
1859	80.41631476678033
1860	80.36788886232698
1861	80.31936456115574
1862	80.26899858548066
1863	80.22036108456439
1864	80.17616859212455
1865	80.13151009984203
1866	80.08369784447004
1867	80.03665288850064
1868	79.98871325332048
1869	79.94316955081891
1870	79.89909732885731
1871	79.85549870561643
1872	79.8090504740087
1873	79.76168622332669
1874	79.71271310496827
1875	79.66350699893934
1876	79.6199680637825
1877	79.57318226003245
1878	79.5295691400136
1879	79.4775624782346
1880	79.43170180134902
1881	79.38770543972002
1882	79.34060483978797
1883	79.29528007468814
1884	79.24512492526014
1885	79.20244098538036
1886	79.15934691088074
1887	79.11065499569371
1888	79.06631280166302
1889	79.01875136446262
1890	78.97199414785956
1891	78.92903266554912
1892	78.8861822692853
1893	78.84358085416369
1894	78.7979920012605
1895	78.75086828779997
1896	78.70304445900184
1897	78.65467997881022
1898	78.60923568537295
1899	78.56241074537536
1900	78.51945743142069
1901	78.48002019004026
1902	78.43835074743919
1903	78.39234543846815
1904	78.34803704186433
1905	78.29683368060583
1906	78.25501163400425
1907	78.20909370129685
1908	78.16380594233635
1909	78.11715999419988
1910	78.0720932042206
1911	78.02103824512918
1912	77.97611011995625
1913	77.93161187291467
1914	77.8847139499452
1915	77.83464765916973
1916	77.78801615536518
1917	77.74382282530006
1918	77.70127962592396
1919	77.65844589680594
1920	77.61326207408148
1921	77.56648950857704
1922	77.51816916285831
1923	77.47191492803199
1924	77.4259461648765
1925	77.38314501101885
1926	77.33488105886883
1927	77.29575418412156
1928	77.2514841265618
1929	77.20951585065492
1930	77.1596163214479
1931	77.1123843386575
1932	77.07247090597812
1933	77.02709225055438
1934	76.98424465484044
1935	76.93673347134312
1936	76.8924489810725
1937	76.84917333381945
1938	76.80561032740893
1939	76.76069261776973
1940	76.71137799594678
1941	76.66973487584897
1942	76.62520202144209
1943	76.58164408396188
1944	76.54000779986045
1945	76.49432740563802
1946	76.44925651502069
1947	76.40494711760162
1948	76.3601489122241
1949	76.31425049048028
1950	76.2749894278319
1951	76.23088935094498
1952	76.18717363902252
1953	76.14671735047051
1954	76.10618956015145
1955	76.06376244685855
1956	76.02172297451499
1957	75.9766662735414
1958	75.93060405090503
1959	75.88606828014217
1960	75.84223876660131
1961	75.79777758139929
1962	75.75091487537092
1963	75.70642099497815
1964	75.66431788579594
1965	75.61823034640454
1966	75.57200801383483
1967	75.52443263568411
1968	75.48017413007102
1969	75.43718481507612
1970	75.39430673051437
1971	75.35014624495413
1972	75.3072888511008
1973	75.26308208112296
1974	75.21847405311567
1975	75.1752505436525
1976	75.13462050690107
1977	75.09769250632759
1978	75.05736632916357
1979	75.01275757531408
1980	74.97165758923776
1981	74.92649088586437
1982	74.88600148890553
1983	74.83983201890982
1984	74.7976811875057
1985	74.75391523186482
1986	74.71296251558144
1987	74.6695633732853
1988	74.62820055082747
1989	74.58416924791979
1990	74.54086453809882
1991	74.50001024380539
1992	74.46039500315561
1993	74.41779951488364
1994	74.37525258255667
1995	74.33599945513552
1996	74.28936317070021
1997	74.24660692142534
1998	74.20466877144776
1999	74.16229740639892
2000	74.1214878847369
2001	74.08217417875593
2002	74.0367985659784
2003	73.9920000698624
2004	73.9524348722127
2005	73.90853459383419
2006	73.86532492618223
2007	73.82523507073634
2008	73.78397578057694
2009	73.74015516622546
2010	73.70236145959042
2011	73.65801005666754
2012	73.61767469586
2013	73.57663882365777
2014	73.53803401204102
2015	73.4943653371178
2016	73.45607641039915
2017	73.41713067045777
2018	73.37826146395771
2019	73.33709168013748
2020	73.29614418781486
2021	73.25352109389567
2022	73.21434027718894
2023	73.17268408939435
2024	73.13199509421995
2025	73.0885749751405
2026	73.05035595214441
2027	73.00574522599143
2028	72.96683184090348
2029	72.92829285807066
2030	72.8884528994492
2031	72.84704313530673
2032	72.8090331715613
2033	72.76669954319635
2034	72.7262090363373
2035	72.68442540454569
2036	72.64285605400678
2037	72.6030569918203
2038	72.56303698862055
2039	72.52243885667923
2040	72.48341409267609
2041	72.44339633490655
2042	72.4035902894504
2043	72.35977987968575
2044	72.31810531667838
2045	72.27868778468162
2046	72.2366848311562
2047	72.19538307479165
2048	72.15644722933827
2049	72.11563307379942
2050	72.07702075015126
2051	72.03605221375733
2052	71.99575337748831
2053	71.95249171187059
2054	71.91204789142513
2055	71.87247117010517
2056	71.83269942179084
2057	71.79413552497289
2058	71.7532969327127
2059	71.7103396380958
2060	71.67085896747145
2061	71.62724868386117
2062	71.58745966647872
2063	71.54830658595998
2064	71.50938220256297
2065	71.47085523085897
2066	71.43254533205017
2067	71.39544730244583
2068	71.35905832483333
2069	71.32191355776868
2070	71.28237849578129
2071	71.24210910575235
2072	71.19937138503047
2073	71.16119893033596
2074	71.11994572493103
2075	71.08086125554111
2076	71.03821006717186
2077	70.99926506320845
2078	70.95845138128682
2079	70.91450591333212
2080	70.87523978066365
2081	70.83536116411595
2082	70.79747895279625
2083	70.76009519490397
2084	70.72031589322094
2085	70.68221153641392
2086	70.64184619208254
2087	70.6022393323578
2088	70.56105817720565
2089	70.52313843378731
2090	70.4837262788928
2091	70.445939150332
2092	70.40994706649273
2093	70.36884412394653
2094	70.32928313233627
2095	70.29256434880153
2096	70.25306785336831
2097	70.21376800780298
2098	70.1724789808369
2099	70.13513479282358
2100	70.096678766155
2101	70.05616417162547
2102	70.01386429068273
2103	69.97704878378192
2104	69.93716830194863
2105	69.89772031736952
2106	69.86187227062914
2107	69.82368259096278
2108	69.78774506654122
2109	69.74865160232349
2110	69.711900520806
2111	69.67572483365913
2112	69.63835546450278
2113	69.60145273970909
2114	69.56165999590297
2115	69.52366165912683
2116	69.4869692128149
2117	69.44411387923024
2118	69.40116424344517
2119	69.36316552105735
2120	69.32800776066526
2121	69.29423876021764
2122	69.2577845673147
2123	69.222841438208
2124	69.18308019033223
2125	69.14444540947676
2126	69.10406977268995
2127	69.06547417883229
2128	69.0270141872512
2129	68.98928885764741
2130	68.95391125078416
2131	68.91089100963264
2132	68.87558706764838
2133	68.84023163323926
2134	68.8045297776137
2135	68.76593984307975
2136	68.72831677427463
2137	68.68638291593075
2138	68.6445437034926
2139	68.60748882849346
2140	68.57218743304834
2141	68.5339721075645
2142	68.49638579155258
2143	68.46245255292267
2144	68.42566183372328
2145	68.38888151696185
2146	68.35237491408358
2147	68.3185084325957
2148	68.28295561092239
2149	68.24803189209216
2150	68.2091553261547
2151	68.1703772693816
2152	68.12942279195583
2153	68.09056141073619
2154	68.05342957053095
2155	68.01653127639038
2156	67.977908286198
2157	67.93863689878772
2158	67.90129974716355
2159	67.86161040632366
2160	67.82564545539036
2161	67.78783396659654
2162	67.75013794295062
2163	67.71686899745548
2164	67.68357003944675
2165	67.64873775314264
2166	67.61099171344449
2167	67.57095551449551
2168	67.53500729273132
2169	67.49671589794
2170	67.45981131877176
2171	67.42181612791643
2172	67.38534883452
2173	67.34538893822662
2174	67.30950899601665
2175	67.27093855648124
2176	67.23531180756345
2177	67.2015228349559
2178	67.16510031141644
2179	67.13124731771636
2180	67.09770599830995
2181	67.06085899114458
2182	67.02295122735721
2183	66.98726316992587
2184	66.94923123685335
2185	66.91058031522807
2186	66.87498434786202
2187	66.84094324476325
2188	66.80265641943781
2189	66.7649871128922
2190	66.72862472308675
2191	66.69223122028112
2192	66.65736631454861
2193	66.62280076481451
2194	66.58830210744297
2195	66.55330209175304
2196	66.51361020592327
2197	66.47771049490294
2198	66.44291503596725
2199	66.40706719780752
2200	66.37157382190905
2201	66.33420706803646
2202	66.30127160279869
2203	66.26812167124358
2204	66.23099070088813
2205	66.19617306722739
2206	66.15983216180715
2207	66.12116627078599
2208	66.08315330506971
2209	66.04659429298982
2210	66.01537195190829
2211	65.98465697870664
2212	65.95183106373362
2213	65.91859994158509
2214	65.88221090140208
2215	65.84534873463205
2216	65.81015238233788
2217	65.77323240713085
2218	65.73442048150694
2219	65.70218489011295
2220	65.66519987999594
2221	65.63094167710355
2222	65.59526150741496
2223	65.56066011446258
2224	65.52514385692028
2225	65.49092840302903
2226	65.45822635178916
2227	65.42574171161509
2228	65.39002363889307
2229	65.355542149052
2230	65.32236788995517
2231	65.28762352372098
2232	65.25162732529128
2233	65.21684803619624
2234	65.18470708169052
2235	65.15059440669827
2236	65.11643341310348
2237	65.0827603413966
2238	65.04849359654777
2239	65.0133247454414
2240	64.98060156684306
2241	64.94877955212962
2242	64.91431884105272
2243	64.87972218610338
2244	64.84530318115077
2245	64.81290849497032
2246	64.77688344276957
2247	64.74513931108599
2248	64.71060677043671
2249	64.67794227489766
2250	64.64222034528657
2251	64.61059502710519
2252	64.57742655911007
2253	64.54449637371366
2254	64.50837223688079
2255	64.47360758886614
2256	64.43877526272327
2257	64.40212507188208
2258	64.36853087181528
2259	64.33522332927245
2260	64.30140034667042
2261	64.26719258130998
2262	64.23288487017683
2263	64.19760144845095
2264	64.16032667315888
2265	64.12891804138916
2266	64.09430173488303
2267	64.05876312678207
2268	64.02455344264843
2269	63.990600647883745
2270	63.95718514522147
2271	63.922105736126255
2272	63.884545382773126
2273	63.85250783537179
2274	63.81967716643063
2275	63.78721601127075
2276	63.75224550188673
2277	63.72083025375005
2278	63.68732518957915
2279	63.65381335277523
2280	63.618837375428726
2281	63.58569183521838
2282	63.55668439194683
2283	63.522530917364186
2284	63.49332047797151
2285	63.46131362921523
2286	63.4273722068747
2287	63.391993057186916
2288	63.360489682664856
2289	63.328661980184634
2290	63.28851435613305
2291	63.25550458880088
2292	63.21840202767616
2293	63.18198047434798
2294	63.14629010334081
2295	63.11084441848505
2296	63.07726211195266
2297	63.04305031774803
2298	63.00944732366152
2299	62.97930698411806
2300	62.94755278631709
2301	62.915185093888496
2302	62.882434909536485
2303	62.84722902444999
2304	62.81313385466352
2305	62.78137065923247
2306	62.74724745134597
2307	62.71638473162311
2308	62.68287719044536
2309	62.65180007987534
2310	62.618986988824105
2311	62.582914273619444
2312	62.55041018486801
2313	62.517570071439216
2314	62.484585984233696
2315	62.451391555856446
2316	62.41970164222576
2317	62.38610153392102
2318	62.34973377718652
2319	62.320252583636204
2320	62.292061542242955
2321	62.26072370511914
2322	62.227105802536954
2323	62.1988149549441
2324	62.166448060863985
2325	62.13229254223808
2326	62.10433895095041
2327	62.07110905589886
2328	62.03428678414774
2329	62.00130780006538
2330	61.966372309540645
2331	61.93663189127812
2332	61.90494185369719
2333	61.87200310924801
2334	61.839230096809715
2335	61.8076694316847
2336	61.772657573224656
2337	61.740238566162375
2338	61.710556903826436
2339	61.67737000231474
2340	61.648002579265864
2341	61.61507144974106
2342	61.584713958927416
2343	61.553907271236575
2344	61.52533315882582
2345	61.494040895803124
2346	61.46365208976876
2347	61.4325456340052
2348	61.40146892038884
2349	61.370990384171584
2350	61.34116648146197
2351	61.307327333253085
2352	61.2769004983065
2353	61.24002886651152
2354	61.208728334786215
2355	61.176898616136434
2356	61.14449660478239
2357	61.112485917067104
2358	61.085113146978365
2359	61.05032809351132
2360	61.01907836199914
2361	60.98768954144968
2362	60.95559479756779
2363	60.9249079884478
2364	60.89406261536173
2365	60.8637817141128
2366	60.8329284125527
2367	60.80138041962236
2368	60.77205393756608
2369	60.742118549824475
2370	60.713087176481565
2371	60.682413899284974
2372	60.652712783424185
2373	60.62196111256915
2374	60.58760628428653
2375	60.55669862952899
2376	60.52519687903616
2377	60.49231668710925
2378	60.46101929256396
2379	60.431148388315755
2380	60.399455694800274
2381	60.36723862543252
2382	60.33574560965277
2383	60.304555872749546
2384	60.27396127801941
2385	60.24167739954311
2386	60.20972348251714
2387	60.179794732792665
2388	60.14812312062313
2389	60.11461547507568
2390	60.08594211134535
2391	60.05443120452942
2392	60.0208805236323
2393	59.991846111002864
2394	59.962922878691145
2395	59.936132069439886
2396	59.89904927548095
2397	59.87074388646834
2398	59.838690520509786
2399	59.80851208102197
2400	59.77424344587472
2401	59.74305209493297
2402	59.710960457655
2403	59.67815819145264
2404	59.64322518259044
2405	59.612061054508814
2406	59.58104584866483
2407	59.55012040350099
2408	59.517080873721845
2409	59.48375171997784
2410	59.45279233551952
2411	59.42006888758349
2412	59.38883712231953
2413	59.35965370960198
2414	59.327734870404825
2415	59.299408170145185
2416	59.26969140086737
2417	59.24249133144303
2418	59.211402737298734
2419	59.182195602751705
2420	59.153273228962405
2421	59.12346030347345
2422	59.0922424709371
2423	59.05834334181833
2424	59.02537664129982
2425	58.9965724480059
2426	58.9649759039814
2427	58.93478810935122
2428	58.90516574928511
2429	58.87290332683779
2430	58.84297529927865
2431	58.81319678096018
2432	58.780304128062745
2433	58.747967831980766
2434	58.71787570023976
2435	58.68775750066133
2436	58.65953452514616
2437	58.627311458149535
2438	58.59701996301676
2439	58.56524362017064
2440	58.53586775224888
2441	58.5107873988027
2442	58.48110276572958
2443	58.45259716378022
2444	58.41977615258957
2445	58.38883140013586
2446	58.358490759614924
2447	58.32734317117502
2448	58.2991159285829
2449	58.271601006541864
2450	58.2410419706413
2451	58.2120035792148
2452	58.18309138924405
2453	58.15418313877418
2454	58.125243602860095
2455	58.09621161205414
2456	58.06723531124172
2457	58.037752233152425
2458	58.00635102322667
2459	57.974456841816526
2460	57.94530811050826
2461	57.9171013305141
2462	57.88945870810495
2463	57.858227120785536
2464	57.828154283678955
2465	57.798289006082804
2466	57.771790670404535
2467	57.7431366418511
2468	57.71185163426847
2469	57.68092286513263
2470	57.65375780286396
2471	57.62493476444192
2472	57.5996456082388
2473	57.57084827452808
2474	57.541843663207295
2475	57.512999563968386
2476	57.48422828690675
2477	57.449120780912374
2478	57.41749731019329
2479	57.38748101358414
2480	57.35723687683528
2481	57.32811452951865
2482	57.29597595040613
2483	57.26540395165475
2484	57.239016184239716
2485	57.2128319686674
2486	57.18371122269533
2487	57.151646350257415
2488	57.120008438643524
2489	57.09397397628355
2490	57.06613842810969
2491	57.038458702161925
2492	57.01084783994657
2493	56.97981784840284
2494	56.95069209881669
2495	56.92051358212817
2496	56.89277886377351
2497	56.86308159115778
2498	56.83688370815191
2499	56.80848435167441
2500	56.78120046660716
2501	56.75329349047737
2502	56.72652425077617
2503	56.696312252263354
2504	56.669530802273705
2505	56.64004536041226
2506	56.60697546785626
2507	56.57895710959328
2508	56.55047865345699
2509	56.51996308259456
2510	56.49357067356277
2511	56.46521123876689
2512	56.43586688723594
2513	56.406236432141085
2514	56.37910712449205
2515	56.35066462936691
2516	56.32056814569714
2517	56.29156127355476
2518	56.26403015090824
2519	56.2330206808986
2520	56.201358326686965
2521	56.172521781855735
2522	56.14412488541594
2523	56.11707987441053
2524	56.088162750343926
2525	56.06005353908495
2526	56.030807493413356
2527	56.002747615517116
2528	55.976845651962144
2529	55.95165130110967
2530	55.922938818168376
2531	55.895007878103755
2532	55.86662922435429
2533	55.837567428023384
2534	55.80815319016429
2535	55.77792187721017
2536	55.74858311465167
2537	55.7181704127975
2538	55.69008102180359
2539	55.66239245140373
2540	55.63365973016134
2541	55.60641722941628
2542	55.58171179194934
2543	55.5514124373497
2544	55.52632772227267
2545	55.49647325918506
2546	55.468141331341414
2547	55.4424650242248
2548	55.41041543103661
2549	55.38162153608615
2550	55.353244933850355
2551	55.326345117642425
2552	55.297965414658584
2553	55.265293905235325
2554	55.23508759176384
2555	55.208610124103316
2556	55.17738768471463
2557	55.15214634122521
2558	55.12400585896711
2559	55.093378479340515
2560	55.06740393654222
2561	55.040150738001984
2562	55.01079018902299
2563	54.98466693330634
2564	54.95925740532631
2565	54.929468273398456
2566	54.90015505481036
2567	54.87073418912199
2568	54.84235488786759
2569	54.81269951745701
2570	54.786485098264066
2571	54.76061609490323
2572	54.73301233813606
2573	54.70383195673874
2574	54.6738135129916
2575	54.64737019248639
2576	54.62136500117631
2577	54.59352250603922
2578	54.56657379997986
2579	54.53692833053185
2580	54.5080484694859
2581	54.479335469346786
2582	54.4540334751072
2583	54.43002272801915
2584	54.40054999838649
2585	54.37323092891099
2586	54.34595956621257
2587	54.32035954598005
2588	54.294569452999866
2589	54.26939882521723
2590	54.24357014424163
2591	54.21573529528277
2592	54.188704665469544
2593	54.16033061293959
2594	54.133380225385025
2595	54.10733244382165
2596	54.0765586490472
2597	54.04966429686082
2598	54.02075132759605
2599	53.99385124255755
2600	53.966687907645046
2601	53.93905981369661
2602	53.9112902468473
2603	53.88523656003996
2604	53.85842350410325
2605	53.831656133608625
2606	53.804894286990425
2607	53.77639126794415
2608	53.75000160746337
2609	53.72142583722315
2610	53.69175753421233
2611	53.663581510372076
2612	53.63658197043531
2613	53.61021773653168
2614	53.58472793699496
2615	53.554709496220305
2616	53.52684113745175
2617	53.49926300860563
2618	53.47312897890907
2619	53.446426450285465
2620	53.42178786385454
2621	53.398748835255326
2622	53.37373244567361
2623	53.34675443079368
2624	53.32171030496939
2625	53.296460859409
2626	53.26634451641932
2627	53.24318970129234
2628	53.21743539116931
2629	53.190089865562435
2630	53.161764758598295
2631	53.1327169754364
2632	53.104339114134156
2633	53.075148156181164
2634	53.04558632708953
2635	53.01983035073215
2636	52.99383477869046
2637	52.967820264279865
2638	52.941497837248995
2639	52.91469793928679
2640	52.88578452763823
2641	52.86148649570863
2642	52.833171438075546
2643	52.80943588551394
2644	52.78310117068623
2645	52.75610355217352
2646	52.72914017907155
2647	52.704430593643195
2648	52.67814103655473
2649	52.65086764498172
2650	52.624817430497615
2651	52.59728471908481
2652	52.57037513638906
2653	52.543929159488044
2654	52.51994905787861
2655	52.49472264801563
2656	52.46825008498587
2657	52.44040335656221
2658	52.41594141824545
2659	52.388387272187515
2660	52.36148932080729
2661	52.334031111212404
2662	52.30827884104375
2663	52.28193478788535
2664	52.25712364755885
2665	52.231088777454204
2666	52.20359329346401
2667	52.17654034430195
2668	52.152921354895966
2669	52.12534281522484
2670	52.09481620849533
2671	52.06784441340534
2672	52.041309168145354
2673	52.01796520953521
2674	51.99153499191605
2675	51.96469607418049
2676	51.94099157226838
2677	51.916026411646776
2678	51.891673523353866
2679	51.86540461474115
2680	51.83900250174546
2681	51.81262460502239
2682	51.78591164866513
2683	51.76077270534901
2684	51.733182950534236
2685	51.70473785286867
2686	51.679154103915295
2687	51.653211886087334
2688	51.625688714701546
2689	51.60271038771465
2690	51.577839812981935
2691	51.552629037924426
2692	51.52556956688708
2693	51.499789827655455
2694	51.47555333870927
2695	51.45284471538412
2696	51.42854418366986
2697	51.40407399643907
2698	51.3754613326995
2699	51.350478027099214
2700	51.32750801722882
2701	51.30462588855441
2702	51.27877107943094
2703	51.25240748866459
2704	51.2259719250296
2705	51.200931934495514
2706	51.17829722804536
2707	51.15385543330292
2708	51.12952033148156
2709	51.10177003511711
2710	51.07470913078553
2711	51.04607896368271
2712	51.0186307492019
2713	50.99482152582449
2714	50.97113245052961
2715	50.947258051611186
2716	50.92554606970052
2717	50.89969543733948
2718	50.873717649521296
2719	50.84693059723751
2720	50.82096268680442
2721	50.796736070725856
2722	50.773506763126356
2723	50.74920214798008
2724	50.72298380438794
2725	50.69928908906173
2726	50.67427082974314
2727	50.65030503281632
2728	50.62444774030363
2729	50.597152502062386
2730	50.57262753460383
2731	50.54654935524157
2732	50.522865475286736
2733	50.49527741395787
2734	50.46632927942902
2735	50.441982386162316
2736	50.41474456579902
2737	50.388976479928694
2738	50.36583313897059
2739	50.34073090896183
2740	50.316974088897126
2741	50.292634603330505
2742	50.26353470971068
2743	50.237567550004975
2744	50.21534138929884
2745	50.19292920747207
2746	50.16846570510551
2747	50.144627349379995
2748	50.121579007910995
2749	50.0950463388647
2750	50.0708990725873
2751	50.04371366575861
2752	50.01721835954818
2753	49.99256290713136
2754	49.96618545126197
2755	49.93990249609698
2756	49.91586180430986
2757	49.89234422339032
2758	49.87041227398398
2759	49.84711831959134
2760	49.82133835312366
2761	49.79692718407369
2762	49.77470490901533
2763	49.750608459433785
2764	49.725061538252504
2765	49.69859244509342
2766	49.67490183377007
2767	49.65020939955112
2768	49.625495952702764
2769	49.5992766278576
2770	49.57658670569468
2771	49.54973253063079
2772	49.52279703224915
2773	49.49490469698688
2774	49.467743497040445
2775	49.44407819122421
2776	49.42327918450425
2777	49.396631943358344
2778	49.37277934879369
2779	49.34848495891127
2780	49.32415606873363
2781	49.30015359039818
2782	49.27482357650233
2783	49.25298288811282
2784	49.23083927484523
2785	49.206456369080136
2786	49.182689781184514
2787	49.15922078526752
2788	49.136828678416336
2789	49.10837718917262
2790	49.085601903713545
2791	49.061895403383545
2792	49.037717612840275
2793	49.01149897892713
2794	48.98754502833862
2795	48.96318048059564
2796	48.940310824896294
2797	48.91601058714217
2798	48.89119413177504
2799	48.86883280680771
2800	48.84420425558298
2801	48.82083464209642
2802	48.798740842961976
2803	48.77534660743855
2804	48.75220284888755
2805	48.72819555568129
2806	48.70412283338634
2807	48.67964774002261
2808	48.65388807938647
2809	48.62903575161369
2810	48.60389772415868
2811	48.5796841346922
2812	48.55535817915173
2813	48.531408375534234
2814	48.508075109950354
2815	48.48486661098176
2816	48.461316467512454
2817	48.43855636810396
2818	48.41397486985927
2819	48.38988685398257
2820	48.36827258887513
2821	48.34359523581358
2822	48.320864386925535
2823	48.29573606317725
2824	48.27177550164448
2825	48.24713654089751
2826	48.22344895906822
2827	48.20023022988322
2828	48.1769332953612
2829	48.155569990863604
2830	48.13049741761799
2831	48.10516170131051
2832	48.081643227422234
2833	48.056715640120764
2834	48.03407498604966
2835	48.011459400183504
2836	47.98937267852798
2837	47.96350014847063
2838	47.93914609901408
2839	47.916632868761695
2840	47.89150127908966
2841	47.86682774840337
2842	47.84151110815815
2843	47.82089030000235
2844	47.797473085629086
2845	47.77326414837849
2846	47.75044287089861
2847	47.728356116980414
2848	47.705122202317966
2849	47.68142657322566
2850	47.65918208520388
2851	47.632614516423665
2852	47.60808351417334
2853	47.583604666790535
2854	47.55980087516703
2855	47.537424154291834
2856	47.514593088468025
2857	47.49230988269887
2858	47.46771264754954
2859	47.445088520556446
2860	47.42241581595878
2861	47.40079658341466
2862	47.37879111815923
2863	47.355506683822895
2864	47.33347376802106
2865	47.308791580431546
2866	47.28388639141904
2867	47.256316872499355
2868	47.23140630405386
2869	47.20794146051605
2870	47.18550313835646
2871	47.16344151891383
2872	47.141303073722064
2873	47.11595667493946
2874	47.09354427217429
2875	47.07043561206348
2876	47.04717061219667
2877	47.02622404040776
2878	47.002612941767886
2879	46.98076213991485
2880	46.95505079935261
2881	46.93014577659051
2882	46.90735419753842
2883	46.884546698865556
2884	46.8605534303525
2885	46.83656036464634
2886	46.81361489997301
2887	46.79188076019549
2888	46.76710769105797
2889	46.74318782716048
2890	46.72133372621372
2891	46.69925964919427
2892	46.6779316168814
2893	46.65554379013024
2894	46.63334441788703
2895	46.61100206499783
2896	46.58623786458067
2897	46.562382657450236
2898	46.53947181669288
2899	46.519957140623056
2900	46.494148334585425
2901	46.470580955585305
2902	46.44924584003539
2903	46.428896063419636
2904	46.40773965661273
2905	46.38578133528435
2906	46.36200446213793
2907	46.336029579144
2908	46.311772251225825
2909	46.28931696361881
2910	46.26714223339817
2911	46.2446189526546
2912	46.21827735710141
2913	46.194164662402684
2914	46.17161266840453
2915	46.147558503812085
2916	46.125280867708796
2917	46.10151770953528
2918	46.08067196261002
2919	46.06038325564626
2920	46.03732156770979
2921	46.01352257149004
2922	45.9879273413007
2923	45.96689111922919
2924	45.94156466940307
2925	45.919054699510596
2926	45.89685583889822
2927	45.87415698413345
2928	45.85286223560059
2929	45.832096462302246
2930	45.81008917793094
2931	45.78906644266968
2932	45.766618665575486
2933	45.74456918222161
2934	45.721771901426386
2935	45.7009784829249
2936	45.67780482245665
2937	45.656514659123275
2938	45.637149286604
2939	45.6163728162759
2940	45.59435563693151
2941	45.570600392246625
2942	45.547677263454695
2943	45.525699225407635
2944	45.502176354037246
2945	45.481259429825045
2946	45.458822061205304
2947	45.436388465997126
2948	45.41460678149146
2949	45.39169901913992
2950	45.367931288538806
2951	45.34244067940681
2952	45.32077543355626
2953	45.29705834371118
2954	45.275087129821756
2955	45.2502794852339
2956	45.2238543523064
2957	45.19905863881414
2958	45.17777882434847
2959	45.156519870833435
2960	45.133859716996135
2961	45.11331791975309
2962	45.091655889273746
2963	45.070592180032826
2964	45.04965018434452
2965	45.03104704974582
2966	45.01157495247319
2967	44.991205497042934
2968	44.97147600336056
2969	44.94928193674903
2970	44.92706661431405
2971	44.90448935683659
2972	44.88464931410717
2973	44.861660484848194
2974	44.83806336345129
2975	44.817435259339696
2976	44.79688917602863
2977	44.774637782017244
2978	44.75102063284209
2979	44.72763846638355
2980	44.70343942252359
2981	44.679408840855345
2982	44.655278408136404
2983	44.63475345460902
2984	44.61469009916345
2985	44.59203816849868
2986	44.57008005973773
2987	44.546286456849906
2988	44.525930861647026
2989	44.50788911107679
2990	44.48769868605296
2991	44.464048722105254
2992	44.442921156790305
2993	44.422020416151824
2994	44.40070733187422
2995	44.3781899888787
2996	44.354909345480465
2997	44.33472358994344
2998	44.31504567892847
2999	44.292791696543
3000	44.27032498341058
3001	44.24673024003977
3002	44.22283678631613
3003	44.20238452586122
3004	44.18244542257293
3005	44.158884123948745
3006	44.138274443845155
3007	44.1161887424006
3008	44.09706892172976
3009	44.07678346445096
3010	44.05703908993519
3011	44.03556620349024
3012	44.01436692502794
3013	43.99186720260009
3014	43.97023125176173
3015	43.950095159027775
3016	43.92870908621518
3017	43.90759879635999
3018	43.88563041204883
3019	43.863764131260744
3020	43.841890332103304
3021	43.81588338534765
3022	43.794346694753614
3023	43.772392866796864
3024	43.74974651920691
3025	43.73056612757279
3026	43.708348442326226
3027	43.68547969082225
3028	43.6623652977667
3029	43.637856184008186
3030	43.61526599914308
3031	43.593652523245105
3032	43.57280545472375
3033	43.54997453176072
3034	43.52886071330534
3035	43.509084064399616
3036	43.487935583161935
3037	43.466880385826784
3038	43.448810961794884
3039	43.42825881765001
3040	43.40888690882869
3041	43.389292273982946
3042	43.36707298087025
3043	43.34767886960239
3044	43.330114817103436
3045	43.309499594964684
3046	43.28912048417325
3047	43.26754577553928
3048	43.247912098589254
3049	43.22658114632683
3050	43.2033549570538
3051	43.18221953065155
3052	43.16099654983073
3053	43.140911304514674
3054	43.11886796917392
3055	43.095857146650864
3056	43.07629146895996
3057	43.055561799388464
3058	43.03349217789326
3059	43.013912765555375
3060	42.9959179207084
3061	42.97366190388505
3062	42.9528084090553
3063	42.93089030145251
3064	42.910071558477284
3065	42.886994456375255
3066	42.86619089487427
3067	42.842476128804854
3068	42.82147046402753
3069	42.8008591131555
3070	42.78224891927074
3071	42.762576892802336
3072	42.742116034699855
3073	42.7242002375947
3074	42.704607391380165
3075	42.68583198892544
3076	42.66653799251632
3077	42.64876829139986
3078	42.62828966664703
3079	42.60851822588143
3080	42.58414803435348
3081	42.559913423586046
3082	42.53867002363361
3083	42.51551604264817
3084	42.49665260258168
3085	42.47550413787237
3086	42.45602648077557
3087	42.43750798180857
3088	42.41512674873574
3089	42.39343289653637
3090	42.371510335383725
3091	42.35088115595404
3092	42.33140164352347
3093	42.31082465074363
3094	42.286917807700256
3095	42.2667330968746
3096	42.24365908568783
3097	42.22403159672861
3098	42.20391202862284
3099	42.18618112674544
3100	42.16588051054249
3101	42.14640984972163
3102	42.12434019344331
3103	42.104152400630156
3104	42.083512615023764
3105	42.06474569294817
3106	42.04464600240931
3107	42.02288724622158
3108	42.00203804266009
3109	41.98274727815749
3110	41.96256815970849
3111	41.9419136264954
3112	41.922693857222946
3113	41.90139895498086
3114	41.880891485408675
3115	41.85949293637856
3116	41.837528193864806
3117	41.815782439021035
3118	41.793156098744014
3119	41.77554377751643
3120	41.75688938505
3121	41.7373028116564
3122	41.71585645051504
3123	41.69579487138006
3124	41.67329468057351
3125	41.6526235020661
3126	41.6316606561149
3127	41.611635946239545
3128	41.59206578805848
3129	41.570301197157974
3130	41.55101321852367
3131	41.53385607633451
3132	41.51385139307009
3133	41.49506249198999
3134	41.47441066803134
3135	41.454392314671
3136	41.43377083547736
3137	41.41316813425276
3138	41.3940600807861
3139	41.37229049544895
3140	41.35200310040622
3141	41.33075468729495
3142	41.31088444529967
3143	41.290201716118915
3144	41.27047490376571
3145	41.25320206511684
3146	41.23368089600587
3147	41.21311742195301
3148	41.191183280408275
3149	41.1721537824759
3150	41.14883315527251
3151	41.12920726227893
3152	41.10784947698043
3153	41.08653838031718
3154	41.06572670913526
3155	41.04767401731515
3156	41.02832666513762
3157	41.009041423480014
3158	40.99023646439389
3159	40.970647414998986
3160	40.948293307493245
3161	40.929091128353754
3162	40.91202095045858
3163	40.89208226811305
3164	40.870648773961655
3165	40.84771169579711
3166	40.828469196621384
3167	40.80868007061569
3168	40.78743348436704
3169	40.76742300842544
3170	40.74809510174143
3171	40.72837684444235
3172	40.711878161965075
3173	40.6906747754773
3174	40.668950823799754
3175	40.64644905737926
3176	40.62469102009815
3177	40.60665336354602
3178	40.58681375767826
3179	40.56462601415869
3180	40.54439918877603
3181	40.524835511584016
3182	40.50786706607273
3183	40.488779861263694
3184	40.46711334576444
3185	40.44640146895364
3186	40.42652683290578
3187	40.4082502778901
3188	40.390090470016865
3189	40.369949640890205
3190	40.351630105921274
3191	40.33349655127777
3192	40.31718248242975
3193	40.29852486387758
3194	40.27984907147544
3195	40.26200576648691
3196	40.24342332410975
3197	40.22337710246146
3198	40.20421191144698
3199	40.18429119243901
3200	40.16503116494303
3201	40.14495761426678
3202	40.12469058619413
3203	40.10411027734909
3204	40.08609307317351
3205	40.06690928313307
3206	40.04730057912274
3207	40.02751762701281
3208	40.00979042451713
3209	39.99364742304428
3210	39.97450900269996
3211	39.95403874309689
3212	39.93270216905206
3213	39.91349223516216
3214	39.89310095467858
3215	39.87522661685377
3216	39.85609397703872
3217	39.837183050731205
3218	39.81710804779137
3219	39.79602165920351
3220	39.778420327469576
3221	39.75812355785038
3222	39.738155826096325
3223	39.71855269710211
3224	39.696969702285
3225	39.67638954445357
3226	39.66007353207177
3227	39.64192079186697
3228	39.621078214996786
3229	39.60251132206496
3230	39.58306955564719
3231	39.56544864173308
3232	39.54653824850367
3233	39.52717027933931
3234	39.509119223152034
3235	39.49193094300662
3236	39.47345077888432
3237	39.45356956689657
3238	39.43406074623399
3239	39.41464885118436
3240	39.394096160702524
3241	39.37676288191238
3242	39.3559013375606
3243	39.33576936002444
3244	39.31850061821707
3245	39.30166066360865
3246	39.28430486068406
3247	39.26741819688097
3248	39.24955865910728
3249	39.232096511817886
3250	39.214992173580825
3251	39.19566645871833
3252	39.17676673063119
3253	39.156708842050946
3254	39.13719606244119
3255	39.11778434418827
3256	39.10012460156523
3257	39.08320590282024
3258	39.0642321289203
3259	39.04487296044516
3260	39.02459224546305
3261	39.003631253214124
3262	38.982409381602665
3263	38.96602012373196
3264	38.94943410447004
3265	38.930338935810504
3266	38.910694507208106
3267	38.89322935663235
3268	38.873758097364615
3269	38.857021746626465
3270	38.83568677660751
3271	38.81681520870181
3272	38.79690660338726
3273	38.77757302749522
3274	38.757527736679485
3275	38.74042642763016
3276	38.72267894700227
3277	38.70402603854065
3278	38.68630539117058
3279	38.66949944313772
3280	38.65083412137545
3281	38.63065354803513
3282	38.612553975867286
3283	38.594106430832305
3284	38.57508107907103
3285	38.5573031123881
3286	38.54132854257579
3287	38.52630538876313
3288	38.50803049979831
3289	38.489410104172855
3290	38.46806486177104
3291	38.445468830559825
3292	38.42760901996946
3293	38.40891645701249
3294	38.39015615161733
3295	38.367866156948516
3296	38.34616391517456
3297	38.32772005637345
3298	38.30673853660235
3299	38.28931686585109
3300	38.27243305953347
3301	38.253719790134625
3302	38.23578438587717
3303	38.21690631518338
3304	38.19816015999161
3305	38.17965315194361
3306	38.162311279073656
3307	38.14513637439389
3308	38.126295386693975
3309	38.10730950025346
3310	38.08879767655076
3311	38.07305948489845
3312	38.05368562010919
3313	38.035273101555724
3314	38.017208743822614
3315	37.99978910100739
3316	37.981061741353585
3317	37.96224342749479
3318	37.94506331033298
3319	37.92650518861085
3320	37.907253702748186
3321	37.891329375520066
3322	37.87572511302159
3323	37.85484216499907
3324	37.83545893621907
3325	37.81682966580037
3326	37.79759014283453
3327	37.78104806189132
3328	37.76576109308097
3329	37.74853916274057
3330	37.72893479538984
3331	37.70892476223694
3332	37.691888420796886
3333	37.67402123783429
3334	37.655532827604176
3335	37.63861698163288
3336	37.62103943249589
3337	37.602092583405046
3338	37.58535026911743
3339	37.56851726282378
3340	37.55098671469323
3341	37.53413708216944
3342	37.51694245444574
3343	37.49438360262312
3344	37.47553321047837
3345	37.45784901895335
3346	37.439405624541706
3347	37.42208430276678
3348	37.40292837887838
3349	37.38494675212585
3350	37.36743766472289
3351	37.350461847050354
3352	37.33333341606938
3353	37.31279955600911
3354	37.29445700883315
3355	37.276542806440965
3356	37.25694853038499
3357	37.239568444769986
3358	37.22115673502558
3359	37.2025933366902
3360	37.18368023306489
3361	37.16638119287477
3362	37.1474658141164
3363	37.128377228919014
3364	37.11221282845165
3365	37.094427655298055
3366	37.07699496034015
3367	37.06037106577429
3368	37.04306685725933
3369	37.023055074232104
3370	37.007347994619835
3371	36.990722656620505
3372	36.972750311323246
3373	36.95540748907328
3374	36.939659637247374
3375	36.921815814545084
3376	36.903862474108855
3377	36.886001922462704
3378	36.868109383532214
3379	36.85274576159425
3380	36.83509064190899
3381	36.81812358479919
3382	36.79993762614795
3383	36.78242852480914
3384	36.764520983630966
3385	36.74467622072155
3386	36.72593377846418
3387	36.70719904631754
3388	36.68885970484511
3389	36.66961548758407
3390	36.64995671053245
3391	36.63095414760946
3392	36.60963345873029
3393	36.590510239107
3394	36.57189876899419
3395	36.555056388921706
3396	36.538137513118414
3397	36.5214324401476
3398	36.50123963404774
3399	36.483354723083956
3400	36.46681494033532
3401	36.44751876480233
3402	36.4308251382373
3403	36.412055272291575
3404	36.393120945104585
3405	36.37504548845976
3406	36.35700547934488
3407	36.33686009003057
3408	36.31913027572413
3409	36.30276303392476
3410	36.28678922686524
3411	36.26947527046113
3412	36.252486312505546
3413	36.236729182471784
3414	36.21990510294799
3415	36.20313818502508
3416	36.186960530277354
3417	36.16961926403822
3418	36.15254008446298
3419	36.13574735675752
3420	36.11823586242797
3421	36.09798480219929
3422	36.078462651752076
3423	36.06031525613165
3424	36.041665267694306
3425	36.024052202957655
3426	36.00688745978563
3427	35.98955128146823
3428	35.97048486226624
3429	35.952344648862294
3430	35.93686857066743
3431	35.91860253173916
3432	35.90174688690526
3433	35.8855741234075
3434	35.867880879112995
3435	35.8497377212806
3436	35.831017798167046
3437	35.81256648102059
3438	35.79185834243331
3439	35.77511284581377
3440	35.75841466166845
3441	35.74068519343884
3442	35.72561390677101
3443	35.71057152982721
3444	35.69374638255641
3445	35.67822450757815
3446	35.66165010353406
3447	35.64469929842198
3448	35.627530908993684
3449	35.60942264574279
3450	35.59139365490846
3451	35.57292365867525
3452	35.556637664583015
3453	35.54043072663082
3454	35.524017818562214
3455	35.509626397794705
3456	35.49386099233359
3457	35.47708232940957
3458	35.45997683505136
3459	35.44540217203395
3460	35.42729908856271
3461	35.40865555574906
3462	35.388933385173345
3463	35.37015672811582
3464	35.35337853550917
3465	35.33577426212556
3466	35.31788594721213
3467	35.30048955142147
3468	35.2808408331276
3469	35.26258975380809
3470	35.244747159826865
3471	35.22729511438575
3472	35.20817143148279
3473	35.189919383785785
3474	35.17331601825754
3475	35.15746259043344
3476	35.142061464648094
3477	35.12680416909353
3478	35.11281505184964
3479	35.09728499032622
3480	35.08309672430568
3481	35.06595107140048
3482	35.05173816579787
3483	35.03527442762442
3484	35.01624524379319
3485	35.00047215792894
3486	34.98509034759707
3487	34.96698897630854
3488	34.951115430697584
3489	34.93397180860598
3490	34.91600182248408
3491	34.89906883701952
3492	34.88228710436228
3493	34.86662834263737
3494	34.85140965985434
3495	34.833737212067234
3496	34.814239051071596
3497	34.79629908050242
3498	34.77962656917918
3499	34.76322518915373
3500	34.745142599960396
3501	34.729358036661175
3502	34.71203442176035
3503	34.69553815489231
3504	34.675223651224954
3505	34.65628063386612
3506	34.63872134043607
3507	34.62098950810138
3508	34.60477937761372
3509	34.587449555403154
3510	34.57137115289792
3511	34.55327693957289
3512	34.5372949695826
3513	34.51899705674416
3514	34.504285957550245
3515	34.48978689115179
3516	34.47380603293904
3517	34.45755892413765
3518	34.442646121153196
3519	34.427753038935286
3520	34.41171335683254
3521	34.39568429695723
3522	34.37979880176824
3523	34.36118839510421
3524	34.345371282150936
3525	34.32852503584482
3526	34.310995910205676
3527	34.29341890772306
3528	34.2763459301383
3529	34.260332861363416
3530	34.24701241358449
3531	34.230801386582925
3532	34.214987307044346
3533	34.198704784579526
3534	34.18243709984587
3535	34.166101225282716
3536	34.1498619905964
3537	34.134143243896894
3538	34.1171007362876
3539	34.10054801179951
3540	34.084356743072256
3541	34.06868877439433
3542	34.05296240799113
3543	34.034737407814546
3544	34.016867585624105
3545	33.99882300654463
3546	33.981729505565646
3547	33.96205582177454
3548	33.94345639265233
3549	33.92487223684932
3550	33.90735984320461
3551	33.89136962941189
3552	33.87130630223865
3553	33.855955181970515
3554	33.84083920862634
3555	33.82446476150992
3556	33.80740348470543
3557	33.79230512836872
3558	33.776566339033025
3559	33.761361332307985
3560	33.74340038840232
3561	33.72536131745392
3562	33.707635700501825
3563	33.69092386692158
3564	33.675148159649915
3565	33.658656971143124
3566	33.643354988436855
3567	33.629901643001546
3568	33.61288460809187
3569	33.5963896200084
3570	33.58067564302763
3571	33.568986891436516
3572	33.55351441532068
3573	33.53884959859642
3574	33.52456221535467
3575	33.51040324639447
3576	33.493759933965116
3577	33.476609913908206
3578	33.45853397522294
3579	33.440293985457124
3580	33.424125436041805
3581	33.40942761040397
3582	33.395254008116304
3583	33.37801517790511
3584	33.36323026885968
3585	33.346210874883994
3586	33.33080917233473
3587	33.31193057136499
3588	33.2954833415745
3589	33.277707121286696
3590	33.25902926911731
3591	33.24174372313888
3592	33.225368961654084
3593	33.20879436334628
3594	33.19248879515351
3595	33.17583966040998
3596	33.15874054888053
3597	33.14232178521214
3598	33.12589705739446
3599	33.10898654893521
3600	33.09326157443023
3601	33.07792567271359
3602	33.060891349334526
3603	33.043565244916664
3604	33.02771932991461
3605	33.01346513137519
3606	32.99944339754685
3607	32.98356037442051
3608	32.97077991189542
3609	32.95452904016371
3610	32.94063664371814
3611	32.92685379805306
3612	32.91256473779247
3613	32.89783796625878
3614	32.88210151542765
3615	32.86591294182958
3616	32.8484160386698
3617	32.83320154708811
3618	32.81684113521476
3619	32.80071774682868
3620	32.786449348422956
3621	32.77160396235478
3622	32.75681213265495
3623	32.742013861806456
3624	32.72725737578732
3625	32.71096535773779
3626	32.69373406312096
3627	32.679120746047396
3628	32.66049596716339
3629	32.641846291977494
3630	32.623885100168145
3631	32.60557529942003
3632	32.5910882011306
3633	32.574537162746026
3634	32.559879211414206
3635	32.54495898587597
3636	32.530225473638616
3637	32.51576864381879
3638	32.499819311228755
3639	32.484945519888036
3640	32.470235491609714
3641	32.453373356491
3642	32.43683216131347
3643	32.420933039641696
3644	32.40338222724203
3645	32.38786146990398
3646	32.3736242681815
3647	32.35860751171906
3648	32.34324027512897
3649	32.32911581133806
3650	32.31431863314853
3651	32.298302121448025
3652	32.28326769584556
3653	32.265925393479584
3654	32.25062358069613
3655	32.237254395514185
3656	32.222379494944626
3657	32.20974072077563
3658	32.19618073137847
3659	32.1796804417481
3660	32.16316997947672
3661	32.14618504307976
3662	32.1286818473429
3663	32.11422215374512
3664	32.099186276394185
3665	32.08372437771572
3666	32.06866789352609
3667	32.05180170208893
3668	32.03590250529667
3669	32.01809321056536
3670	31.999633755008563
3671	31.982773939946213
3672	31.967611913950176
3673	31.950469709486413
3674	31.93517237614758
3675	31.91923478366769
3676	31.90529657464194
3677	31.887453388934766
3678	31.87182924955154
3679	31.854561557843734
3680	31.83979110168655
3681	31.82652453517039
3682	31.812027780886844
3683	31.798113173215345
3684	31.783771377899253
3685	31.767559734205793
3686	31.752742067895113
3687	31.738095699096167
3688	31.722001568681485
3689	31.704371780000564
3690	31.68801207338155
3691	31.671915935481202
3692	31.656781767942128
3693	31.640557596991446
3694	31.625483402579302
3695	31.61182717035652
3696	31.597589611275072
3697	31.58200108548517
3698	31.565413163219397
3699	31.549189035958364
3700	31.53387615984501
3701	31.518243985740842
3702	31.503988174851155
3703	31.48734148119429
3704	31.471021996710448
3705	31.455626734204426
3706	31.44011752906161
3707	31.426372903181367
3708	31.41028634989757
3709	31.394288370154268
3710	31.38133941580677
3711	31.36691091554838
3712	31.352679720530688
3713	31.336463269551107
3714	31.31998238544171
3715	31.306928818247872
3716	31.293504489250367
3717	31.280111015605392
3718	31.265089424711253
3719	31.24770377413093
3720	31.23175694319799
3721	31.21614041915838
3722	31.20094402404652
3723	31.18492587805333
3724	31.169272788534382
3725	31.150640243028764
3726	31.133697682103435
3727	31.118635574044664
3728	31.104837915804424
3729	31.09059228945094
3730	31.07698298786901
3731	31.061271427221737
3732	31.04391179636775
3733	31.02854144530048
3734	31.0130089505145
3735	30.998588049279874
3736	30.98486790639612
3737	30.96957950107915
3738	30.953307276671637
3739	30.936933758021457
3740	30.92040382480091
3741	30.906764900019812
3742	30.89343210896321
3743	30.879285074177357
3744	30.865770400582672
3745	30.85119335455934
3746	30.8362558163559
3747	30.82238381441728
3748	30.805739692217678
3749	30.791676830400917
3750	30.777992233082884
3751	30.76341115180214
3752	30.74829303411857
3753	30.732473033169377
3754	30.717186570550314
3755	30.703433895754223
3756	30.688558599986905
3757	30.67234831562406
3758	30.659557414082432
3759	30.643373375774082
3760	30.626936456801964
3761	30.611365505269767
3762	30.596407373758737
3763	30.581697899856017
3764	30.56598016877239
3765	30.551407841154383
3766	30.535928899352424
3767	30.520463522755485
3768	30.50587026357939
3769	30.492111612924443
3770	30.47683200815397
3771	30.460543613603562
3772	30.44501853935748
3773	30.431443692054415
3774	30.41784669956653
3775	30.403837847483402
3776	30.387337592544153
3777	30.371850410393517
3778	30.356924477390056
3779	30.342255832337745
3780	30.329790171365406
3781	30.31526126831686
3782	30.300403433783178
3783	30.284843667131735
3784	30.26876477298992
3785	30.253331306002035
3786	30.238226624651517
3787	30.22096902294327
3788	30.207321913805725
3789	30.19424008151409
3790	30.180555840819242
3791	30.166232980766335
3792	30.15076619339194
3793	30.13509597740562
3794	30.119438485272045
3795	30.105447826541468
3796	30.090874151210272
3797	30.077181280022174
3798	30.063318422620554
3799	30.050083435636225
3800	30.035496502431982
3801	30.020196867352052
3802	30.005032637801836
3803	29.990018280322573
3804	29.97442955207214
3805	29.961339315726253
3806	29.94703422181953
3807	29.933967465432886
3808	29.921053200958184
3809	29.9085003417782
3810	29.895567531255068
3811	29.879401292894354
3812	29.864395135244695
3813	29.84833275099175
3814	29.83491571374006
3815	29.82050497462413
3816	29.804463989053627
3817	29.789805445651456
3818	29.776104711160354
3819	29.761179116780273
3820	29.748546184087584
3821	29.73480766836716
3822	29.718726943366164
3823	29.70444791860777
3824	29.68986309153308
3825	29.673817876770133
3826	29.658715682634124
3827	29.645584331384207
3828	29.632500853885375
3829	29.61760052171989
3830	29.60194067675131
3831	29.588201219004244
3832	29.574903852631525
3833	29.560235262439836
3834	29.544907196991776
3835	29.528485397453064
3836	29.513237523371153
3837	29.499936599989802
3838	29.48548240866125
3839	29.46996244916047
3840	29.455101111256024
3841	29.43938362430434
3842	29.427443827557475
3843	29.41435791680365
3844	29.39912607471649
3845	29.38462432273448
3846	29.37166175888854
3847	29.355484687810694
3848	29.33972634199521
3849	29.326011842554166
3850	29.310685112955245
3851	29.297352045991442
3852	29.28440955611113
3853	29.270648005143833
3854	29.25542009618271
3855	29.23960548831664
3856	29.22380543439585
3857	29.209170280660434
3858	29.195878748391294
3859	29.182213264448553
3860	29.168101352825904
3861	29.153110568558365
3862	29.137954970395228
3863	29.12589484837592
3864	29.111952796674398
3865	29.097090673324395
3866	29.08473349468621
3867	29.071963793784747
3868	29.05854697335027
3869	29.042846560210155
3870	29.02755421613155
3871	29.012170524141467
3872	28.995824334518993
3873	28.982364764336655
3874	28.969112067278523
3875	28.95617584558211
3876	28.941269182031743
3877	28.927833021902654
3878	28.91525421459297
3879	28.90156659814213
3880	28.8887072629518
3881	28.87521063017406
3882	28.862900512431636
3883	28.847750381908234
3884	28.832233156898372
3885	28.82015100614494
3886	28.806248182929494
3887	28.791837637805504
3888	28.775565074397193
3889	28.761826545522915
3890	28.747261240757698
3891	28.73445399215892
3892	28.72102395423504
3893	28.706737755309046
3894	28.692768804223075
3895	28.676951067586547
3896	28.662771615862056
3897	28.649298280237993
3898	28.63523459075261
3899	28.61976115894992
3900	28.60470603332661
3901	28.589807741907848
3902	28.574973424923645
3903	28.56165842245342
3904	28.547769388093947
3905	28.535080968439836
3906	28.521292120723583
3907	28.505064808292367
3908	28.491294652144994
3909	28.47765278447678
3910	28.464544739557482
3911	28.45085490718545
3912	28.437648821498193
3913	28.42554836839005
3914	28.412381547418832
3915	28.39745152490277
3916	28.384365553551376
3917	28.371373128103688
3918	28.35884614160906
3919	28.34548730072199
3920	28.33119862057461
3921	28.317134423530995
3922	28.303697717963203
3923	28.289182186009374
3924	28.274145532445147
3925	28.259578385859122
3926	28.245238869605117
3927	28.232970506778205
3928	28.21871974857796
3929	28.20458497927588
3930	28.19112097626725
3931	28.176379093986327
3932	28.163839986136207
3933	28.150823127762912
3934	28.13712182748514
3935	28.12382978601643
3936	28.10945463582873
3937	28.0956586625224
3938	28.08218437970355
3939	28.069060758863323
3940	28.05464490025418
3941	28.039966100515397
3942	28.02481395223274
3943	28.010358426277925
3944	27.993177430804984
3945	27.97811021132554
3946	27.963148514218535
3947	27.949830785342066
3948	27.936293074568656
3949	27.924427040333317
3950	27.913849536219892
3951	27.900629450755947
3952	27.886302587139575
3953	27.874155133709962
3954	27.860835617951057
3955	27.846971192882013
3956	27.833078292562654
3957	27.820832924994004
3958	27.805358096808206
3959	27.79133368877116
3960	27.778053308736318
3961	27.765823959218032
3962	27.75112202800365
3963	27.739003664271987
3964	27.72713827829689
3965	27.713766342587242
3966	27.69987723278877
3967	27.686438951361396
3968	27.673046162918133
3969	27.657270190154254
3970	27.642231911517733
3971	27.628712612453743
3972	27.614320431116738
3973	27.60035852441456
3974	27.587064989047285
3975	27.57549833004671
3976	27.561779457679453
3977	27.549516891497642
3978	27.53548507752957
3979	27.522040691140422
3980	27.50826559799378
3981	27.491348702858478
3982	27.4781720983486
3983	27.464619138354834
3984	27.451862723833415
3985	27.438403874035362
3986	27.425616238943412
3987	27.413402281827025
3988	27.40023129447302
3989	27.388387297847498
3990	27.375109878557677
3991	27.36095007784908
3992	27.34674234002007
3993	27.333334337572996
3994	27.32007495703379
3995	27.306488132531438
3996	27.293813670527843
3997	27.278408551237966
3998	27.266186083617686
3999	27.254636947978458
4000	27.24023001360811
4001	27.2267633017702
4002	27.21238166290961
4003	27.19968247399934
4004	27.185539192251035
4005	27.170593366418537
4006	27.15732379628421
4007	27.14377646675119
4008	27.13147932082123
4009	27.117162876018433
4010	27.10219957002603
4011	27.08768041849304
4012	27.073045756558976
4013	27.0599154371285
4014	27.04572317387156
4015	27.03267819543723
4016	27.020119470879376
4017	27.006700909240422
4018	26.99441682533112
4019	26.979984685728702
4020	26.964718751972935
4021	26.95083449878432
4022	26.937135777233806
4023	26.92292267136365
4024	26.9075839204901
4025	26.8959554462401
4026	26.883954527017224
4027	26.87340415571305
4028	26.859708279855443
4029	26.845604844351236
4030	26.832811688388468
4031	26.820190190815556
4032	26.808331067414944
4033	26.795086212966023
4034	26.782324700816897
4035	26.769252476238798
4036	26.755552162265033
4037	26.74256144073153
4038	26.729221399164327
4039	26.71739709514696
4040	26.703962742863467
4041	26.69221852590933
4042	26.677835238497927
4043	26.66495150986501
4044	26.651930584589138
4045	26.639823828406882
4046	26.62692855926914
4047	26.61346476385441
4048	26.60094239023119
4049	26.58876882865905
4050	26.576884400447927
4051	26.566002409652807
4052	26.55327054431442
4053	26.54010758766874
4054	26.525799544496035
4055	26.513458203302303
4056	26.500377803554734
4057	26.484811335061238
4058	26.471131582482688
4059	26.45847448035335
4060	26.44548314548287
4061	26.431890012550724
4062	26.41688542944474
4063	26.40354828273498
4064	26.389930094136208
4065	26.377528651910133
4066	26.362926737155195
4067	26.350400489871852
4068	26.336824452227194
4069	26.32417037610202
4070	26.31045509738294
4071	26.296852772830903
4072	26.284381605022084
4073	26.272277394045464
4074	26.26083581946606
4075	26.249772913224497
4076	26.23740915831256
4077	26.225068018113816
4078	26.212362244065503
4079	26.200136032236763
4080	26.187779729115647
4081	26.175436062915278
4082	26.16507247026827
4083	26.151776470629382
4084	26.138100197855728
4085	26.125120373799184
4086	26.110414109475435
4087	26.097721740863346
4088	26.08357186735944
4089	26.070581368138733
4090	26.05890119250525
4091	26.045206463974722
4092	26.030415447795203
4093	26.016944426300157
4094	26.00326486192314
4095	25.99009573944449
4096	25.977708835070736
4097	25.96519350284438
4098	25.94974540144171
4099	25.936097164000238
4100	25.92337706775712
4101	25.912041488834614
4102	25.897133273620135
4103	25.886061188424392
4104	25.87324141107519
4105	25.860786302678466
4106	25.845504318990514
4107	25.831671398919404
4108	25.818034642575466
4109	25.80387898894329
4110	25.792238919743493
4111	25.78037033856005
4112	25.769917136685716
4113	25.756373544845818
4114	25.743050189819808
4115	25.73216339283447
4116	25.719259953679405
4117	25.70727412965267
4118	25.694232368698696
4119	25.682290149636785
4120	25.670506466798926
4121	25.65938069012269
4122	25.64699794902721
4123	25.634564735130073
4124	25.62209982171788
4125	25.610466908609432
4126	25.597505093392524
4127	25.58563401532755
4128	25.57410397176689
4129	25.561841922181976
4130	25.548595403152873
4131	25.53622044578196
4132	25.52313529260574
4133	25.511478323613428
4134	25.49945902425962
4135	25.487218281563532
4136	25.475086564254386
4137	25.462335684863245
4138	25.448068679637174
4139	25.43571098057907
4140	25.424315067412735
4141	25.41182202854637
4142	25.39768414441121
4143	25.38291451122525
4144	25.371310045799795
4145	25.358869910433697
4146	25.347640123235383
4147	25.335877486435855
4148	25.324396427305025
4149	25.312154908916554
4150	25.298873256013465
4151	25.288438618378404
4152	25.273702978039932
4153	25.261106024085738
4154	25.24664625689579
4155	25.2334777709634
4156	25.22263618779269
4157	25.20974752495677
4158	25.195181054178185
4159	25.18267446509741
4160	25.17053071549471
4161	25.158854248133405
4162	25.147524780083042
4163	25.13564006354149
4164	25.122816012850596
4165	25.10979133009385
4166	25.09715422738916
4167	25.085329120000697
4168	25.0724772448179
4169	25.06065348479113
4170	25.04922003704056
4171	25.035919360260372
4172	25.022668212558273
4173	25.01063661527379
4174	24.997400052140108
4175	24.98478057477018
4176	24.971640201612058
4177	24.959555259155653
4178	24.946209491062255
4179	24.932516874804005
4180	24.917870247651724
4181	24.904920762502776
4182	24.89074591457523
4183	24.87860907059217
4184	24.86408453030484
4185	24.85076623080593
4186	24.84004853516564
4187	24.8288812413462
4188	24.81628974593856
4189	24.803961899876217
4190	24.790069024530386
4191	24.777052730346334
4192	24.764352450900336
4193	24.75433201220425
4194	24.742091604933478
4195	24.730993744797882
4196	24.71864977646249
4197	24.70556069460329
4198	24.6938768655474
4199	24.68056863863843
4200	24.667532275844966
4201	24.655911121521495
4202	24.643856883400705
4203	24.632185394685127
4204	24.617936002060762
4205	24.607000944457237
4206	24.594996360294836
4207	24.580495332292614
4208	24.568480552115062
4209	24.557053491960353
4210	24.54440623913183
4211	24.53244492527232
4212	24.521277176522158
4213	24.50981030181188
4214	24.49803181323236
4215	24.48716428012232
4216	24.475901580265372
4217	24.462226881456974
4218	24.45035943029568
4219	24.436417023427957
4220	24.424681723312943
4221	24.41405782646661
4222	24.403061668779586
4223	24.39155046616062
4224	24.379857771178692
4225	24.36753806631016
4226	24.35604611413588
4227	24.343147818141748
4228	24.329249953288013
4229	24.315846386846175
4230	24.30298305688765
4231	24.291907122636275
4232	24.279644915703678
4233	24.266488568309086
4234	24.254020203598714
4235	24.239105282417366
4236	24.225159499997048
4237	24.212382314524806
4238	24.201416374037482
4239	24.190432763030987
4240	24.17928442724089
4241	24.16783541079299
4242	24.156971279668895
4243	24.146349578244102
4244	24.13485863539605
4245	24.123458939371456
4246	24.109639909443917
4247	24.097153849153553
4248	24.08629706613699
4249	24.074049995414473
4250	24.063517870244155
4251	24.052337786628954
4252	24.03925474668693
4253	24.02650632771693
4254	24.014182189220445
4255	24.0024886057219
4256	23.98998778134222
4257	23.97609229703065
4258	23.964250595268226
4259	23.95329166273187
4260	23.940955214761775
4261	23.928979824203818
4262	23.91468531383922
4263	23.90158939315139
4264	23.88861092630557
4265	23.87661429244133
4266	23.86381527293326
4267	23.85283159075558
4268	23.84158869434892
4269	23.828514401854726
4270	23.816581476664535
4271	23.805483052715097
4272	23.794269246684504
4273	23.78211292157093
4274	23.77113368822892
4275	23.759172541361302
4276	23.74833313206663
4277	23.738550663514378
4278	23.726140475953983
4279	23.714468296127563
4280	23.701764492938302
4281	23.68930390976787
4282	23.678343172370163
4283	23.663314681432176
4284	23.65146431527589
4285	23.6396240714352
4286	23.62968571629832
4287	23.61817809071631
4288	23.606132386420086
4289	23.593889444275987
4290	23.580133540691747
4291	23.56944303499806
4292	23.55722588385314
4293	23.545626695539024
4294	23.53216954118362
4295	23.519986126653357
4296	23.50733476343468
4297	23.49431232996081
4298	23.482865598483755
4299	23.4693886501195
4300	23.458608272787668
4301	23.446415234552784
4302	23.43433839517623
4303	23.423694439088386
4304	23.41400162068557
4305	23.40473320942108
4306	23.394710991132634
4307	23.384080907268764
4308	23.372699193522106
4309	23.360565442240638
4310	23.348225336485363
4311	23.335929201193746
4312	23.324069221542263
4313	23.312746137833763
4314	23.297829489004645
4315	23.286775541632892
4316	23.274890737262265
4317	23.260976880313972
4318	23.24902125129504
4319	23.236876788530058
4320	23.225265773037492
4321	23.213817908073633
4322	23.204468517140075
4323	23.194120672703466
4324	23.17926114259279
4325	23.168403411131738
4326	23.156304135770846
4327	23.14345242541645
4328	23.133614122181974
4329	23.123461415831823
4330	23.11293166938796
4331	23.100998900283205
4332	23.08917345091052
4333	23.077499624019918
4334	23.06619776302466
4335	23.054881228119417
4336	23.042783500060622
4337	23.031452243295156
4338	23.020564929932046
4339	23.00816866987823
4340	22.996214245940244
4341	22.984952616162502
4342	22.973358757279616
4343	22.962195553901157
4344	22.9503432182359
4345	22.938163156432807
4346	22.925502271839907
4347	22.91324356267475
4348	22.90248215407857
4349	22.891030684625683
4350	22.88066140790613
4351	22.868418817757085
4352	22.856697019861585
4353	22.84406957895118
4354	22.83241668124869
4355	22.82086853105312
4356	22.808586990724685
4357	22.795885628098407
4358	22.783975237019686
4359	22.77260199965717
4360	22.761487385418906
4361	22.750424932230835
4362	22.739048504557598
4363	22.72702284895768
4364	22.71802751619534
4365	22.70653458741145
4366	22.694957365549104
4367	22.68358311420024
4368	22.668511200787165
4369	22.655254128348354
4370	22.640727819743958
4371	22.62999489707467
4372	22.618544523404815
4373	22.6086244844779
4374	22.598542218183397
4375	22.586743623446974
4376	22.57515944978719
4377	22.56332059055429
4378	22.551269739598045
4379	22.540080692202544
4380	22.529602825127064
4381	22.516270498584017
4382	22.50442187904533
4383	22.491350190906683
4384	22.47976720087481
4385	22.468240928066994
4386	22.457180757661398
4387	22.445715712564645
4388	22.43349790643464
4389	22.423453774829188
4390	22.41147683434021
4391	22.3989652372686
4392	22.3857812389174
4393	22.37479244771035
4394	22.36393016180662
4395	22.353198257386932
4396	22.3407375554216
4397	22.329488724966716
4398	22.31800499430448
4399	22.307990586250085
4400	22.298609872597606
4401	22.288127640647854
4402	22.27780653726702
4403	22.269155785185124
4404	22.258532588992363
4405	22.248703571424734
4406	22.237351728791175
4407	22.226263033282688
4408	22.214641463328316
4409	22.203299652489296
4410	22.19061130543499
4411	22.178413223381906
4412	22.166657723925912
4413	22.15572832767236
4414	22.14230421769384
4415	22.13121553305407
4416	22.120068966968528
4417	22.10829874504404
4418	22.096409123958292
4419	22.084454488443484
4420	22.07456431894273
4421	22.062760549337618
4422	22.051532111283894
4423	22.039135747265725
4424	22.028401363075563
4425	22.015426576183504
4426	22.003899076815035
4427	21.99322029484945
4428	21.981183448370995
4429	21.97135473403126
4430	21.96176314709436
4431	21.94978753643167
4432	21.939163698944167
4433	21.927088457370104
4434	21.915524457525954
4435	21.90434617242589
4436	21.89453785827133
4437	21.88214676896018
4438	21.871269379556868
4439	21.85937052234169
4440	21.846446461265693
4441	21.834855080199386
4442	21.823406205798786
4443	21.812861136106832
4444	21.80311804243618
4445	21.79302638092725
4446	21.783731174792205
4447	21.773415876536102
4448	21.762221771737057
4449	21.750603000667088
4450	21.740000005325193
4451	21.728455637207777
4452	21.717122746952523
4453	21.705890218793343
4454	21.695266070978484
4455	21.683447911973953
4456	21.66877097880748
4457	21.65717668439262
4458	21.645081627185704
4459	21.632441653679095
4460	21.620856146838022
4461	21.609550746131884
4462	21.598225012152916
4463	21.5847916197424
4464	21.573863611746813
4465	21.563090610559065
4466	21.551963431039106
4467	21.539941754404577
4468	21.52922114188507
4469	21.51768584827482
4470	21.50766387865295
4471	21.497785081365514
4472	21.486792522613417
4473	21.476537708000347
4474	21.465822222997428
4475	21.456060306225357
4476	21.44571730798066
4477	21.43364120339593
4478	21.423388582953493
4479	21.411103296045432
4480	21.400481245893427
4481	21.3896417170632
4482	21.38013064407738
4483	21.37018025993449
4484	21.360605437564942
4485	21.350123085664613
4486	21.338964866787425
4487	21.329089920871162
4488	21.319770549514207
4489	21.309220337913576
4490	21.298030119608104
4491	21.286185753912385
4492	21.275089950448006
4493	21.263809505050332
4494	21.252709646609684
4495	21.24118237014008
4496	21.2292418558514
4497	21.218032702018952
4498	21.205633532248836
4499	21.1952450280438
4500	21.18297622700019
4501	21.17124851670335
4502	21.160737858460248
4503	21.151304823074486
4504	21.14006288694956
4505	21.129830592732482
4506	21.118955401450187
4507	21.10896610237071
4508	21.09883049720281
4509	21.08904215471412
4510	21.080924024667542
4511	21.07107237466731
4512	21.06048984626849
4513	21.05181435919411
4514	21.04107840776985
4515	21.029425617584117
4516	21.017074952928795
4517	21.006936832288414
4518	20.99700580993679
4519	20.987874892482342
4520	20.97733976219809
4521	20.966804828510252
4522	20.954489874348518
4523	20.942187357441757
4524	20.93146177652797
4525	20.92063974015366
4526	20.908333706435126
4527	20.898140983977143
4528	20.885191636551962
4529	20.873788209432256
4530	20.861985916502615
4531	20.84958987949397
4532	20.83915507718368
4533	20.829277437491104
4534	20.81942057965039
4535	20.809301365450235
4536	20.79845224431769
4537	20.787948250880465
4538	20.77771969797664
4539	20.768112755133952
4540	20.755376015847393
4541	20.742925888130742
4542	20.733531815781006
4543	20.72299531370168
4544	20.71140435409545
4545	20.700327849264404
4546	20.690742386658147
4547	20.67923837444428
4548	20.66896986862397
4549	20.658446127376724
4550	20.647337592414477
4551	20.636722523578314
4552	20.62694050465467
4553	20.618105661812123
4554	20.60833785860467
4555	20.59840795541778
4556	20.58839493741301
4557	20.575163020653584
4558	20.56458486847737
4559	20.553202060945562
4560	20.543327420105065
4561	20.532645826737696
4562	20.52209622493624
4563	20.510782063799915
4564	20.500312748676105
4565	20.489384978285095
4566	20.47977731048328
4567	20.469262517953727
4568	20.45957700594066
4569	20.448859208592204
4570	20.43806984840748
4571	20.427905107538148
4572	20.415192728459502
4573	20.405463119641073
4574	20.39574269498737
4575	20.386728556584096
4576	20.376335572967808
4577	20.36785145619944
4578	20.356971759937306
4579	20.347464751889
4580	20.338440092350915
4581	20.32825593487922
4582	20.318172066625976
4583	20.30690165561792
4584	20.29610962413083
4585	20.285422802788013
4586	20.275074625363292
4587	20.264332083813873
4588	20.25329044597567
4589	20.242826478920158
4590	20.232050902698628
4591	20.22268148379245
4592	20.211403548881403
4593	20.199004991083243
4594	20.187723494211028
4595	20.178330048294768
4596	20.16732366629821
4597	20.158267974315148
4598	20.14695715668813
4599	20.136416074696047
4600	20.125147789153864
4601	20.11277492853317
4602	20.101317452147264
4603	20.090284554507015
4604	20.079750365335315
4605	20.069069441969848
4606	20.058347736681014
4607	20.04799456589583
4608	20.035232477583513
4609	20.024358147200562
4610	20.014549957383945
4611	20.00510221870254
4612	19.995431665411363
4613	19.98574350813835
4614	19.97562779644705
4615	19.964132119844002
4616	19.95270999805238
4617	19.94035833844773
4618	19.9298501146007
4619	19.919525698067797
4620	19.909925798939295
4621	19.901580789702948
4622	19.89365125570458
4623	19.88318018252171
4624	19.87301450026159
4625	19.862931395540983
4626	19.851934912442456
4627	19.842579813876302
4628	19.8316103477762
4629	19.82200691953391
4630	19.812758958449688
4631	19.803211130267638
4632	19.794404565292776
4633	19.78407864874355
4634	19.774890821083908
4635	19.764383528918913
4636	19.75447661037306
4637	19.743612932149823
4638	19.733362878321675
4639	19.722483457722593
4640	19.71126983785872
4641	19.700212693206932
4642	19.68857707870456
4643	19.678741354034347
4644	19.67007421200298
4645	19.660010436490165
4646	19.649602888062887
4647	19.63952150522261
4648	19.627862588551505
4649	19.618436638317682
4650	19.60886481655831
4651	19.598268411893603
4652	19.58880912191047
4653	19.579134245275434
4654	19.567985020484226
4655	19.558800959275143
4656	19.549602041619455
4657	19.53969319082713
4658	19.530297698492056
4659	19.52008547688842
4660	19.510401652391387
4661	19.50026908491283
4662	19.488338333663663
4663	19.478495960544283
4664	19.467574656130907
4665	19.45573145519664
4666	19.443984969653428
4667	19.433898323794192
4668	19.425347801098827
4669	19.415860577699707
4670	19.40663593634856
4671	19.396371696674525
4672	19.386175717129632
4673	19.375402582607805
4674	19.36719158844124
4675	19.357154588832177
4676	19.34750986181109
4677	19.336935963114172
4678	19.32639223965952
4679	19.31684757174663
4680	19.306654501692286
4681	19.295562575494476
4682	19.287309446512012
4683	19.277179141277024
4684	19.267297175451255
4685	19.256463011895345
4686	19.247266484859395
4687	19.23795814846676
4688	19.2278190297874
4689	19.217400730584576
4690	19.208255047065787
4691	19.1992256792897
4692	19.189948135229592
4693	19.17814667626877
4694	19.16582429285655
4695	19.154779155720497
4696	19.143364474877778
4697	19.132407173185367
4698	19.123962565830556
4699	19.113846402512763
4700	19.104370160364095
4701	19.094166570582
4702	19.083248146724575
4703	19.07267476318193
4704	19.063466230002746
4705	19.05361543940084
4706	19.043305315529608
4707	19.03404421036657
4708	19.02334231633149
4709	19.012885366420424
4710	19.003403108096684
4711	18.994069615336638
4712	18.985180588157906
4713	18.974616292655092
4714	18.963818805964298
4715	18.95506608117705
4716	18.945030239652784
4717	18.932979834226
4718	18.922197445947425
4719	18.913091096595586
4720	18.90226351507261
4721	18.890747874136412
4722	18.882010242209365
4723	18.872252066497925
4724	18.863246913660763
4725	18.854106848875325
4726	18.843349204794105
4727	18.8348521523984
4728	18.826000801199413
4729	18.816085574602855
4730	18.805432700651508
4731	18.795126958552753
4732	18.785352729545014
4733	18.776066119080735
4734	18.76712827321943
4735	18.757960338196924
4736	18.747902456101396
4737	18.738762030295884
4738	18.729153756044663
4739	18.719544784905118
4740	18.70974417268059
4741	18.698839282364986
4742	18.68859257658162
4743	18.67660272039246
4744	18.666345013578198
4745	18.657044436580208
4746	18.647196993905453
4747	18.639156405970947
4748	18.62998990428592
4749	18.62169676072304
4750	18.612308846900703
4751	18.60246062469302
4752	18.59203834836065
4753	18.58218330749141
4754	18.571277372061587
4755	18.561271444574142
4756	18.550835324350654
4757	18.54071394569947
4758	18.528951435480163
4759	18.51946602963318
4760	18.50968604240716
4761	18.499653251249345
4762	18.48960276910355
4763	18.479872057643245
4764	18.470789570214876
4765	18.460304642041876
4766	18.450817103035217
4767	18.439337302155405
4768	18.42944602500719
4769	18.418064793410274
4770	18.408434095713954
4771	18.399674489818423
4772	18.39142069938624
4773	18.380386461160224
4774	18.370791253144336
4775	18.36011373007734
4776	18.350578726635252
4777	18.34103212300188
4778	18.331396326024244
4779	18.32163672361301
4780	18.310700727445713
4781	18.30150241274681
4782	18.291509254328957
4783	18.283021663797342
4784	18.273027435248054
4785	18.262841478785237
4786	18.254207815537246
4787	18.24419971134527
4788	18.23382623021712
4789	18.223566381960843
4790	18.213143099778623
4791	18.205032901979944
4792	18.19450340949338
4793	18.185379234104957
4794	18.177595633297706
4795	18.168692739664653
4796	18.15940229480692
4797	18.149816388451146
4798	18.138660973281144
4799	18.127973123356668
4800	18.118902981115
4801	18.110385855438835
4802	18.10063502183686
4803	18.090258392562006
4804	18.07916457074876
4805	18.069079418571977
4806	18.057702165879228
4807	18.046182735667568
4808	18.03791431158945
4809	18.02909022309999
4810	18.02149662790322
4811	18.013492595055958
4812	18.004446885731113
4813	17.99476164677682
4814	17.985051042258117
4815	17.976607015677857
4816	17.968051946760745
4817	17.957979860762496
4818	17.949502914854254
4819	17.93975824852756
4820	17.930843931094916
4821	17.921292858003582
4822	17.911880842327363
4823	17.90250011626859
4824	17.894044301492556
4825	17.8857679612152
4826	17.87596995708792
4827	17.864557874919203
4828	17.854578068307134
4829	17.843872466609596
4830	17.83514280425995
4831	17.82513090544276
4832	17.81435813279965
4833	17.803953857889322
4834	17.79382170843502
4835	17.78249258741143
4836	17.77308122704683
4837	17.76265520260266
4838	17.752315853187053
4839	17.744480564039144
4840	17.734688845134613
4841	17.724284781223016
4842	17.714601856566734
4843	17.704271273531283
4844	17.693398110104464
4845	17.684738200107827
4846	17.67566112533641
4847	17.664647803817555
4848	17.654001276571183
4849	17.643887595248618
4850	17.635036581631365
4851	17.62541759613734
4852	17.615912190350006
4853	17.605866213634123
4854	17.597466917175282
4855	17.589300249385207
4856	17.581351967161343
4857	17.5715733103456
4858	17.562786112372148
4859	17.553298613653258
4860	17.54273887453853
4861	17.531639176748037
4862	17.5220717979932
4863	17.51287439539133
4864	17.504237530753805
4865	17.49613838548676
4866	17.485082369648513
4867	17.474990382370372
4868	17.465968410871575
4869	17.456793714481844
4870	17.4495236478941
4871	17.4407505940201
4872	17.43305355359937
4873	17.424073384784162
4874	17.415316966043335
4875	17.405027180308448
4876	17.395865002704813
4877	17.387207179114707
4878	17.378736945098908
4879	17.36829393378034
4880	17.359301523612167
4881	17.350145667224872
4882	17.341328425682626
4883	17.332407407596897
4884	17.324041262616245
4885	17.31584331736549
4886	17.30489686670766
4887	17.29543646090421
4888	17.28433659984701
4889	17.27404618279782
4890	17.264031353616435
4891	17.253378915263642
4892	17.244250783162325
4893	17.23600491989488
4894	17.2256916361538
4895	17.21695349590014
4896	17.20862275216435
4897	17.19948803819692
4898	17.19094009393759
4899	17.182809938681235
4900	17.174999660604836
4901	17.165603447284607
4902	17.15587896254494
4903	17.14726458498803
4904	17.138279946386675
4905	17.127758864270906
4906	17.119093882758953
4907	17.10784340240714
4908	17.098070262469083
4909	17.089881962207116
4910	17.080427113318475
4911	17.070255075061766
4912	17.060717657063847
4913	17.051295039347302
4914	17.041851558120282
4915	17.03091121840544
4916	17.022788693216402
4917	17.013629019098026
4918	17.00452134261453
4919	16.99354245664834
4920	16.984282033928412
4921	16.975439227209097
4922	16.966057128855883
4923	16.956557671091062
4924	16.94882748142563
4925	16.941111487461473
4926	16.93195158125982
4927	16.923022158305816
4928	16.914304769759156
4929	16.905153740758145
4930	16.896170992747425
4931	16.88713498070167
4932	16.878433714971912
4933	16.867331435434316
4934	16.858129481327257
4935	16.849966423687086
4936	16.841693559552546
4937	16.83323983059334
4938	16.82396606003437
4939	16.814915125710545
4940	16.805480786771554
4941	16.79676298069909
4942	16.78683399561714
4943	16.77773373652919
4944	16.768192110633855
4945	16.757457288465467
4946	16.748225110691504
4947	16.737798620843062
4948	16.72697493346711
4949	16.717700294437364
4950	16.70875414110957
4951	16.698952975319127
4952	16.690807554202664
4953	16.681610607270457
4954	16.671746069538827
4955	16.662757709120356
4956	16.651585867700994
4957	16.643032851079564
4958	16.634084348040712
4959	16.62620380061293
4960	16.61636626792274
4961	16.60779170398418
4962	16.598428324747953
4963	16.587229455845772
4964	16.578422450957568
4965	16.56870533050968
4966	16.560214207944
4967	16.551384048264076
4968	16.542322419561252
4969	16.533587927371155
4970	16.524510834205444
4971	16.514437498472976
4972	16.505518936891054
4973	16.495812210065335
4974	16.486836848221746
4975	16.477734445592915
4976	16.468130437995768
4977	16.45901969640789
4978	16.450645731123657
4979	16.441552522487537
4980	16.43335407003123
4981	16.425417448728158
4982	16.41621720466288
4983	16.407164441879825
4984	16.39767086182119
4985	16.38740969601522
4986	16.378300796871702
4987	16.369371460563073
4988	16.36029405668924
4989	16.350641989063526
4990	16.342306135516278
4991	16.33451099659799
4992	16.327203494947
4993	16.319928481470654
4994	16.31311220578853
4995	16.30383910368402
4996	16.29435962613373
4997	16.285964333664687
4998	16.27721086829813
4999	16.269491047569254
5000	16.26010047931421
5001	16.251919057521963
5002	16.24307358153735
5003	16.23367305275611
5004	16.22313957671496
5005	16.214175262676847
5006	16.20538629592109
5007	16.19662630434879
5008	16.187791261642918
5009	16.1777349393388
5010	16.170282580797203
5011	16.160717593040875
5012	16.152112183644345
5013	16.143491329165926
5014	16.1345830209133
5015	16.125148531016578
5016	16.115066786631598
5017	16.10485527833581
5018	16.096621018697217
5019	16.088013049208758
5020	16.079480922743286
5021	16.06963333900086
5022	16.06029735246159
5023	16.051171948739338
5024	16.041422558910437
5025	16.031989361725046
5026	16.023676296925238
5027	16.01471082052778
5028	16.005185414108485
5029	15.99494151390231
5030	15.985299118150694
5031	15.976563992861262
5032	15.966103946915862
5033	15.958163797111942
5034	15.948931482393782
5035	15.939920925052078
5036	15.929918189267255
5037	15.921734230558792
5038	15.913244378261387
5039	15.904108312228152
5040	15.896458030901202
5041	15.887219981692155
5042	15.879190356774389
5043	15.871268740278719
5044	15.864258266098805
5045	15.856462255875305
5046	15.848052637521882
5047	15.840267650276248
5048	15.83110392615113
5049	15.824122922142275
5050	15.813993608388659
5051	15.80617317091138
5052	15.796814704612522
5053	15.788212583252252
5054	15.778989166860775
5055	15.770195217582057
5056	15.759641014623472
5057	15.750223067650676
5058	15.740997488516827
5059	15.732167681034914
5060	15.722203057338948
5061	15.712718102663155
5062	15.703644755051924
5063	15.695533591886035
5064	15.687582245512285
5065	15.680398754899095
5066	15.671526715687397
5067	15.663033505530613
5068	15.654981759946786
5069	15.64732268880195
5070	15.637627235564072
5071	15.628322709929405
5072	15.621618498555122
5073	15.61323400856195
5074	15.604437177750356
5075	15.594328887606851
5076	15.586199230399105
5077	15.576948288859956
5078	15.568493707620993
5079	15.559884100263748
5080	15.550436022084162
5081	15.540508964081818
5082	15.532055019821561
5083	15.523418520062283
5084	15.514562271967987
5085	15.506789034023061
5086	15.497673866949764
5087	15.489893538801844
5088	15.481574978755026
5089	15.47335408625061
5090	15.464924622399725
5091	15.45621309310316
5092	15.446012888370166
5093	15.436761877786909
5094	15.426600136016297
5095	15.416385929161502
5096	15.406098655328075
5097	15.397134745889257
5098	15.38752262035868
5099	15.378779601412159
5100	15.370114918312126
5101	15.361858224884838
5102	15.352887015461784
5103	15.344763986408806
5104	15.336610586681203
5105	15.327104377853555
5106	15.319369130962093
5107	15.309920543527385
5108	15.301304573274033
5109	15.29248686685899
5110	15.284236024959663
5111	15.274308707437479
5112	15.264863182755112
5113	15.255319970541278
5114	15.247513367969391
5115	15.237495523388048
5116	15.2294119543871
5117	15.221343485935508
5118	15.213408950111866
5119	15.206472491546716
5120	15.198201833070925
5121	15.189845836006898
5122	15.180889195266182
5123	15.171563246730042
5124	15.1615556009004
5125	15.152868933917095
5126	15.143051978603504
5127	15.134614485006523
5128	15.125854752426134
5129	15.116549236237695
5130	15.108382340124713
5131	15.097849471313998
5132	15.08937836314393
5133	15.082170088686613
5134	15.073516171311217
5135	15.06512059967565
5136	15.054980546843739
5137	15.046867682411996
5138	15.03758299381325
5139	15.02748981639811
5140	15.01918700943803
5141	15.009517849489448
5142	15.000259362464758
5143	14.992717960979252
5144	14.986411454129604
5145	14.978664696743149
5146	14.971644357899118
5147	14.96190314561146
5148	14.954000454499164
5149	14.943742338433653
5150	14.935137656539153
5151	14.925726996908624
5152	14.915915413340286
5153	14.907602189672943
5154	14.899541271702741
5155	14.891898050961057
5156	14.884739280509939
5157	14.874866674610868
5158	14.865883600505912
5159	14.857244252620061
5160	14.84903265484993
5161	14.841866271664594
5162	14.83346861678269
5163	14.82481979176307
5164	14.817642794805687
5165	14.809687137983868
5166	14.802356837125263
5167	14.794317042179841
5168	14.785205268944761
5169	14.776695576593903
5170	14.76802422373453
5171	14.759227224752399
5172	14.749887294847506
5173	14.74045962462707
5174	14.73260005096629
5175	14.724250397561251
5176	14.716145785467933
5177	14.70695660512163
5178	14.696884247112678
5179	14.687469852090132
5180	14.678376185251981
5181	14.670801388912304
5182	14.662773143799122
5183	14.653504654614528
5184	14.64489544775824
5185	14.635450562618164
5186	14.62733096834643
5187	14.617593068833829
5188	14.609985068670898
5189	14.601686232562617
5190	14.595484957904393
5191	14.586800617793262
5192	14.579335321937698
5193	14.571795928131538
5194	14.562941767736504
5195	14.55522124367674
5196	14.548356802572416
5197	14.538637558663739
5198	14.53179789008606
5199	14.523804417650199
5200	14.516183356548604
5201	14.506856207088036
5202	14.499033748340723
5203	14.490742578847
5204	14.48446741826971
5205	14.477318923005296
5206	14.4681986064941
5207	14.460090884731304
5208	14.452708666750507
5209	14.445259394379953
5210	14.437997987455972
5211	14.430493579710399
5212	14.421684569475872
5213	14.413374415633111
5214	14.405503306012896
5215	14.39684280686223
5216	14.387403464526908
5217	14.379701507976359
5218	14.371618196308724
5219	14.362274209534752
5220	14.353370970379313
5221	14.345273391593489
5222	14.335316559440386
5223	14.327710581142371
5224	14.318906333074413
5225	14.31161200517633
5226	14.303838438294148
5227	14.29623261390772
5228	14.287364040567166
5229	14.27833508252288
5230	14.268807523045826
5231	14.2601070062534
5232	14.250799564295868
5233	14.242923675179835
5234	14.234703302211193
5235	14.22642295103839
5236	14.217798609605705
5237	14.210188195998041
5238	14.202812091499045
5239	14.19465824626248
5240	14.188371893586462
5241	14.18147996190914
5242	14.175413598646184
5243	14.167297755197728
5244	14.158916178536991
5245	14.149788223399877
5246	14.140908024121677
5247	14.13296456368569
5248	14.124453589156582
5249	14.116166570711606
5250	14.108656422963387
5251	14.10084052060286
5252	14.092357828199585
5253	14.083697137202195
5254	14.075661415216203
5255	14.068500184582835
5256	14.061339995982431
5257	14.053594892570342
5258	14.04600614106734
5259	14.035849658993014
5260	14.02744277126356
5261	14.018920510801605
5262	14.011818438164283
5263	14.003543583228987
5264	13.99564742351652
5265	13.988354414824283
5266	13.980257028353718
5267	13.969886824108043
5268	13.962451062333026
5269	13.95441109289359
5270	13.945713433371617
5271	13.938198323716525
5272	13.930130445607887
5273	13.922784876496335
5274	13.916460943142692
5275	13.90872661567723
5276	13.900418249057518
5277	13.893314828256697
5278	13.886067729680573
5279	13.87804189119343
5280	13.870630549645853
5281	13.861497073926225
5282	13.852288144244037
5283	13.843903072290423
5284	13.833996901211924
5285	13.825783079788438
5286	13.818184081047058
5287	13.810789688238723
5288	13.800756825016451
5289	13.792519142542616
5290	13.785534849311464
5291	13.775836820056632
5292	13.768646434151425
5293	13.760786259567652
5294	13.75177034560105
5295	13.743773962512408
5296	13.736048713078866
5297	13.72858139408484
5298	13.721424807977405
5299	13.713266589780199
5300	13.705370629028225
5301	13.697910183370757
5302	13.690590552261229
5303	13.68240055186622
5304	13.674764526869387
5305	13.666737064485295
5306	13.657808799647361
5307	13.649224243398887
5308	13.641949818779057
5309	13.63445498186381
5310	13.627014184320705
5311	13.618865316356082
5312	13.611313168600429
5313	13.601735362768343
5314	13.594464117314157
5315	13.586573605168173
5316	13.578092041122213
5317	13.571051665717855
5318	13.563665033759804
5319	13.556328575854298
5320	13.548396390073002
5321	13.540748418860407
5322	13.53375725771879
5323	13.52591139759059
5324	13.516973466959577
5325	13.507770774178576
5326	13.49970040714391
5327	13.492072186189255
5328	13.482706524589265
5329	13.47403345682145
5330	13.465839894968195
5331	13.458076341909274
5332	13.450953368216693
5333	13.443919953615778
5334	13.437366906878328
5335	13.428735521273023
5336	13.420984212440096
5337	13.413717205009986
5338	13.405276121876552
5339	13.396340848260404
5340	13.386931461884961
5341	13.378807669061164
5342	13.371648864925275
5343	13.363338051482346
5344	13.35418423993876
5345	13.345957333428624
5346	13.338163311493018
5347	13.330284887676987
5348	13.321693670994776
5349	13.314317314461146
5350	13.306773937447879
5351	13.297944926077783
5352	13.28900359241765
5353	13.2825710511206
5354	13.274620719792683
5355	13.266289674311164
5356	13.257966783978018
5357	13.249217719633716
5358	13.240006896725651
5359	13.23217711640186
5360	13.224757118156102
5361	13.217548678431584
5362	13.2096618649346
5363	13.202578582125415
5364	13.193951771441984
5365	13.185249942385887
5366	13.176620163535075
5367	13.169434214876473
5368	13.162514235513504
5369	13.15483051775543
5370	13.147705543787305
5371	13.137822575119976
5372	13.128811368820715
5373	13.121371977826568
5374	13.114387248147493
5375	13.105716689470338
5376	13.097971714366558
5377	13.091453748418816
5378	13.084271184635837
5379	13.076794075745969
5380	13.070592602384991
5381	13.06247457953127
5382	13.052569896309208
5383	13.042710947389644
5384	13.03327506549925
5385	13.02507994054645
5386	13.01635237974592
5387	13.008045172668135
5388	13.000988569818743
5389	12.99387256922613
5390	12.986764714280373
5391	12.979429810860712
5392	12.970908639889123
5393	12.96327669188071
5394	12.955278502776453
5395	12.948567499023456
5396	12.941718530471976
5397	12.934387936639254
5398	12.928097914525221
5399	12.920272678479641
5400	12.912653209079927
5401	12.905121192059456
5402	12.896750609384307
5403	12.88820435846135
5404	12.880371980255832
5405	12.872834733969004
5406	12.865988085311152
5407	12.856327378347435
5408	12.849046468119068
5409	12.840442008190509
5410	12.829463386937862
5411	12.821742134164607
5412	12.81485244879619
5413	12.8074269564324
5414	12.800356750781836
5415	12.79098400614135
5416	12.782916910923188
5417	12.77528614123243
5418	12.768041126689925
5419	12.76064194952161
5420	12.75204249563824
5421	12.74523781051415
5422	12.739243562079466
5423	12.731344337335852
5424	12.724194996002966
5425	12.71804306593227
5426	12.71143829624037
5427	12.702600725607788
5428	12.694033462321139
5429	12.68687115560813
5430	12.678732673533952
5431	12.67144666022665
5432	12.662123829914828
5433	12.655029986615133
5434	12.6458030777051
5435	12.637807811372264
5436	12.629813162814983
5437	12.623491071479668
5438	12.616433311042508
5439	12.609040773532922
5440	12.602144826545096
5441	12.595937834422593
5442	12.588282310093824
5443	12.579739483278626
5444	12.572252321704553
5445	12.564789115318248
5446	12.555711330436825
5447	12.5485334110625
5448	12.539441850294864
5449	12.53213988897315
5450	12.524173001486638
5451	12.517585627214737
5452	12.510067158175673
5453	12.502584829584013
5454	12.494933849766474
5455	12.486341794970892
5456	12.479847890046592
5457	12.471309417130676
5458	12.46270279642126
5459	12.455806844382948
5460	12.449209983948135
5461	12.441334266048944
5462	12.433734510584117
5463	12.425471015373855
5464	12.417488516505603
5465	12.409217991374883
5466	12.40143519059398
5467	12.394019409343151
5468	12.386851475841226
5469	12.378800751114671
5470	12.371317656936846
5471	12.36394133619972
5472	12.356545888433512
5473	12.348781445037826
5474	12.341646968751105
5475	12.334847414845036
5476	12.327224042207712
5477	12.320013235314418
5478	12.311982055496859
5479	12.305385232137251
5480	12.297362664561014
5481	12.290098367690627
5482	12.281090028169485
5483	12.274015176620027
5484	12.26558281501054
5485	12.258543328954675
5486	12.250725240024561
5487	12.242588744312235
5488	12.235261734580805
5489	12.226971537604147
5490	12.219993141329567
5491	12.21320590587569
5492	12.204765367469536
5493	12.196194131182168
5494	12.18902835536656
5495	12.180763432961777
5496	12.174599069140038
5497	12.168205273756138
5498	12.159962853560229
5499	12.153006708879278
5500	12.146038138004839
5501	12.138654688819495
5502	12.130439723079629
5503	12.121960220374435
5504	12.115199716404202
5505	12.106352636813163
5506	12.099620620399193
5507	12.093204467893067
5508	12.086239295117378
5509	12.07824630773841
5510	12.070845137992904
5511	12.063395749914147
5512	12.056013813832344
5513	12.048449590190208
5514	12.040625283436215
5515	12.032377035020474
5516	12.025518095182727
5517	12.018945048556752
5518	12.012490857224444
5519	12.005475330898907
5520	11.99900608276149
5521	11.992825306954597
5522	11.98504642868887
5523	11.976891499411586
5524	11.96937644105543
5525	11.961990113114751
5526	11.955091142766126
5527	11.947339822974447
5528	11.938826930977614
5529	11.93004616776875
5530	11.921851388400563
5531	11.914852657746936
5532	11.906387851593482
5533	11.898153309119278
5534	11.891682783268124
5535	11.884846828398672
5536	11.877860672657686
5537	11.87052126084983
5538	11.86382052420824
5539	11.856395307881963
5540	11.84835275211586
5541	11.84123337027792
5542	11.832603369288835
5543	11.826424386869581
5544	11.82022632497725
5545	11.81201645270816
5546	11.805039494826872
5547	11.798440662284358
5548	11.791362781051072
5549	11.783952509463095
5550	11.777850548065798
5551	11.77125278402774
5552	11.764302102856984
5553	11.7578635828092
5554	11.750616422268818
5555	11.742882258770104
5556	11.734379069031535
5557	11.726355696782251
5558	11.718620293276446
5559	11.709891512203814
5560	11.703145038564509
5561	11.695141826116386
5562	11.688827173633697
5563	11.681941698692755
5564	11.674155415809752
5565	11.66611588846673
5566	11.656761114023485
5567	11.647873526731683
5568	11.640204592473829
5569	11.632762158562928
5570	11.624594741711656
5571	11.617358307656586
5572	11.611072909553837
5573	11.604330874756158
5574	11.596385613454611
5575	11.589029432015254
5576	11.58214838540755
5577	11.575217609341168
5578	11.568066451672648
5579	11.560555360209282
5580	11.55296302230437
5581	11.545572947629571
5582	11.538406352142498
5583	11.530567801264462
5584	11.523667705882318
5585	11.516957862383281
5586	11.509208063199912
5587	11.502584031184984
5588	11.495943892201073
5589	11.48923121866878
5590	11.482101295505345
5591	11.473779719620982
5592	11.46679144167307
5593	11.45876289911866
5594	11.451787837159724
5595	11.445213163078007
5596	11.439312432339303
5597	11.433250498283627
5598	11.42569772276445
5599	11.419814078310475
5600	11.412246495757394
5601	11.40572723840924
5602	11.399729924192526
5603	11.392441165170432
5604	11.385567718907131
5605	11.378502724400136
5606	11.371888629445204
5607	11.365265529635336
5608	11.358834134307532
5609	11.351284828818228
5610	11.345637302420718
5611	11.339278281323601
5612	11.331446613639534
5613	11.323946035862907
5614	11.316797159591692
5615	11.308484399438745
5616	11.299796025270592
5617	11.292374288229468
5618	11.285210139551399
5619	11.278569285799184
5620	11.26987780503545
5621	11.26183559868134
5622	11.253627667482425
5623	11.2454586339123
5624	11.236527952013239
5625	11.229600679856466
5626	11.22193268695394
5627	11.215363109446294
5628	11.208847828019653
5629	11.202034128169764
5630	11.19398471058794
5631	11.18515023447441
5632	11.177081093767681
5633	11.169917623448983
5634	11.163239344068257
5635	11.15655976907265
5636	11.150246637336824
5637	11.143608336357634
5638	11.138014801615281
5639	11.13120072243638
5640	11.123823621999453
5641	11.116095053881857
5642	11.10820660652955
5643	11.100980500722475
5644	11.093276792647476
5645	11.085552881773564
5646	11.078840177086839
5647	11.0713376999946
5648	11.063562645491846
5649	11.056376213497877
5650	11.049710131064666
5651	11.0417717792925
5652	11.03347828145909
5653	11.02617442664939
5654	11.017842178933913
5655	11.011021174176552
5656	11.003821299574886
5657	10.996626836457665
5658	10.99086351932228
5659	10.98475972452117
5660	10.978404432907896
5661	10.97139096810176
5662	10.964567906150059
5663	10.958400917513623
5664	10.951992250284425
5665	10.944009283446615
5666	10.93729131209456
5667	10.928725218766004
5668	10.921961052234598
5669	10.915389002461257
5670	10.908564937219367
5671	10.902371629005938
5672	10.895754934315429
5673	10.888250205471
5674	10.881317901346195
5675	10.872535438658803
5676	10.864240499061983
5677	10.85724832214187
5678	10.8499165858864
5679	10.842449207852383
5680	10.835105127722635
5681	10.828313684122037
5682	10.821903993179241
5683	10.815436047289248
5684	10.80996721869186
5685	10.804025826976519
5686	10.79786284950431
5687	10.790236737885456
5688	10.784298454860892
5689	10.776528374114132
5690	10.769401267046163
5691	10.761355173900514
5692	10.753644768833812
5693	10.746469644212466
5694	10.739083614627951
5695	10.731118883799045
5696	10.723465233654892
5697	10.714864472410696
5698	10.706349870045662
5699	10.699643998528005
5700	10.691836112720097
5701	10.684433597529862
5702	10.677675393824211
5703	10.67023047469273
5704	10.661965904801981
5705	10.655028220739831
5706	10.648312688985694
5707	10.640926326141726
5708	10.634069984325482
5709	10.627510569786486
5710	10.621420179793402
5711	10.615139991144645
5712	10.608035314949365
5713	10.599686910388218
5714	10.592712138952562
5715	10.58563584933835
5716	10.580129495647919
5717	10.573008993509626
5718	10.567010717973774
5719	10.560930699053253
5720	10.553202312715788
5721	10.546084113317368
5722	10.537356856886985
5723	10.530814955746656
5724	10.524590271912224
5725	10.518483572298173
5726	10.512343476751262
5727	10.505440002833115
5728	10.499246378472535
5729	10.491448907194613
5730	10.485059677678317
5731	10.477114053967242
5732	10.470133160619113
5733	10.46392994367693
5734	10.455929449546945
5735	10.44785207699788
5736	10.441012566062264
5737	10.43260778250528
5738	10.425644016220234
5739	10.418394315008614
5740	10.411759856282318
5741	10.405073848574204
5742	10.399190637728976
5743	10.392962259540983
5744	10.386285349856843
5745	10.379552033202417
5746	10.372479753478128
5747	10.365905352537677
5748	10.358219409887898
5749	10.350317002530668
5750	10.34159978795101
5751	10.332767629046439
5752	10.325623835162444
5753	10.319267591880333
5754	10.312490420563574
5755	10.305064171332676
5756	10.29904876975252
5757	10.292545906518246
5758	10.2860643651663
5759	10.278993269147046
5760	10.272951304283936
5761	10.266814274249395
5762	10.261480471305633
5763	10.255396766073071
5764	10.249670393214041
5765	10.243282516948092
5766	10.23679197839786
5767	10.230018901064197
5768	10.221457245722933
5769	10.213089919623018
5770	10.20514900872443
5771	10.198534882839574
5772	10.191957478495596
5773	10.184697017342238
5774	10.178697387796964
5775	10.170651413711465
5776	10.162796015888576
5777	10.156797834284074
5778	10.150868111601229
5779	10.144746918505112
5780	10.138884908508457
5781	10.133115738494574
5782	10.125889822612809
5783	10.120172738833144
5784	10.112806033584604
5785	10.105480090810527
5786	10.098739723563519
5787	10.09138344696483
5788	10.085077655156027
5789	10.078737021104086
5790	10.071788177393637
5791	10.063787330223754
5792	10.05796918618401
5793	10.050571395443257
5794	10.043106419265634
5795	10.036217244051679
5796	10.028572949640477
5797	10.02232644443519
5798	10.015667475817578
5799	10.009417395216522
5800	10.002377555172588
5801	9.995198184813114
5802	9.988374921953502
5803	9.980592788606288
5804	9.971763928227125
5805	9.963418247496852
5806	9.955371829071533
5807	9.947226001746163
5808	9.9410043619229
5809	9.93460936041343
5810	9.92769797242017
5811	9.920431002327275
5812	9.912777742879852
5813	9.90657014635419
5814	9.89973516842612
5815	9.892380161478513
5816	9.884803529445028
5817	9.878966569761372
5818	9.872542501477449
5819	9.866348520020239
5820	9.859256843243218
5821	9.85345664749863
5822	9.846412054612282
5823	9.83938686982356
5824	9.832877608207749
5825	9.827038387462576
5826	9.820575098076427
5827	9.813720336202765
5828	9.805982986669052
5829	9.798936823093277
5830	9.792102991767777
5831	9.785688393412828
5832	9.778668224821969
5833	9.771631193420683
5834	9.76553050117394
5835	9.759302465906218
5836	9.752847286766213
5837	9.745690000053763
5838	9.73811719390286
5839	9.729460937603609
5840	9.720508646187701
5841	9.714477478962916
5842	9.707164999185157
5843	9.700073063111427
5844	9.693370943825482
5845	9.687873769473711
5846	9.682364073922324
5847	9.676884656598729
5848	9.671647391224626
5849	9.665041806178978
5850	9.658478849827647
5851	9.652557781598096
5852	9.646698077889422
5853	9.641021670377217
5854	9.63487538672306
5855	9.629526444689962
5856	9.62251364292548
5857	9.616253315169619
5858	9.609347892166626
5859	9.60320007672134
5860	9.596614307943648
5861	9.58886961492939
5862	9.58357342662003
5863	9.577042907080626
5864	9.5704232657951
5865	9.56433855913144
5866	9.558141478493262
5867	9.550589019778583
5868	9.544333304352708
5869	9.538007328768838
5870	9.531085491834048
5871	9.524912312424943
5872	9.517590091107753
5873	9.510910377134513
5874	9.504851505698946
5875	9.498651354473143
5876	9.49140234419632
5877	9.485630407290632
5878	9.478336657283247
5879	9.471614105346491
5880	9.465593723181636
5881	9.459452468809602
5882	9.453561033422464
5883	9.446860785067779
5884	9.441458177080964
5885	9.434904909659075
5886	9.428882048735266
5887	9.422642754291127
5888	9.416117129176488
5889	9.4089611293393
5890	9.401055120505994
5891	9.39620152865413
5892	9.389825398154159
5893	9.383277905808223
5894	9.376667728465023
5895	9.370927185383236
5896	9.36313108745732
5897	9.356300183322043
5898	9.350203712838567
5899	9.34426804647029
5900	9.338116421612801
5901	9.33139463856758
5902	9.3242252874718
5903	9.317219953503825
5904	9.308803568398021
5905	9.301202837656556
5906	9.29327415035053
5907	9.286685328886929
5908	9.27977258121413
5909	9.273020893639881
5910	9.264958656997464
5911	9.259685125970408
5912	9.254469893213772
5913	9.247524711993764
5914	9.241211311505204
5915	9.234248181014195
5916	9.228949030767255
5917	9.22229230508761
5918	9.216000569507516
5919	9.209643838080428
5920	9.202966460304404
5921	9.197362367037847
5922	9.18936400682668
5923	9.182574644512526
5924	9.176998622992715
5925	9.170845881531847
5926	9.164155932334324
5927	9.158072067535592
5928	9.152923131188357
5929	9.145465528327126
5930	9.138004136808132
5931	9.13086089078364
5932	9.123869051154491
5933	9.116898503317474
5934	9.109720109453464
5935	9.103813552225203
5936	9.097126657888127
5937	9.0900458337322
5938	9.082800128197128
5939	9.076161350566021
5940	9.068944401349999
5941	9.063319016137903
5942	9.056594072660467
5943	9.050375031860787
5944	9.045133207847947
5945	9.038258820862552
5946	9.032337132851604
5947	9.02675832142718
5948	9.021590700491503
5949	9.015223911343027
5950	9.009552441607083
5951	9.002562123131492
5952	8.995312298778144
5953	8.98949152178852
5954	8.983798842302708
5955	8.978233541636051
5956	8.971422354048173
5957	8.966115156266829
5958	8.95901198915926
5959	8.953059121817676
5960	8.946990101499718
5961	8.940647968764342
5962	8.934506437497278
5963	8.926392971560265
5964	8.919692281619657
5965	8.91303607622332
5966	8.90689859376373
5967	8.901008688726115
5968	8.893282511055196
5969	8.88506343794864
5970	8.876871633568644
5971	8.8701412030159
5972	8.863669873109039
5973	8.856183803731037
5974	8.849632971264677
5975	8.842453206187336
5976	8.836286800219254
5977	8.829780836753725
5978	8.823726369050892
5979	8.817985075883168
5980	8.812271168363718
5981	8.806453260552706
5982	8.800415935141714
5983	8.794555506025466
5984	8.788980759491153
5985	8.782257795198424
5986	8.776425993312722
5987	8.76943710377361
5988	8.76358081178975
5989	8.75806608272201
5990	8.752725496593987
5991	8.748013482228114
5992	8.741920166228645
5993	8.735686470687067
5994	8.72997512489025
5995	8.7240945797665
5996	8.7184878881879
5997	8.710436984797642
5998	8.70400259693517
5999	8.697932091978295
6000	8.692813756359605
6001	8.685952056753836
6002	8.679160211264511
6003	8.672772083026238
6004	8.665572707631652
6005	8.660189765545079
6006	8.652794033804195
6007	8.647303612319247
6008	8.64062204219755
6009	8.632849133758866
6010	8.62591801939651
6011	8.619919705745968
6012	8.613584792600484
6013	8.607980093225923
6014	8.601607561621268
6015	8.595688384758725
6016	8.58932353517992
6017	8.582741176403951
6018	8.575633227607431
6019	8.56892844164874
6020	8.563572352639808
6021	8.557580849389995
6022	8.551971904688386
6023	8.544775712296392
6024	8.537304720947857
6025	8.53082928259778
6026	8.522964606334007
6027	8.514904637699907
6028	8.508779179207059
6029	8.501390072703964
6030	8.495572973961897
6031	8.48910347207217
6032	8.483148493379488
6033	8.476631161531142
6034	8.469948584710218
6035	8.464077540189841
6036	8.45811285478799
6037	8.4507463302382
6038	8.4442619900508
6039	8.437156525709792
6040	8.431313871344818
6041	8.424969217182507
6042	8.419218931527247
6043	8.413896865826457
6044	8.408798981421976
6045	8.403257168077861
6046	8.398890957233593
6047	8.394182873685178
6048	8.387988414557297
6049	8.381552853782981
6050	8.374048600091307
6051	8.367312097100212
6052	8.36027245184943
6053	8.353652999716008
6054	8.34662688431706
6055	8.341130749384073
6056	8.335249145790991
6057	8.329657102846832
6058	8.323708947367894
6059	8.31775842607238
6060	8.311311224340786
6061	8.304982412657
6062	8.29924934833208
6063	8.293454081552039
6064	8.288561224787973
6065	8.282633943073522
6066	8.275657109811524
6067	8.269379460400284
6068	8.263313393891744
6069	8.257785183470224
6070	8.251977344323313
6071	8.246858079363266
6072	8.240827386864265
6073	8.234102224255597
6074	8.227193612076675
6075	8.219867356669633
6076	8.213051557530404
6077	8.204264434140864
6078	8.196688182193173
6079	8.189237913598449
6080	8.182154260579651
6081	8.176086944918582
6082	8.170503298488164
6083	8.163475030079233
6084	8.157640004872293
6085	8.151878668708248
6086	8.145874072356621
6087	8.140879230064712
6088	8.134182058946205
6089	8.127095829202323
6090	8.121826844534313
6091	8.116574401169675
6092	8.110979670593215
6093	8.104031017569884
6094	8.097725163994058
6095	8.092295894133867
6096	8.08637073650077
6097	8.081086110740902
6098	8.07445023165928
6099	8.06850469464145
6100	8.063045621530435
6101	8.057424475124582
6102	8.050782911467675
6103	8.044966840284808
6104	8.03870411015919
6105	8.032719155414439
6106	8.02781589437709
6107	8.022050411555211
6108	8.015906299435569
6109	8.00912504326818
6110	8.002955053337262
6111	7.997898692532722
6112	7.991622656084693
6113	7.98584772611154
6114	7.9803236010894105
6115	7.974597828932102
6116	7.967255683557618
6117	7.96131211738709
6118	7.955831722885752
6119	7.9506355592549465
6120	7.944291077882358
6121	7.938967397960102
6122	7.933299706264248
6123	7.927925748384954
6124	7.921897745082852
6125	7.915323958834867
6126	7.909086797873053
6127	7.901538880790047
6128	7.896084252257717
6129	7.8906295834193125
6130	7.883407283585931
6131	7.876617807377212
6132	7.870311605232834
6133	7.864308234915264
6134	7.8591775419561545
6135	7.85216465149803
6136	7.846192943851297
6137	7.8395998762428265
6138	7.832338753759225
6139	7.825630854341015
6140	7.818954038316399
6141	7.812912591396898
6142	7.806101891990364
6143	7.798596138777637
6144	7.792866923978984
6145	7.788022181815874
6146	7.782553864776896
6147	7.777914935121585
6148	7.772791761227461
6149	7.767057295430082
6150	7.7616265644983695
6151	7.756163540489917
6152	7.7505628356865675
6153	7.745233489017617
6154	7.739190165063659
6155	7.732909198999587
6156	7.727763899393504
6157	7.723007541408797
6158	7.717806300848212
6159	7.711498204766334
6160	7.70567568410538
6161	7.700587763306211
6162	7.694453575236885
6163	7.689762026049533
6164	7.68458320628177
6165	7.679056554723253
6166	7.672742229220492
6167	7.665531565989563
6168	7.659303379342158
6169	7.6534571488253
6170	7.648739688925147
6171	7.642520366390483
6172	7.63735222981881
6173	7.6303514930491785
6174	7.623979206981556
6175	7.6175458041979605
6176	7.61219704756232
6177	7.6060512371121805
6178	7.6006639243295915
6179	7.594277909452962
6180	7.587662523926027
6181	7.579819481053817
6182	7.57295174628142
6183	7.566012777471722
6184	7.559387032002646
6185	7.553951366023827
6186	7.547715702788458
6187	7.541391750474883
6188	7.536288486904913
6189	7.531071419907148
6190	7.526008769516434
6191	7.520933991244413
6192	7.5163458805243275
6193	7.510976340749786
6194	7.505290500738085
6195	7.500004271535738
6196	7.494654754410435
6197	7.489188059245269
6198	7.483543829396398
6199	7.477470233524431
6200	7.471881898926388
6201	7.465207951580447
6202	7.458176509570457
6203	7.452081836967471
6204	7.446154633795009
6205	7.438183918785309
6206	7.430591916248159
6207	7.425129948343685
6208	7.4183153954633
6209	7.412568071460546
6210	7.406785680220301
6211	7.401597305437096
6212	7.39678729735664
6213	7.391348007508248
6214	7.385634789151926
6215	7.379729679834939
6216	7.373114770133543
6217	7.366782480792371
6218	7.3610232775898305
6219	7.355815367344726
6220	7.349068861651057
6221	7.343771672464494
6222	7.337301794971662
6223	7.330409524756361
6224	7.323478308366059
6225	7.318421696412894
6226	7.312749904881983
6227	7.3066769803667455
6228	7.30084366555592
6229	7.295046164490273
6230	7.289544351136648
6231	7.283641139006742
6232	7.276903795538471
6233	7.2723446884641465
6234	7.266086914266302
6235	7.260155618504918
6236	7.254243884722298
6237	7.248235596820886
6238	7.241920499754806
6239	7.237208908601665
6240	7.231484184557947
6241	7.226181500080198
6242	7.219996629084008
6243	7.214952884405264
6244	7.209700936843024
6245	7.203896034774253
6246	7.1982270301190105
6247	7.192468237515681
6248	7.186673913768852
6249	7.179801984578063
6250	7.173904362716938
6251	7.169061393695664
6252	7.163267540211591
6253	7.157412585963347
6254	7.152958772347173
6255	7.1481034728605275
6256	7.14221991638422
6257	7.136792416369516
6258	7.131910488520655
6259	7.126196147386406
6260	7.12058003662324
6261	7.115283102659056
6262	7.109531791258279
6263	7.103672903735435
6264	7.097505860326704
6265	7.091959389810412
6266	7.085752388787376
6267	7.080133549723516
6268	7.073924977824384
6269	7.067099011247748
6270	7.060976591575043
6271	7.055533513702934
6272	7.048533924445835
6273	7.042421510414367
6274	7.036412386613101
6275	7.030814934100427
6276	7.024332758760616
6277	7.0182863041055015
6278	7.01233319557318
6279	7.006202020136954
6280	7.001260179757499
6281	6.996436074484432
6282	6.989535959733394
6283	6.982803482624853
6284	6.9765293004817535
6285	6.971089093725333
6286	6.964782164546921
6287	6.95956167660115
6288	6.952910121380811
6289	6.947301721427194
6290	6.941567665020817
6291	6.9370602464561655
6292	6.93256104386075
6293	6.928343527584824
6294	6.92360440559926
6295	6.917820199093405
6296	6.911675124866861
6297	6.906741163821926
6298	6.899898182069572
6299	6.894897506752077
6300	6.889426395948692
6301	6.883597531623772
6302	6.878037206172644
6303	6.872620994001465
6304	6.8656972042167626
6305	6.860419305667831
6306	6.854766204162315
6307	6.849632575225329
6308	6.844846040190027
6309	6.839244827182261
6310	6.833549178379508
6311	6.827753769322816
6312	6.822050261796727
6313	6.816982475068044
6314	6.811258544318786
6315	6.806213029330951
6316	6.801382095793933
6317	6.797104209009847
6318	6.792427674457633
6319	6.7866871955278265
6320	6.781544315581491
6321	6.775946539584595
6322	6.7699233296238965
6323	6.763385310456691
6324	6.757457129396336
6325	6.7522429140346585
6326	6.747343793599028
6327	6.742146621339638
6328	6.737055315716364
6329	6.731598893386362
6330	6.725336768404008
6331	6.720699781023591
6332	6.715690058608897
6333	6.711443627032175
6334	6.705580271272079
6335	6.699491742314821
6336	6.6935199689045675
6337	6.687763562272467
6338	6.682409151774976
6339	6.676274373001988
6340	6.670674432715665
6341	6.665489037600718
6342	6.660034217580131
6343	6.655002165379291
6344	6.649200451592834
6345	6.643968649829537
6346	6.638924375740843
6347	6.633350415416294
6348	6.627845970550197
6349	6.621707723739703
6350	6.61553871328473
6351	6.60909057660306
6352	6.602799472057865
6353	6.596539342364906
6354	6.59137307219695
6355	6.58440629960372
6356	6.578353174849092
6357	6.572313005945966
6358	6.565178856328005
6359	6.559392760593269
6360	6.5548506855179145
6361	6.548628067974039
6362	6.543010439183471
6363	6.536575789943305
6364	6.530167288166895
6365	6.52412758136125
6366	6.519833638468619
6367	6.51430090435688
6368	6.508533376919671
6369	6.503602680701633
6370	6.4988048919175165
6371	6.4938600581005055
6372	6.4884473999732295
6373	6.483759973889114
6374	6.478990107047768
6375	6.473049691608265
6376	6.468113277901756
6377	6.463639717157959
6378	6.458143283366336
6379	6.451125335167513
6380	6.445831580344599
6381	6.439829144576761
6382	6.433993889261223
6383	6.427170051770087
6384	6.421198854593611
6385	6.4160932745918435
6386	6.410309506745275
6387	6.404957751137786
6388	6.399462881100367
6389	6.393900213911492
6390	6.387308874510487
6391	6.381949254190248
6392	6.376473091447646
6393	6.371545997764493
6394	6.366122399727993
6395	6.360132693261964
6396	6.35413324410291
6397	6.347786760523033
6398	6.3417212794768805
6399	6.337796870358038
6400	6.332846808220597
6401	6.327765602316736
6402	6.3222345868028285
6403	6.316195568574509
6404	6.310806471064285
6405	6.305385351260011
6406	6.300124518521017
6407	6.294001066427999
6408	6.2894207113262866
6409	6.2834792276584865
6410	6.278945932308441
6411	6.274381639054793
6412	6.269592768221877
6413	6.265053804623658
6414	6.259956709422719
6415	6.25545102539813
6416	6.250009273216877
6417	6.244954797538255
6418	6.239471755771914
6419	6.234263939404434
6420	6.229372262229462
6421	6.2255562069004355
6422	6.221105714446528
6423	6.217035973819229
6424	6.212361651688983
6425	6.20759726993073
6426	6.202995307577652
6427	6.1978944931023605
6428	6.192069199892217
6429	6.186940003623425
6430	6.1813050804704845
6431	6.174843231120679
6432	6.169300198806886
6433	6.163045862090738
6434	6.156991706516208
6435	6.152486535782172
6436	6.147619658068893
6437	6.142769310598598
6438	6.1375537801728415
6439	6.132533315398108
6440	6.127234178724353
6441	6.121584670953784
6442	6.116547252076209
6443	6.110374484377434
6444	6.105791419826115
6445	6.101321577478832
6446	6.097316164951858
6447	6.091870456815355
6448	6.086675925959394
6449	6.080218229848503
6450	6.076236733230372
6451	6.071305355054582
6452	6.066437627919163
6453	6.06121366843206
6454	6.055587846385886
6455	6.0505843824520325
6456	6.04564930045987
6457	6.041515587382984
6458	6.035999291798135
6459	6.030857352811432
6460	6.025534247228842
6461	6.0204841848941
6462	6.01520570932664
6463	6.010282060874943
6464	6.005021515167847
6465	6.000598245939232
6466	5.995197088744422
6467	5.989156508222063
6468	5.983632586164277
6469	5.97784318057197
6470	5.972196094760798
6471	5.96841199607682
6472	5.963232088580784
6473	5.957787093194254
6474	5.952591224413854
6475	5.948457227595738
6476	5.943176666220648
6477	5.93816089492197
6478	5.933125093826432
6479	5.927403469195189
6480	5.920787767658631
6481	5.914288984863687
6482	5.908155017099187
6483	5.902474841873563
6484	5.897025268226141
6485	5.890803336102234
6486	5.885466446537811
6487	5.8806894277332695
6488	5.875640281953419
6489	5.869697978080324
6490	5.864835447170024
6491	5.86044154578106
6492	5.855202202973973
6493	5.850232895933275
6494	5.8443102805637555
6495	5.838791746267554
6496	5.833313668942976
6497	5.827828395008829
6498	5.822821246451235
6499	5.8163778586977095
6500	5.810785783652865
6501	5.804883899695287
6502	5.800054634686326
6503	5.793645504369843
6504	5.788619219945864
6505	5.78384506021099
6506	5.7799872972700115
6507	5.7754303129226034
6508	5.77049670940884
6509	5.765705911808311
6510	5.76075176973932
6511	5.754974053650871
6512	5.750618283016893
6513	5.7462082864529345
6514	5.740364795998045
6515	5.7345404324896165
6516	5.729804615243679
6517	5.724724387243104
6518	5.720088944313713
6519	5.715977934729629
6520	5.711570787567294
6521	5.705094439405206
6522	5.699338143053204
6523	5.693969020867952
6524	5.689222156501943
6525	5.684410899476392
6526	5.679642108522775
6527	5.6747534016374654
6528	5.669524750703268
6529	5.665298174311402
6530	5.660607672199444
6531	5.655633743159271
6532	5.6522473175862045
6533	5.648068363962591
6534	5.64336504907728
6535	5.638386991767651
6536	5.633837574580176
6537	5.6299208203008915
6538	5.625795827672532
6539	5.622042884966039
6540	5.6161891409811036
6541	5.612117413794324
6542	5.607013269286201
6543	5.601267041530117
6544	5.596916560563581
6545	5.592142603169721
6546	5.587503745776307
6547	5.583412352772159
6548	5.578995227835948
6549	5.573023986747356
6550	5.566780557421424
6551	5.561574739241344
6552	5.556646175175352
6553	5.550784454628131
6554	5.546917577139494
6555	5.542403432807946
6556	5.53847870373791
6557	5.533954757694143
6558	5.528558905026582
6559	5.523496700101792
6560	5.51858571574204
6561	5.513308868872573
6562	5.509352156508538
6563	5.5043533370151465
6564	5.499425388242276
6565	5.494390504853428
6566	5.489203375468019
6567	5.485643856568162
6568	5.481031938959239
6569	5.476632596321747
6570	5.471912946050909
6571	5.467989255705958
6572	5.462709025734871
6573	5.457372718513938
6574	5.452916477175622
6575	5.447120881485122
6576	5.441984761826474
6577	5.437150748281865
6578	5.431883523946264
6579	5.427663018179611
6580	5.42274431698153
6581	5.417188738218174
6582	5.411161341428177
6583	5.406211929465465
6584	5.40054957298452
6585	5.396640940650673
6586	5.393156266777647
6587	5.389753164411866
6588	5.385350423378784
6589	5.379202423736982
6590	5.374182750364798
6591	5.3690463806796975
6592	5.363964437052368
6593	5.3583844604162
6594	5.3528600064792755
6595	5.347415404101539
6596	5.342099202744668
6597	5.337101446989582
6598	5.331659303239548
6599	5.3262213582322575
6600	5.3215259289070636
6601	5.317350783205794
6602	5.312587706496405
6603	5.30830860144219
6604	5.304430376642061
6605	5.299652279671042
6606	5.29429299726678
6607	5.288292343153353
6608	5.28333228326891
6609	5.278691191323964
6610	5.273367545904794
6611	5.268582803585723
6612	5.263026836810343
6613	5.255973663995397
6614	5.252249685260332
6615	5.247528719342087
6616	5.242616946010759
6617	5.237800351401553
6618	5.233286267413138
6619	5.228492325350333
6620	5.223086944031274
6621	5.217809382562505
6622	5.213297580507571
6623	5.207857596679516
6624	5.203742598125763
6625	5.198026801828975
6626	5.1928425281086
6627	5.188288953513364
6628	5.184414226221091
6629	5.179351060508931
6630	5.1747862866611705
6631	5.16935758332463
6632	5.164851777697738
6633	5.160677484293456
6634	5.155872947958208
6635	5.15183335829309
6636	5.146991999654652
6637	5.1424671051907795
6638	5.136750215812169
6639	5.132463482474862
6640	5.128216627864232
6641	5.121966800980581
6642	5.117029904801065
6643	5.111751809229516
6644	5.10708569531043
6645	5.101620546583958
6646	5.096780671356283
6647	5.091541188904476
6648	5.086251034940588
6649	5.08212957338893
6650	5.0772737125882745
6651	5.072054772937131
6652	5.0671994318465075
6653	5.061355857892618
6654	5.057402642621191
6655	5.053485456602447
6656	5.048948847430121
6657	5.044323729403778
6658	5.039202928099674
6659	5.03472966161096
6660	5.030685045839488
6661	5.027749275008649
6662	5.024079799395908
6663	5.01926293507919
6664	5.01503358439097
6665	5.010227195112416
6666	5.005418727707885
6667	5.000589561392086
6668	4.9951202256727525
6669	4.990257036175833
6670	4.985618205516675
6671	4.979877661596179
6672	4.975871633949612
6673	4.9718524168579625
6674	4.967358372480527
6675	4.961646484080084
6676	4.9571905731701476
6677	4.952237994597875
6678	4.948014253350637
6679	4.9443155491019315
6680	4.93998356844828
6681	4.935078074906086
6682	4.929916979256586
6683	4.926637732520102
6684	4.923069139874113
6685	4.918151099593631
6686	4.914743303475972
6687	4.910687072431538
6688	4.906488269647837
6689	4.901521185041106
6690	4.895336483188165
6691	4.889249781005741
6692	4.884801409960682
6693	4.880419566492876
6694	4.875265040460478
6695	4.870336948288848
6696	4.864506785400641
6697	4.8602210313407666
6698	4.856175194338107
6699	4.8523242726840845
6700	4.846246028820732
6701	4.840811284855897
6702	4.836623993528216
6703	4.830925526522856
6704	4.825321032850026
6705	4.821575537324887
6706	4.815810450961875
6707	4.811696560086465
6708	4.807027232404564
6709	4.801338299737858
6710	4.79665701225619
6711	4.7921577292786095
6712	4.787457012173699
6713	4.782401917018976
6714	4.777666063013694
6715	4.773623498179227
6716	4.7694061878868785
6717	4.763746054122378
6718	4.759122885308058
6719	4.753766446829278
6720	4.749619393953508
6721	4.744937893352849
6722	4.741588171379344
6723	4.736689590134394
6724	4.733224837683275
6725	4.729263641535901
6726	4.724386727962619
6727	4.718875868027525
6728	4.714894440325429
6729	4.711556352958415
6730	4.707298433653392
6731	4.702631029842202
6732	4.6981392708182526
6733	4.692858358155528
6734	4.688579249448025
6735	4.684126333085757
6736	4.679768473808532
6737	4.67540244076037
6738	4.671510684767536
6739	4.666529501185101
6740	4.662373460333834
6741	4.657753661630797
6742	4.652338415218766
6743	4.6468364451639586
6744	4.641818446020997
6745	4.6371981146081085
6746	4.633178116091423
6747	4.628748486518557
6748	4.624141988970345
6749	4.62010087153829
6750	4.615712525873535
6751	4.611283739001946
6752	4.605927751112769
6753	4.602607719569826
6754	4.597645598245037
6755	4.592702875880748
6756	4.588091546167557
6757	4.582731798226497
6758	4.577409547918898
6759	4.572756098383652
6760	4.568422233394081
6761	4.562746332173096
6762	4.557575246752176
6763	4.553039722295126
6764	4.5481290519254145
6765	4.5444014511885396
6766	4.539965994640805
6767	4.5361451743170464
6768	4.53230054396421
6769	4.528512186778395
6770	4.524089528810608
6771	4.5201069510986205
6772	4.516788911188263
6773	4.512740779118454
6774	4.507609918205199
6775	4.502700118534787
6776	4.498197720442062
6777	4.494085487639808
6778	4.489782861332656
6779	4.4848036362149655
6780	4.479826905238281
6781	4.47519141564182
6782	4.471459326762199
6783	4.465675653177858
6784	4.461482455661753
6785	4.456746191120967
6786	4.452812947480203
6787	4.447891937743394
6788	4.44372975055959
6789	4.439557539419677
6790	4.434793705752634
6791	4.429770181454947
6792	4.425390476306316
6793	4.421831357880137
6794	4.417959510872301
6795	4.413670588229068
6796	4.4090891085961506
6797	4.4038512912519066
6798	4.398789190561434
6799	4.395060142359186
6800	4.3917342421897025
6801	4.387540444649749
6802	4.384583987816489
6803	4.381046598859673
6804	4.376709894691044
6805	4.37160784792993
6806	4.366749463316145
6807	4.361747526251793
6808	4.356579545333005
6809	4.351775471552167
6810	4.346625389436166
6811	4.341862847107381
6812	4.338173218924387
6813	4.334391610622359
6814	4.329660986376946
6815	4.325280815628237
6816	4.3218416076763315
6817	4.31801145560954
6818	4.314490069870137
6819	4.309777346440965
6820	4.305786182192049
6821	4.302242608248803
6822	4.299205343774155
6823	4.294931289292368
6824	4.290408459636488
6825	4.286208610377751
6826	4.281649824566051
6827	4.277067782771223
6828	4.273583293038246
6829	4.269717583208966
6830	4.265125273338131
6831	4.261665880740284
6832	4.25858729913733
6833	4.253807108103609
6834	4.248943042569382
6835	4.245407914744871
6836	4.240803573099069
6837	4.235805164568175
6838	4.231405308353125
6839	4.227446386479359
6840	4.222445783627465
6841	4.216700284479537
6842	4.212380802657618
6843	4.207894465095961
6844	4.202421287297286
6845	4.198273628245543
6846	4.194197754555746
6847	4.188879058081039
6848	4.183663393331708
6849	4.180399671266072
6850	4.176971996134606
6851	4.17315482852642
6852	4.168351277084741
6853	4.164492798469808
6854	4.16042549713581
6855	4.155400767799354
6856	4.150455103856972
6857	4.14563943439635
6858	4.140988572371156
6859	4.137068262505352
6860	4.133369720907224
6861	4.129758945771914
6862	4.125240481067104
6863	4.1200369360842855
6864	4.115296972927067
6865	4.109946212988722
6866	4.106003115209694
6867	4.101577692842735
6868	4.0971900854096095
6869	4.0935383756329164
6870	4.089835527908086
6871	4.084903092521652
6872	4.079448655296364
6873	4.075380671381968
6874	4.070855290942654
6875	4.067027061496404
6876	4.062279844418168
6877	4.057622253975008
6878	4.0536807785617555
6879	4.048954561524849
6880	4.043916598390895
6881	4.03923498368788
6882	4.034928803942581
6883	4.030151198862544
6884	4.02532746265911
6885	4.021387637061618
6886	4.016925545665802
6887	4.0137339524487
6888	4.011004587398362
6889	4.007303737655284
6890	4.003277709369929
6891	3.999358184402948
6892	3.9959114462424212
6893	3.9916640099922485
6894	3.987384744448633
6895	3.9834432689069317
6896	3.9791038581960514
6897	3.9747801139129217
6898	3.9688313533116815
6899	3.9640021099809455
6900	3.9601672347755876
6901	3.9550847791546957
6902	3.9511994542425395
6903	3.947628461085163
6904	3.944442457507432
6905	3.939861267503257
6906	3.935488491077749
6907	3.931062143758778
6908	3.926864278438126
6909	3.921842840311221
6910	3.9177150307234196
6911	3.9142577465140453
6912	3.911319734546234
6913	3.9072522730116215
6914	3.903261251764016
6915	3.8989637165041264
6916	3.894589906292187
6917	3.888943688272409
6918	3.8844960838281866
6919	3.879811525520899
6920	3.8756804238978093
6921	3.8725997667216707
6922	3.8682728249391864
6923	3.8641802610002283
6924	3.8594103938790996
6925	3.8548964845385334
6926	3.85080452568032
6927	3.8463416274652884
6928	3.8413838961145843
6929	3.8372621064981036
6930	3.832449572702475
6931	3.8282633502870325
6932	3.8250806442004706
6933	3.8220703839640233
6934	3.818370776893984
6935	3.8147752483541595
6936	3.8105719034218146
6937	3.8072255547822795
6938	3.8019944716124137
6939	3.7972934053971956
6940	3.792546270218977
6941	3.7880525787492605
6942	3.7838002588619633
6943	3.7811464560189707
6944	3.7768101259965534
6945	3.772824677706787
6946	3.7689377151086343
6947	3.7654921950210736
6948	3.761623218515511
6949	3.7577812388949834
6950	3.754138863078277
6951	3.7498344523017932
6952	3.746219106726566
6953	3.743215081264969
6954	3.7393986600080913
6955	3.736469524385049
6956	3.733316044570247
6957	3.729670644620079
6958	3.725998335017994
6959	3.722746378150844
6960	3.7193032338433754
6961	3.7151740984247623
6962	3.7106425124825333
6963	3.705827317541154
6964	3.701334886296454
6965	3.697100145635062
6966	3.6928650074580154
6967	3.686714217074547
6968	3.6827285664010994
6969	3.6781469713306745
6970	3.674659653209755
6971	3.6701944524803287
6972	3.6648876771743955
6973	3.660400430305148
6974	3.655966726971947
6975	3.6523020129060417
6976	3.6480279196218413
6977	3.6441336164673377
6978	3.640018957899468
6979	3.6359239165611674
6980	3.6316946104044847
6981	3.6284039183109926
6982	3.624521778790911
6983	3.6199875256495746
6984	3.616674629229644
6985	3.6130179277528462
6986	3.6085475888395218
6987	3.603305028082553
6988	3.5993266866140514
6989	3.595191323314334
6990	3.590796120433356
6991	3.5861386779353794
6992	3.5814468150741674
6993	3.57736941377103
6994	3.573866172635104
6995	3.5698404431394315
6996	3.566532623216567
6997	3.562377762481059
6998	3.559065219919668
6999	3.5549880495226014
7000	3.550473939673886
7001	3.546290950433015
7002	3.543593952797783
7003	3.5400793387191407
7004	3.5361553886290733
7005	3.530846397186943
7006	3.526573663276745
7007	3.522507259841468
7008	3.5175728000524074
7009	3.5141929131186536
7010	3.509428921034634
7011	3.5038090963611355
7012	3.4997381618257366
7013	3.4957578858283567
7014	3.4911482910176996
7015	3.4861175524961365
7016	3.4811886275565507
7017	3.477914910115949
7018	3.473814048662743
7019	3.4710483888306474
7020	3.466708536594847
7021	3.4638645927444394
7022	3.4601337444513303
7023	3.457100192324084
7024	3.452937584597908
7025	3.448165749148684
7026	3.444722281793646
7027	3.4413120664068897
7028	3.4373798086917073
7029	3.434097136046285
7030	3.430325360499351
7031	3.427109614006875
7032	3.4243085318243622
7033	3.4202559358829188
7034	3.4155883529223012
7035	3.4109435970379844
7036	3.4070799997758305
7037	3.402876728571669
7038	3.3984886381944412
7039	3.394299981166753
7040	3.391251743318578
7041	3.387811626628038
7042	3.384205637834392
7043	3.3810425066152234
7044	3.3770307728762194
7045	3.3731776155926783
7046	3.368972639530374
7047	3.364036858151902
7048	3.3597534219436285
7049	3.3560831121918957
7050	3.351446209506204
7051	3.3484250185673767
7052	3.3436215467623516
7053	3.3389954159132063
7054	3.335226062425469
7055	3.3307650758396363
7056	3.327074533491738
7057	3.323286289891935
7058	3.3184044799616865
7059	3.313131492302331
7060	3.3079055268271365
7061	3.303028864984484
7062	3.29939234017683
7063	3.2955858099183497
7064	3.291894166934614
7065	3.287779012891389
7066	3.2849643606020744
7067	3.282564648274029
7068	3.2792369579572918
7069	3.2770538256483634
7070	3.273673926704706
7071	3.2699099597461805
7072	3.2666627646684967
7073	3.263593919932011
7074	3.260196968807447
7075	3.2564286234715882
7076	3.252375033445512
7077	3.247701818242759
7078	3.2442987760347415
7079	3.240539082904154
7080	3.2362118475524055
7081	3.2326812457570386
7082	3.2291695150636928
7083	3.2248024342876844
7084	3.2205107440634095
7085	3.216581630245009
7086	3.2124379030907595
7087	3.208106088280328
7088	3.203397164961722
7089	3.1995744087242723
7090	3.1961977972483933
7091	3.1922496799103706
7092	3.1878642576908693
7093	3.184538149837062
7094	3.180181127857284
7095	3.175764599534972
7096	3.171164807257282
7097	3.167041314143508
7098	3.161775203636346
7099	3.1575128021600705
7100	3.1536537344935316
7101	3.150903870408977
7102	3.148124581175178
7103	3.1435714879712227
7104	3.1400395476869414
7105	3.137144922552394
7106	3.134497712451787
7107	3.130915181415775
7108	3.1270067417579015
7109	3.1242532855707688
7110	3.1201226443765067
7111	3.116419938822212
7112	3.1125133001334087
7113	3.108802060439397
7114	3.1054041618881834
7115	3.102677187162067
7116	3.0986703457447624
7117	3.0955080280406375
7118	3.092352522576765
7119	3.0885807659667712
7120	3.085738807348046
7121	3.083567741849741
7122	3.079490327662823
7123	3.07597866512498
7124	3.0716469931319614
7125	3.0689132802110812
7126	3.06610553154544
7127	3.0618411063297395
7128	3.0588820159578263
7129	3.055029654271953
7130	3.0513984260888076
7131	3.04698338269541
7132	3.04334020480167
7133	3.039688907826894
7134	3.036946113293909
7135	3.0339327672242464
7136	3.0303840172185557
7137	3.0269942154336884
7138	3.022662964676089
7139	3.0200063833155215
7140	3.016065086318054
7141	3.0129998174582613
7142	3.0096789905192103
7143	3.0054549330070897
7144	3.00177931948821
7145	2.998295860868693
7146	2.994765070458272
7147	2.9911165791677115
7148	2.986739405990981
7149	2.9828434421929413
7150	2.979339265627117
7151	2.9759661005449023
7152	2.972361755787335
7153	2.968431762938683
7154	2.9648918114711815
7155	2.9617558672507354
7156	2.957883784205275
7157	2.954240087603795
7158	2.9504437385231865
7159	2.946188153000804
7160	2.9417357088894667
7161	2.9378702555934346
7162	2.9337919711761824
7163	2.9306169152719885
7164	2.926346311101218
7165	2.9229160158613103
7166	2.918756240830351
7167	2.9145077609051797
7168	2.9104910440771476
7169	2.9068169510802897
7170	2.903375983473288
7171	2.8997822989595927
7172	2.8959549474822115
7173	2.892004770227363
7174	2.888260446455667
7175	2.884610355112242
7176	2.8810645678258378
7177	2.8773872401222533
7178	2.873302423976209
7179	2.8699193902556304
7180	2.866681953608324
7181	2.863061445798105
7182	2.859486801548539
7183	2.8540384496934226
7184	2.8498525223215645
7185	2.8462412505938777
7186	2.84186347419138
7187	2.838984987043964
7188	2.836061546030083
7189	2.83234506908948
7190	2.8291800523648223
7191	2.8252374192990146
7192	2.8214714435890795
7193	2.818185782780938
7194	2.8145441778434597
7195	2.810900150780089
7196	2.8070633777321308
7197	2.804220184741849
7198	2.800563873111064
7199	2.7980331165115135
7200	2.7954803879969194
7201	2.792929069797381
7202	2.7898227278894057
7203	2.7864027107851865
7204	2.7840304405000107
7205	2.780956637749684
7206	2.777752428698447
7207	2.774147744371952
7208	2.77047587896251
7209	2.767029287084511
7210	2.764459586135764
7211	2.7616736455095743
7212	2.7579362341366873
7213	2.752870652059134
7214	2.7489264945446243
7215	2.7453735220481734
7216	2.7409041553371307
7217	2.7376612324475493
7218	2.733461657663058
7219	2.729060362536194
7220	2.7246543882377026
7221	2.720460393899159
7222	2.7169920970479007
7223	2.713614478053663
7224	2.709697084896882
7225	2.7061005299620824
7226	2.7032267578993254
7227	2.7002668994930192
7228	2.6969568445472523
7229	2.693497544887439
7230	2.688803004831183
7231	2.6856992889019673
7232	2.6819988021918464
7233	2.6788435527632712
7234	2.6763987803217586
7235	2.6732008422873563
7236	2.6703086339593387
7237	2.6664463404023495
7238	2.6636476047493476
7239	2.660132830249181
7240	2.6559759565987835
7241	2.6529354425348206
7242	2.649207170819573
7243	2.646696702676495
7244	2.6438140872700875
7245	2.6413036054651298
7246	2.6384255751138426
7247	2.635212663853112
7248	2.63283951258207
7249	2.6292044296745027
7250	2.6268681422343767
7251	2.6229012315121776
7252	2.61888249731219
7253	2.615103680523964
7254	2.611961136364684
7255	2.6084156040390813
7256	2.6048942082806956
7257	2.6010992902788694
7258	2.5971568439790875
7259	2.5931554716786427
7260	2.5907150996040156
7261	2.5878425535319867
7262	2.5854122858632396
7263	2.5830933634477162
7264	2.580447685109465
7265	2.5774608629730746
7266	2.5747625238772716
7267	2.5715755993153517
7268	2.5680601775704366
7269	2.564469510761429
7270	2.5607131298472994
7271	2.557323688096596
7272	2.5532453384852176
7273	2.5485303192320394
7274	2.544016777397746
7275	2.5407077997981307
7276	2.5379136893373344
7277	2.5338549909586785
7278	2.52972215292172
7279	2.526677014524989
7280	2.5224777819045583
7281	2.517554748414877
7282	2.513970315620157
7283	2.5104517738616536
7284	2.5067184421681645
7285	2.5032421758609242
7286	2.500203489771067
7287	2.496770368834918
7288	2.493963170949064
7289	2.4903843963364656
7290	2.4868799326105298
7291	2.483796153331891
7292	2.4808426171443188
7293	2.477015116721361
7294	2.473599840260985
7295	2.468589136050936
7296	2.465345282710723
7297	2.4624304627346865
7298	2.459545490574197
7299	2.4568446461300675
7300	2.4533837344999494
7301	2.449607634838679
7302	2.446211391544804
7303	2.4436508152916407
7304	2.4394040896934808
7305	2.4361966089543308
7306	2.4324506109384822
7307	2.429057721479917
7308	2.4255310048620267
7309	2.4223735647354645
7310	2.4189083153167616
7311	2.4156037669499115
7312	2.412297854021121
7313	2.4088502012937067
7314	2.4050080102503877
7315	2.400524851599938
7316	2.397359082565195
7317	2.393611927533148
7318	2.389541217684134
7319	2.3864640682817617
7320	2.382964841541521
7321	2.379943065933505
7322	2.376226568411617
7323	2.3726495104501226
7324	2.3696030203284506
7325	2.366160499221371
7326	2.3631216872529035
7327	2.360062743176135
7328	2.356189670539827
7329	2.352652786495901
7330	2.3497704014488856
7331	2.3468855128071753
7332	2.344001504323166
7333	2.341491804158124
7334	2.337507928289122
7335	2.3329367070410623
7336	2.3296271464605325
7337	2.326574678415593
7338	2.323480513202469
7339	2.320147852833093
7340	2.317299317743151
7341	2.3143362650953496
7342	2.311178686884578
7343	2.3079166584356976
7344	2.3046960884720327
7345	2.3013711394666645
7346	2.298067694970853
7347	2.2947926142993715
7348	2.2914836709211404
7349	2.2885801676728543
7350	2.2851689609126122
7351	2.282710470127007
7352	2.2796379382670025
7353	2.2768615362021336
7354	2.2736042285728244
7355	2.2705886806509095
7356	2.267838230096441
7357	2.2646439719674016
7358	2.261739025692289
7359	2.259216727171887
7360	2.256108187645424
7361	2.252573675238142
7362	2.249039498496374
7363	2.2457039340332345
7364	2.24285837824576
7365	2.239402333854883
7366	2.2378050483474397
7367	2.2363166143111473
7368	2.235087323818013
7369	2.232498417654543
7370	2.230672460413006
7371	2.228240760784098
7372	2.2252667938281068
7373	2.222922862348688
7374	2.219859445967637
7375	2.2172056018500874
7376	2.2131328312933705
7377	2.2099618344106924
7378	2.207231368022663
7379	2.2042227957935983
7380	2.201333410283344
7381	2.1978866959985672
7382	2.194047982820721
7383	2.1900388429413393
7384	2.1852422164526004
7385	2.1817840428538724
7386	2.178417811204164
7387	2.1756500253096043
7388	2.172906545977171
7389	2.1691456293639613
7390	2.16626502868743
7391	2.1633721979635845
7392	2.1602978298927487
7393	2.1569351981804985
7394	2.1541635848176965
7395	2.1507494479941403
7396	2.1479280904456184
7397	2.1449654565450444
7398	2.1411579125045384
7399	2.139172023276599
7400	2.1357963180542123
7401	2.1331950684725562
7402	2.129955840752772
7403	2.127333548472012
7404	2.1249736149642713
7405	2.1223250550777575
7406	2.118834039087636
7407	2.11570068186455
7408	2.1123337302008562
7409	2.109823667828454
7410	2.1066383110938016
7411	2.1033150550842667
7412	2.0994907638453166
7413	2.0965383770335015
7414	2.0934784606129004
7415	2.091131319410761
7416	2.0882450524126797
7417	2.0859827780122866
7418	2.0828290139141936
7419	2.0797655875753565
7420	2.0770060512660375
7421	2.0738047604308942
7422	2.0698855784138583
7423	2.0667589048410946
7424	2.063979339842333
7425	2.060425607705855
7426	2.0559443264589228
7427	2.052505535041561
7428	2.049764335373838
7429	2.046559561028041
7430	2.0437212983829203
7431	2.041014165364038
7432	2.037447822704285
7433	2.0346564297713767
7434	2.032475768751528
7435	2.029607885288611
7436	2.026934437398431
7437	2.02395539405981
7438	2.0207180875054642
7439	2.017802570959162
7440	2.0148417814317505
7441	2.012150623924542
7442	2.009147300768425
7443	2.0055823856943276
7444	2.0020625999617536
7445	1.9993417012315509
7446	1.9966438587378204
7447	1.9938372004311709
7448	1.9909963545969374
7449	1.9881763113574815
7450	1.9860192554115998
7451	1.9830082831336389
7452	1.9794805040917454
7453	1.9768847837075698
7454	1.9744758406782779
7455	1.9725220970228556
7456	1.9694148599221168
7457	1.9665163742848575
7458	1.9638383364976126
7459	1.9615224589584626
7460	1.9588055084438611
7461	1.956373845941256
7462	1.9534772263941256
7463	1.949942120545669
7464	1.947391487776296
7465	1.9453127356044768
7466	1.9424269524393014
7467	1.9392899562471257
7468	1.9371229923807824
7469	1.9335525670993912
7470	1.9293467922190852
7471	1.9258755691385743
7472	1.9232665631579742
7473	1.921318349774988
7474	1.9189744047855095
7475	1.9156417265954053
7476	1.912690180191138
7477	1.9089196951747043
7478	1.9058829754350282
7479	1.9031546720599624
7480	1.9010134704169785
7481	1.8986160030537234
7482	1.8954302132236343
7483	1.893160739621865
7484	1.8903067697674776
7485	1.8881014975146901
7486	1.8854027320030973
7487	1.8829678565169923
7488	1.8805557296054902
7489	1.8778172592558617
7490	1.8759340459917182
7491	1.8735201874756657
7492	1.871303025397286
7493	1.8691637536091505
7494	1.8668320172326864
7495	1.8646464131474265
7496	1.861953067449708
7497	1.8597089526588646
7498	1.857438440363783
7499	1.8545756071215538
7500	1.8504455701520393
7501	1.8477217324734414
7502	1.84533162024244
7503	1.8421971248366378
7504	1.8391403262330102
7505	1.8371318281354012
7506	1.8337526427441508
7507	1.8310938762146598
7508	1.8284801118520027
7509	1.826490613882551
7510	1.8238402496260384
7511	1.8213167333961517
7512	1.817906580576593
7513	1.8149155543225801
7514	1.8126454337764026
7515	1.8096004063874145
7516	1.8071238111405865
7517	1.804902767928626
7518	1.8017583117100908
7519	1.7988525947966951
7520	1.7965594597838894
7521	1.7938647602583788
7522	1.7911806089402453
7523	1.7882245514308173
7524	1.7861235358392915
7525	1.7823710580439462
7526	1.77917671830466
7527	1.776330031137087
7528	1.773183282844923
7529	1.7697016567891353
7530	1.767333484520128
7531	1.7645755841700994
7532	1.7619014752376736
7533	1.7584237271898577
7534	1.7553081380298334
7535	1.7525962974793288
7536	1.749579825498675
7537	1.7470389510505666
7538	1.7443467127993688
7539	1.7412762680665228
7540	1.738865351594075
7541	1.7363592457943557
7542	1.7342779746380628
7543	1.7321298833545367
7544	1.730117003878528
7545	1.7285107031168878
7546	1.7259683298384174
7547	1.7234431323826673
7548	1.7207277588171648
7549	1.7184455136758532
7550	1.716585994732244
7551	1.7137565858570691
7552	1.7108949017790474
7553	1.7078032261561362
7554	1.705462243038835
7555	1.7035121163923284
7556	1.7005721084378813
7557	1.698060341493609
7558	1.694997694565987
7559	1.6921189312829008
7560	1.6899998595101056
7561	1.6866578688547331
7562	1.6837836887564048
7563	1.6811345914064837
7564	1.6779323383067817
7565	1.6753058576753492
7566	1.6719296020484644
7567	1.6686029326932508
7568	1.6655607714613234
7569	1.662477044170322
7570	1.6593659229922084
7571	1.6561114312033978
7572	1.6527168358383537
7573	1.6495651290701812
7574	1.6469170057143223
7575	1.6446939365770858
7576	1.642092925435839
7577	1.639597243167332
7578	1.6365298966231354
7579	1.6333233827653486
7580	1.6297492888650342
7581	1.626504627740059
7582	1.6236217178067855
7583	1.620427225470239
7584	1.6176745794556537
7585	1.6156079012451718
7586	1.6136017251250037
7587	1.6108064465263765
7588	1.6081519330859047
7589	1.6059191128565886
7590	1.6035572024242266
7591	1.6015432082428582
7592	1.5997385793415302
7593	1.5981701407968887
7594	1.5953367486083792
7595	1.5934788516475444
7596	1.590652680461616
7597	1.58777976458626
7598	1.5858318252387038
7599	1.5835233254984356
7600	1.5819936263678833
7601	1.5795175836605508
7602	1.5762002494501004
7603	1.5744019078011666
7604	1.572653442168266
7605	1.5699739223604006
7606	1.5682129495517605
7607	1.5652068763023368
7608	1.5631205104960568
7609	1.5609258119394918
7610	1.5590261796106626
7611	1.556771025491415
7612	1.5543856932484954
7613	1.5517311743625015
7614	1.5487680571923257
7615	1.5464704918264682
7616	1.5439457867260158
7617	1.5418050755669643
7618	1.5385376570651825
7619	1.536332976192148
7620	1.5339500186392048
7621	1.5309132614682581
7622	1.528251037957877
7623	1.5261652303634745
7624	1.5228855056453807
7625	1.5204088706357208
7626	1.5181191052132077
7627	1.5158064051207443
7628	1.5123874679855915
7629	1.509664721672153
7630	1.5076478849152037
7631	1.5059108987325671
7632	1.5033292530400975
7633	1.500534986570092
7634	1.4980352116422666
7635	1.4950585246781556
7636	1.4927170439375694
7637	1.490410875826356
7638	1.4879628612641884
7639	1.486066064116212
7640	1.4835157591289663
7641	1.4817491984376605
7642	1.4803851010165825
7643	1.4775003997127176
7644	1.4750661275056016
7645	1.472435132283896
7646	1.4701118863157483
7647	1.467681864544196
7648	1.464346601594384
7649	1.4624177490701815
7650	1.4601475495472298
7651	1.4583204857631828
7652	1.4560864887243419
7653	1.4525131436777365
7654	1.4504124589307488
7655	1.447740860681168
7656	1.4452466466767977
7657	1.4427214037514253
7658	1.440089719893643
7659	1.437303070963406
7660	1.4348263069527625
7661	1.4330297122029727
7662	1.431088895574835
7663	1.4293047592915986
7664	1.4268909830810306
7665	1.4241838411580887
7666	1.4216518322729184
7667	1.4192431182235044
7668	1.4178773983107422
7669	1.4158368213896724
7670	1.4134350785818015
7671	1.4109329473524885
7672	1.4092954156322477
7673	1.4072809930188253
7674	1.4054746372222489
7675	1.402971597675312
7676	1.4012539549966962
7677	1.3986834552950222
7678	1.3965083632040298
7679	1.3946781422874894
7680	1.3923622728623577
7681	1.3910337163204827
7682	1.3893039451169622
7683	1.3879618701095258
7684	1.386139488612631
7685	1.3844244366550693
7686	1.3821252553636494
7687	1.3796408570549805
7688	1.3776333647811727
7689	1.3758429043944498
7690	1.3734171651283527
7691	1.371629949501157
7692	1.3688968667997714
7693	1.3664828245628875
7694	1.364078332166246
7695	1.3618943464888837
7696	1.3596596916632002
7697	1.3575270665319346
7698	1.355318979045639
7699	1.3532141885901248
7700	1.350532733546888
7701	1.3481281705112529
7702	1.346052964756683
7703	1.3444683399236705
7704	1.3422730808019494
7705	1.340298405672938
7706	1.338501651562711
7707	1.3365284584231096
7708	1.3343563060885772
7709	1.332599606376372
7710	1.3299284763413308
7711	1.3275237204479888
7712	1.3253919124841467
7713	1.3237825183371932
7714	1.3221284580069455
7715	1.3197290085339881
7716	1.317618853791849
7717	1.3157516973504113
7718	1.312769947520678
7719	1.3094360853833322
7720	1.3065662520716046
7721	1.304263171610928
7722	1.301893722831475
7723	1.299349219229073
7724	1.2971141215643804
7725	1.294888242292246
7726	1.2927129495012695
7727	1.2896158617778744
7728	1.2872250848092037
7729	1.2851828702294557
7730	1.2832373082668453
7731	1.2805147565618111
7732	1.2782305982537987
7733	1.2762052630020257
7734	1.2733804550057637
7735	1.2709613416045287
7736	1.267989031506509
7737	1.2652295685477302
7738	1.262453199257764
7739	1.2600856146117287
7740	1.257992201296457
7741	1.2560381372584244
7742	1.2533870957130495
7743	1.2505067759508233
7744	1.248556306525127
7745	1.2457740782226034
7746	1.242617970211946
7747	1.2403128022328909
7748	1.2383525026307232
7749	1.2350240339699559
7750	1.2330401193490317
7751	1.2305644424405078
7752	1.2277206708535455
7753	1.2249075873673694
7754	1.2225693687085089
7755	1.2198122632356319
7756	1.2177719332532495
7757	1.2154748357197487
7758	1.2134246350275646
7759	1.2114195038600792
7760	1.2095942648138713
7761	1.2081705293496163
7762	1.2066837418833156
7763	1.2051810144393598
7764	1.203064382364662
7765	1.2015069144922224
7766	1.2000286223939598
7767	1.198380616173926
7768	1.1964632195196572
7769	1.1945596042477438
7770	1.1924992118036326
7771	1.190766687538656
7772	1.189004179711111
7773	1.1867744457003748
7774	1.1848959557131482
7775	1.1825724405940463
7776	1.1801758286507187
7777	1.1780022075378627
7778	1.1753733156926045
7779	1.172753041538189
7780	1.170388718062407
7781	1.1687760720115639
7782	1.1666015689973743
7783	1.1643618295408424
7784	1.1625315940866396
7785	1.1606721979048098
7786	1.1586977151117686
7787	1.1565900603937251
7788	1.1537655165576046
7789	1.1514303170482667
7790	1.149488400425132
7791	1.1473200870137332
7792	1.145071540162168
7793	1.143232036926298
7794	1.1409495023997112
7795	1.1391861432092316
7796	1.1378574686847802
7797	1.1361959945129891
7798	1.134735028036557
7799	1.1333044977970945
7800	1.1311485117873747
7801	1.1292193494778402
7802	1.1262366110243496
7803	1.1240764543575676
7804	1.1221645633989221
7805	1.120242172707309
7806	1.1184580850106618
7807	1.1164249947383562
7808	1.1137141005386402
7809	1.111579572107863
7810	1.109553702520898
7811	1.1065206149230176
7812	1.1040707885077687
7813	1.1019013040933243
7814	1.100103019587353
7815	1.0979609624642666
7816	1.0957126149876257
7817	1.0946442135653582
7818	1.0928764575404442
7819	1.0905971409627002
7820	1.0882563298314152
7821	1.0867043900623812
7822	1.0850961267341783
7823	1.08334829597326
7824	1.0816489591504312
7825	1.080168984805623
7826	1.0786981973361074
7827	1.0765775377370412
7828	1.0746354066430703
7829	1.0721919850233756
7830	1.070570710836103
7831	1.0687923758913527
7832	1.0667343066651434
7833	1.0651477924487158
7834	1.0639802285362332
7835	1.0627300111484466
7836	1.0615741602648747
7837	1.0594993583132906
7838	1.057949323647748
7839	1.0569414425943677
7840	1.0557154671939035
7841	1.053607143898398
7842	1.052262428246999
7843	1.051103557378751
7844	1.0497633751984028
7845	1.0485655957796822
7846	1.0475620543723239
7847	1.0457116589595765
7848	1.043875354897152
7849	1.0423248320558014
7850	1.0401862692615462
7851	1.0383781599437831
7852	1.0371272648091951
7853	1.0350416336290886
7854	1.0330393524150907
7855	1.0313982437073854
7856	1.0294438033034075
7857	1.0255269173854682
7858	1.022892009804522
7859	1.0207605255992578
7860	1.0186153725614182
7861	1.0168660172746387
7862	1.0145132167258717
7863	1.0122796545214325
7864	1.0104328938976153
7865	1.0087965687852298
7866	1.0074722512575662
7867	1.0052862454834413
7868	1.003351600552901
7869	1.001784050649732
7870	1.0002403700533968
7871	0.998242465068137
7872	0.9965626648743541
7873	0.9949908327544874
7874	0.9929044555786011
7875	0.9911476893907774
7876	0.9895391258274479
7877	0.9878964951331269
7878	0.9863284988806466
7879	0.9852011816119004
7880	0.9836604739205507
7881	0.9817054220341206
7882	0.9796371573616035
7883	0.9774978332880416
7884	0.9757461756083273
7885	0.973753833344503
7886	0.9722978040780624
7887	0.9705601303027317
7888	0.9690079394488935
7889	0.9663661969517976
7890	0.9650555040260621
7891	0.9631489742013556
7892	0.9612014428824024
7893	0.9596560192843402
7894	0.957412437332228
7895	0.9552849730373965
7896	0.9533839212199515
7897	0.9520988965807524
7898	0.9505017975454882
7899	0.948964337997246
7900	0.9468221584681379
7901	0.9443816763784626
7902	0.9426633377987015
7903	0.9408594290931135
7904	0.9387913869373931
7905	0.9375366836403075
7906	0.9358124812708449
7907	0.9343571247388706
7908	0.9327332907848238
7909	0.9310022636683284
7910	0.9286768525319272
7911	0.926965670061923
7912	0.9237118735982234
7913	0.921717271334498
7914	0.9197760427019048
7915	0.9181113030093623
7916	0.9168657851546792
7917	0.915151668455574
7918	0.9133915014042864
7919	0.9115957244013477
7920	0.9096822730064817
7921	0.9076627948085457
7922	0.9058779168803839
7923	0.9035614393479076
7924	0.9015462335547964
7925	0.9004574800137752
7926	0.8991903136150273
7927	0.8983210763024716
7928	0.8975663441091365
7929	0.895788145982564
7930	0.8943823117580001
7931	0.8925940943121466
7932	0.8914654405752906
7933	0.8896475740309349
7934	0.8879906419803337
7935	0.8864253357150009
7936	0.8847506640115439
7937	0.8831119978398638
7938	0.8815226994304207
7939	0.8804245736574832
7940	0.8789299925909712
7941	0.8775679689040021
7942	0.8758786893737286
7943	0.8744991864302296
7944	0.8733557952585799
7945	0.8721009125774161
7946	0.8708780997173268
7947	0.8694910930597098
7948	0.8680451141763461
7949	0.8664991866913944
7950	0.8642265792983147
7951	0.8629451758816817
7952	0.861094210258928
7953	0.8590781930543222
7954	0.8576537624168301
7955	0.8562430547442359
7956	0.8547854598051876
7957	0.8531652804028116
7958	0.8513784121336793
7959	0.8499655767132538
7960	0.8484599372265693
7961	0.8464512046122066
7962	0.843839564372278
7963	0.8424811485724412
7964	0.8411599119836071
7965	0.8395255698807412
7966	0.8374780980694135
7967	0.835850153814371
7968	0.8342842651829918
7969	0.8330661293664262
7970	0.8307184300577325
7971	0.8291082665971589
7972	0.8273621049834116
7973	0.8252592899212694
7974	0.8233932391058428
7975	0.8217985658123779
7976	0.8193847309683346
7977	0.8180895884968973
7978	0.8163700561249518
7979	0.8144850478341776
7980	0.8127377363693844
7981	0.8110865770833002
7982	0.8095091679150416
7983	0.8081246125917458
7984	0.806401414046371
7985	0.8045847444707438
7986	0.8034055283936486
7987	0.802566094054083
7988	0.8007794604923092
7989	0.799601837903855
7990	0.7982649273271009
7991	0.7969229124242201
7992	0.7956126496413052
7993	0.7939651571014923
7994	0.7923500737523703
7995	0.7909772061873138
7996	0.7893114308741949
7997	0.7879662065833983
7998	0.7865508215418968
7999	0.7849054551065966
8000	0.7831536119401336
8001	0.7818361422316519
8002	0.7800179820887395
8003	0.7785486931167489
8004	0.7771777135277177
8005	0.7759321602464407
8006	0.7746757903264836
8007	0.7735285226208054
8008	0.7724721134474676
8009	0.7715355713231408
8010	0.7700639469980467
8011	0.7686009360607797
8012	0.7668217935618118
8013	0.7649692235237648
8014	0.763367511568881
8015	0.7618954891530891
8016	0.7597818204417038
8017	0.7579183467054419
8018	0.7559176905363261
8019	0.7542357606547786
8020	0.7526635429068522
8021	0.7514242053077935
8022	0.7501125751644186
8023	0.74849308989434
8024	0.7468618538024866
8025	0.7451574969204918
8026	0.7433847785003729
8027	0.7416626658351151
8028	0.7398759306954937
8029	0.7383405396667795
8030	0.7365301320571238
8031	0.7345692632391975
8032	0.7332131580538873
8033	0.7319240149418981
8034	0.7303584839920045
8035	0.7286734315286317
8036	0.7273360491181092
8037	0.7256264963424353
8038	0.7239830974434882
8039	0.7225665986384613
8040	0.7211053599154493
8041	0.7195625779139829
8042	0.7182297329249717
8043	0.7172557952408133
8044	0.7152102655376745
8045	0.7138130996695795
8046	0.7125049868567406
8047	0.7109785344800329
8048	0.7092298326556092
8049	0.7080408812613297
8050	0.7064881345244437
8051	0.7041732239633495
8052	0.7027164580452626
8053	0.7007836752503657
8054	0.6990506530149212
8055	0.6969180773028361
8056	0.6956197388208979
8057	0.6938581610011589
8058	0.6923868213087937
8059	0.6908554208948909
8060	0.6896047195120183
8061	0.6883592398297973
8062	0.6871455571515618
8063	0.6861556750559987
8064	0.6850005447994484
8065	0.6836502414046308
8066	0.6823028693444628
8067	0.6807347199770278
8068	0.6788014776256844
8069	0.6768841389991801
8070	0.6755680026629284
8071	0.6744771622006385
8072	0.6720000936296069
8073	0.6701482241420397
8074	0.6686697072616631
8075	0.6675168118989904
8076	0.6663767599940699
8077	0.664806835132308
8078	0.6637426418328805
8079	0.6623759993603727
8080	0.66141446745962
8081	0.6602222958846081
8082	0.6581340580988227
8083	0.655925282256793
8084	0.6540110473034177
8085	0.6527952597489235
8086	0.651385632623648
8087	0.6504425240316765
8088	0.6490459718996642
8089	0.6477693898164836
8090	0.6460397238721514
8091	0.644570600545615
8092	0.6430664090032965
8093	0.6421060448379762
8094	0.6409080992943981
8095	0.6395381309315531
8096	0.6379526018212627
8097	0.6363249704058557
8098	0.6349689258233625
8099	0.6335499162644712
8100	0.6309550100380852
8101	0.6287821805307966
8102	0.6267972080122982
8103	0.6248407635604615
8104	0.6231000248373281
8105	0.6215075527072393
8106	0.6193616880493137
8107	0.6178143985725753
8108	0.6168661022452641
8109	0.6157125757930972
8110	0.6144946095488072
8111	0.6132728238529286
8112	0.6116727520335703
8113	0.6104862216190156
8114	0.6092823886436369
8115	0.60834947382478
8116	0.6075563763942732
8117	0.6063295855202095
8118	0.6055951186538512
8119	0.6044323965780208
8120	0.6036507727299893
8121	0.6024935127975282
8122	0.6014931209209061
8123	0.6004219720890734
8124	0.5991458707388011
8125	0.5974427518886153
8126	0.5962807174087021
8127	0.5945958661867786
8128	0.5932727975682698
8129	0.5920923054797433
8130	0.5910516189328782
8131	0.5897497268820772
8132	0.588235441128457
8133	0.5875022080367089
8134	0.58601826041785
8135	0.5848653815774225
8136	0.5830364572123529
8137	0.5815188194491911
8138	0.5795318949963805
8139	0.5785522998458628
8140	0.5774396153270688
8141	0.5769272826437274
8142	0.5754972491555941
8143	0.5744891763666357
8144	0.5733782348667891
8145	0.5724531839541228
8146	0.5713171234094315
8147	0.5703141808918623
8148	0.5690886615458838
8149	0.5673193995215279
8150	0.565885761510591
8151	0.564558292468235
8152	0.5635137053670733
8153	0.5619947936104375
8154	0.5608429593541184
8155	0.5598256826563021
8156	0.5588157022606245
8157	0.557795397893251
8158	0.5568796520642151
8159	0.5558893338138823
8160	0.555051971777318
8161	0.5543971842547011
8162	0.5534746879276513
8163	0.5524781270792407
8164	0.5514005377502373
8165	0.5507603122352229
8166	0.5497035509411389
8167	0.5486305808186007
8168	0.5474114842301102
8169	0.5465126954430182
8170	0.5457110991485244
8171	0.5445948087975302
8172	0.5438119268819046
8173	0.5427083216431189
8174	0.5416729054525592
8175	0.5402894879956986
8176	0.5388349019835216
8177	0.5373467579161946
8178	0.5359323142691135
8179	0.5342247702033626
8180	0.5328260273875938
8181	0.5317755003005677
8182	0.5306214266907799
8183	0.5291738174336343
8184	0.5275833186121561
8185	0.5255797152808751
8186	0.5242523090403827
8187	0.5222450715165797
8188	0.5204550192717162
8189	0.519504677825434
8190	0.5178968447229341
8191	0.516731099674083
8192	0.51529360473655
8193	0.5144046989571908
8194	0.5132666943883849
8195	0.5121247243238792
8196	0.5112801254152762
8197	0.5107900566480519
8198	0.5102667272383192
8199	0.5094150978288875
8200	0.5081888841790884
8201	0.506992213507854
8202	0.5060306319879299
8203	0.5051188927757574
8204	0.503678130301577
8205	0.5028784573592526
8206	0.5020094237093115
8207	0.5011475866047573
8208	0.5001716108604015
8209	0.49924312054938635
8210	0.49854531945728936
8211	0.4974827678740873
8212	0.4967557657283281
8213	0.4957200824879129
8214	0.49482193542525815
8215	0.49367732650743906
8216	0.4927964115197221
8217	0.4917989348557539
8218	0.49076489009686153
8219	0.48971649809088746
8220	0.48797380696419107
8221	0.485992652780457
8222	0.48445548097277635
8223	0.4829360013460427
8224	0.48196937430968434
8225	0.48072413326391095
8226	0.47860775245075227
8227	0.47740290772978927
8228	0.4764271135866649
8229	0.47563143231202276
8230	0.4747196074768344
8231	0.47386192346263545
8232	0.47279611486620504
8233	0.47206097847474693
8234	0.47066559657871054
8235	0.4697053736097145
8236	0.4682461480004995
8237	0.4666743082105833
8238	0.4657114509820452
8239	0.4645278038690679
8240	0.46347099132830155
8241	0.46237463414113444
8242	0.46130093292853896
8243	0.45998694061581286
8244	0.458859393536543
8245	0.4573975484560417
8246	0.4565817611918737
8247	0.45604105943094897
8248	0.45492279939734215
8249	0.4540141954561185
8250	0.4528353510293722
8251	0.4518466857229022
8252	0.4506501194014465
8253	0.44921362866692305
8254	0.4480623998306402
8255	0.4468576503157713
8256	0.4458085477335569
8257	0.4447977387546505
8258	0.44426092572942383
8259	0.443313976668861
8260	0.442455666373103
8261	0.4414825552824727
8262	0.4407898304065288
8263	0.4398256856256854
8264	0.43913550238375904
8265	0.4378958966798671
8266	0.43690512838895834
8267	0.4363483731819279
8268	0.4351138881868104
8269	0.4340423895316993
8270	0.4326948067728807
8271	0.4310462619830914
8272	0.430174495231081
8273	0.42928106556522233
8274	0.4279695434395328
8275	0.42658212384091104
8276	0.4249588454303303
8277	0.4236246675833556
8278	0.4223965282807377
8279	0.4216191458332253
8280	0.4206231504576419
8281	0.41982587541767397
8282	0.4188090802018994
8283	0.41773141415086773
8284	0.41676102905120344
8285	0.41565372836395303
8286	0.414591459819518
8287	0.4139596625777159
8288	0.41239279248973215
8289	0.41078213007941544
8290	0.40972774161479203
8291	0.40852331915445833
8292	0.4078002318599338
8293	0.4070290495938791
8294	0.40618742277955006
8295	0.4053886146275149
8296	0.40404503376997514
8297	0.40285537261830656
8298	0.40218709572753963
8299	0.4013911239475793
8300	0.40060048517457475
8301	0.39992614795932224
8302	0.3994732389266312
8303	0.3982604001126939
8304	0.3975023536794193
8305	0.39655705333179014
8306	0.39543563035035734
8307	0.3942770838010173
8308	0.39319661565229347
8309	0.3918165362677671
8310	0.3906110365310296
8311	0.3896303462008461
8312	0.3881189859730289
8313	0.3872551087109452
8314	0.3864481657843849
8315	0.3859880641547847
8316	0.3854684056603412
8317	0.3847866543099048
8318	0.3844469266598666
8319	0.3839806158927062
8320	0.38340260982399826
8321	0.3827109216486703
8322	0.3818891457870129
8323	0.3811515905950705
8324	0.3803725570995454
8325	0.37986088567917115
8326	0.3789739718437881
8327	0.3783303699228084
8328	0.37761043805797195
8329	0.37679253727015194
8330	0.37565112053948496
8331	0.3743388006071185
8332	0.3732724058178025
8333	0.3721426528842139
8334	0.3711811348062532
8335	0.3701326002097422
8336	0.3691669878439594
8337	0.36831896889425086
8338	0.3671545597504069
8339	0.36636879917192766
8340	0.3657959061893515
8341	0.36472302864241735
8342	0.36338245522142104
8343	0.36254092159068996
8344	0.3614443587119085
8345	0.36089010201792676
8346	0.35993991546242826
8347	0.35910941361901333
8348	0.3580349783305661
8349	0.3569313457923792
8350	0.35567657882196885
8351	0.354297908612273
8352	0.3531661405303776
8353	0.35192616972951574
8354	0.3509768301111969
8355	0.3491660206268874
8356	0.34820453194999995
8357	0.346924333893567
8358	0.34595526851791103
8359	0.3448059350077274
8360	0.34385768087359936
8361	0.34291445280467187
8362	0.3422368790578268
8363	0.3412702480793183
8364	0.3397006925119297
8365	0.33903093019665564
8366	0.33814877825717027
8367	0.33732842431888693
8368	0.33623439016004986
8369	0.3349057882957705
8370	0.3332535240786531
8371	0.33253379198849176
8372	0.3310874535281568
8373	0.3302790564136697
8374	0.3293671596624417
8375	0.32773713660102166
8376	0.3262857576770643
8377	0.32527411177735177
8378	0.32466845819369344
8379	0.3240184750950072
8380	0.3234218304313434
8381	0.3226045791977105
8382	0.3218205748864853
8383	0.32077127709967734
8384	0.3200151948706662
8385	0.3189964511253489
8386	0.3169730444157822
8387	0.3159786446748189
8388	0.31529734015875854
8389	0.31474888947575486
8390	0.313955046783321
8391	0.3130239558381966
8392	0.3123023136418597
8393	0.31147669193510896
8394	0.31068874613847897
8395	0.30933005641802724
8396	0.3085292882772257
8397	0.30740915973802846
8398	0.3065847774838553
8399	0.30560467492355475
8400	0.3045401609907362
8401	0.3035826010492579
8402	0.3021460677621092
8403	0.30129527064307926
8404	0.30056687813285216
8405	0.29924684586755224
8406	0.297883427329747
8407	0.29676032404143177
8408	0.29500598158337055
8409	0.294071342796841
8410	0.2928072863048603
8411	0.2921244643726634
8412	0.2912101021174023
8413	0.29044826448987665
8414	0.28987171220016933
8415	0.2889416188611052
8416	0.2883954228930293
8417	0.2877849547562202
8418	0.2872086141650887
8419	0.2865164597415158
8420	0.2857461240950429
8421	0.28517450435893504
8422	0.28440270567656817
8423	0.2835895930378876
8424	0.28260869084623186
8425	0.28191314132427236
8426	0.2812498738653944
8427	0.28061626384415944
8428	0.27976091775102624
8429	0.2787209144512725
8430	0.2775108616301212
8431	0.2765741650106091
8432	0.27585393865265645
8433	0.27511761268095497
8434	0.27390415528737955
8435	0.27325110409533016
8436	0.2726652154093312
8437	0.2718535244305409
8438	0.27088548837826426
8439	0.27015201948731743
8440	0.268860564470925
8441	0.26832525037517485
8442	0.2675517387827754
8443	0.2665690614537585
8444	0.2656336588985651
8445	0.26454621074034335
8446	0.263749027212246
8447	0.263132488025418
8448	0.26248354515161265
8449	0.2621649215305484
8450	0.2615408522246311
8451	0.26127379260941547
8452	0.26079465104023586
8453	0.26017523916806146
8454	0.2596346823320372
8455	0.2592099124792343
8456	0.25839140857516774
8457	0.25752370252229734
8458	0.2569587813028813
8459	0.25665564544068087
8460	0.2558661598469704
8461	0.25496983181027205
8462	0.2545520648661431
8463	0.25393564340468844
8464	0.253282052156641
8465	0.25235518725097705
8466	0.25178656691322854
8467	0.2509259049414437
8468	0.2499482055480377
8469	0.24889560709424
8470	0.24763705081977175
8471	0.24733502211527353
8472	0.24674009204078767
8473	0.24589628652436168
8474	0.2451198771061237
8475	0.24467970218297233
8476	0.24407766843655201
8477	0.24330274874616933
8478	0.2425004783276791
8479	0.2418433611128086
8480	0.24099641138179767
8481	0.2403832273887092
8482	0.2396518887307341
8483	0.23890534022729593
8484	0.23786762486416438
8485	0.23721670029276073
8486	0.23651000098035108
8487	0.2354606571366514
8488	0.23436536060950103
8489	0.2338012576144056
8490	0.2327956418739886
8491	0.2313997653163721
8492	0.23060102847048927
8493	0.22984060713813456
8494	0.22835134519107475
8495	0.22699537715103685
8496	0.22617910225472881
8497	0.22512472214835408
8498	0.2245504930281212
8499	0.22300782677923348
8500	0.22223067016478845
8501	0.22116899898393028
8502	0.2203149101021483
8503	0.2194655242793902
8504	0.2190122717966758
8505	0.21815048188263939
8506	0.2176356676663218
8507	0.21672207984378436
8508	0.2157335040451647
8509	0.21452586525581332
8510	0.21382607140234605
8511	0.21307181949947918
8512	0.21219270173512908
8513	0.21068991367946527
8514	0.20969694125705204
8515	0.2089669192006298
8516	0.2077598461622856
8517	0.20690225047776856
8518	0.20648064799597518
8519	0.20552698706728714
8520	0.204572545293763
8521	0.20375968737403916
8522	0.2031555088897397
8523	0.20248773512991333
8524	0.2014293688747369
8525	0.20022469105745072
8526	0.19917370141997737
8527	0.19838727292671546
8528	0.19771903551810086
8529	0.1963291706387956
8530	0.1952141061230066
8531	0.19481360018955096
8532	0.19412518451449495
8533	0.19360623391646273
8534	0.19313452671556308
8535	0.1925065363989465
8536	0.19220360105836537
8537	0.1917344886259911
8538	0.19094495047231966
8539	0.1904481040146018
8540	0.18949356133594938
8541	0.18916071924197012
8542	0.18881959977030416
8543	0.1880107135465772
8544	0.18736076863432055
8545	0.18692496885614915
8546	0.18642453783473253
8547	0.18628288513296357
8548	0.18595598327007481
8549	0.18549043533861098
8550	0.18453685139013484
8551	0.18429526399615906
8552	0.18373381741511585
8553	0.1830260197048642
8554	0.1825995489990386
8555	0.18203200984695614
8556	0.1813895425383521
8557	0.1806829473982985
8558	0.18018646715704673
8559	0.17946901887909353
8560	0.17855060439743606
8561	0.17825630802899758
8562	0.17770507319049253
8563	0.17711095387503464
8564	0.17643313959722973
8565	0.17575045955919816
8566	0.17537705267479317
8567	0.17503742776525333
8568	0.1741326336049763
8569	0.17391486295340208
8570	0.17368413553855416
8571	0.17325610819548798
8572	0.1729725991823738
8573	0.17262523195967627
8574	0.17231109757319685
8575	0.1718771759306356
8576	0.1709112296607012
8577	0.17049501924537197
8578	0.16999036429931266
8579	0.1693605307857209
8580	0.16852716464754908
8581	0.16798299809520803
8582	0.16759997350166025
8583	0.16714710695414553
8584	0.1667410621956778
8585	0.1663220004054983
8586	0.16599895080256458
8587	0.16532831669072443
8588	0.16453116038841326
8589	0.16320677894794214
8590	0.16245871548183174
8591	0.1618538001983646
8592	0.16135387526753595
8593	0.1606108833634931
8594	0.1603509395393878
8595	0.15986920534555626
8596	0.15945200449745672
8597	0.15901295474364227
8598	0.15855967980519356
8599	0.1579626293288393
8600	0.15747659084625956
8601	0.1569032441229348
8602	0.15642838611258816
8603	0.15597120907621542
8604	0.15561915612702643
8605	0.1554127513287485
8606	0.15486716770483702
8607	0.15447034770937734
8608	0.15309029075969394
8609	0.15255595035699737
8610	0.1522511649959113
8611	0.15188835781726268
8612	0.15154287170353167
8613	0.151226150211935
8614	0.15070572961224962
8615	0.15031107289109288
8616	0.14950493824147293
8617	0.14937392122426507
8618	0.1490603557535771
8619	0.14870410307056667
8620	0.14824202105578807
8621	0.14739388392548256
8622	0.146565960581917
8623	0.1456304622612715
8624	0.1448690642987275
8625	0.14427045299968652
8626	0.14406080738282004
8627	0.1435479459846927
8628	0.14302055374163788
8629	0.14224213928174453
8630	0.14187843334404646
8631	0.14111721909023114
8632	0.14081655917548774
8633	0.14021460187126933
8634	0.14005192343449185
8635	0.13971638668436942
8636	0.13955346316738987
8637	0.13947885761081888
8638	0.1391058654277838
8639	0.1389863546457805
8640	0.13833833574283305
8641	0.13802776599487074
8642	0.1378286854561602
8643	0.13765563636385517
8644	0.13710884868005632
8645	0.13654185476662303
8646	0.13609024357628147
8647	0.13553035013924808
8648	0.13520792481665878
8649	0.13499557575323345
8650	0.1348433823448365
8651	0.13469095569765432
8652	0.13397368325781023
8653	0.13340499517078136
8654	0.13272883526747525
8655	0.13211803519756854
8656	0.13174934275542025
8657	0.13167674342778832
8658	0.1309909054833248
8659	0.13014475280169552
8660	0.1297871354429342
8661	0.12947335670617327
8662	0.12910207359354203
8663	0.1283273843753397
8664	0.12799760533335786
8665	0.12774873715932583
8666	0.1274534977849466
8667	0.12713885733997768
8668	0.12678496711026277
8669	0.12608190859822146
8670	0.12584552071825744
8671	0.12549130464591662
8672	0.1253678471992076
8673	0.12496420103985185
8674	0.12465207641002785
8675	0.1240538420693619
8676	0.12341550799034222
8677	0.12250779424177918
8678	0.12222090723908488
8679	0.12179841816884726
8680	0.12124791599748397
8681	0.12091842228323854
8682	0.12067914770458218
8683	0.12032866514479389
8684	0.11955832439000764
8685	0.11849362603843058
8686	0.11802049240581736
8687	0.11758232587605481
8688	0.11718465159443386
8689	0.11674810179782996
8690	0.11615081109373249
8691	0.11576913132118814
8692	0.11508565483860533
8693	0.11482085134194536
8694	0.11449501342140778
8695	0.11411562668724956
8696	0.11345910618818206
8697	0.11317930423235786
8698	0.11295292885584701
8699	0.11273146075938521
8700	0.11242424903280321
8701	0.112293577284244
8702	0.1121514034236164
8703	0.11139763218297787
8704	0.11132120354127234
8705	0.11098618455330926
8706	0.1109409492134038
8707	0.11080402910306444
8708	0.11073552821601751
8709	0.11032617400332012
8710	0.11014227412018372
8711	0.11002876243764381
8712	0.10983549737269435
8713	0.1097457319675576
8714	0.10921692800356443
8715	0.10885949248969093
8716	0.10878329206350676
8717	0.10839005988749674
8718	0.10821513151333474
8719	0.10804397974052031
8720	0.10779791033802687
8721	0.1073331330442093
8722	0.1070274896567248
8723	0.10622104189079923
8724	0.10586489362859508
8725	0.10517857681213856
8726	0.1044791999012231
8727	0.1042628554180316
8728	0.1041857851782624
8729	0.10379175683414961
8730	0.1035368581445717
8731	0.10296411935377354
8732	0.102856807813457
8733	0.10268086628634276
8734	0.102566947839614
8735	0.10236548095872015
8736	0.10205156853210917
8737	0.101904606095651
8738	0.10182673412075947
8739	0.10163200130544313
8740	0.10138626701635438
8741	0.10104403551008456
8742	0.10061036116266252
8743	0.10005828135277985
8744	0.09984902294241037
8745	0.09932014688857295
8746	0.0989060597409801
8747	0.09868172757801556
8748	0.09811405707423163
8749	0.0979330748391617
8750	0.09748909395086726
8751	0.09717219477856684
8752	0.09681985930943496
8753	0.09663369803278136
8754	0.09640886636454725
8755	0.09587507562470911
8756	0.09544190826067112
8757	0.09524248929587942
8758	0.09497609666840244
8759	0.0946156886989297
8760	0.0937926136910035
8761	0.0934263001226311
8762	0.09283121384549425
8763	0.09210531693676233
8764	0.0913811512674838
8765	0.09017409390706196
8766	0.08945757742471563
8767	0.0890100619970252
8768	0.08866394274228416
8769	0.08854652163589045
8770	0.08827231057276876
8771	0.08788948481111446
8772	0.08783411594722006
8773	0.08747332579852955
8774	0.0872968523898982
8775	0.08704312685814608
8776	0.0867972281178356
8777	0.0864323876782008
8778	0.08557817344663934
8779	0.08491940930302061
8780	0.08442675240147443
8781	0.08355229041439831
8782	0.08294693572799422
8783	0.08255268788370028
8784	0.08226331120495092
8785	0.0820257094602621
8786	0.08145128355880292
8787	0.08105176225104624
8788	0.0804804144242241
8789	0.07995652010768507
8790	0.07953357392983908
8791	0.07911591802251322
8792	0.07833999410803098
8793	0.07780364877157281
8794	0.07719859741390041
8795	0.07648054573919442
8796	0.07640072399881596
8797	0.07609062934558024
8798	0.07551191595826655
8799	0.0748334812037936
8800	0.0732849197010018
8801	0.0723906634636352
8802	0.07156643312818856
8803	0.07110417647726143
8804	0.07099184001461016
8805	0.07037513957891135
8806	0.06968633407558493
8807	0.06920334233668618
8808	0.0685632052685361
8809	0.06807930552005255
8810	0.067418152352419
8811	0.06702520586631147
8812	0.06607417159307798
8813	0.06554996850049842
8814	0.06542394178643364
8815	0.06516554134978735
8816	0.06489907595609716
8817	0.06472643468073978
8818	0.0637912476851907
8819	0.06370128574172844
8820	0.06312215053830265
8821	0.06210661206284913
8822	0.06162169885487682
8823	0.06130633557677461
8824	0.0609802301376619
8825	0.05988168861811599
8826	0.0593504246057925
8827	0.05912224285249563
8828	0.05887755011909014
8829	0.058704031521012265
8830	0.05842688765868862
8831	0.05758161957509831
8832	0.05726829173338643
8833	0.056966627482684745
8834	0.056579783845451835
8835	0.05615179205372941
8836	0.055803170561985145
8837	0.055179129063477515
8838	0.05504579691221067
8839	0.05468006728034474
8840	0.05399110409081876
8841	0.05382138267420356
8842	0.05342502951119424
8843	0.05326154057251248
8844	0.05317575608082379
8845	0.05298058747336913
8846	0.052650221797435004
8847	0.05230416557811039
8848	0.05217493766450011
8849	0.05180773217247347
8850	0.05119292873459969
8851	0.050807234386354455
8852	0.05063044264355139
8853	0.0499244591511698
8854	0.04933149753901372
8855	0.04872829214629583
8856	0.048064047271788535
8857	0.04761392705310531
8858	0.04699076187693439
8859	0.04661974372741918
8860	0.04586826387626467
8861	0.045696391199862775
8862	0.045572558007627495
8863	0.04543023761883688
8864	0.045418741871874835
8865	0.045326586480373555
8866	0.045112411990083104
8867	0.044837285419110924
8868	0.04466499140877029
8869	0.043809330081205376
8870	0.043570297155968725
8871	0.04334420507482473
8872	0.042504683124898364
8873	0.04234026817240394
8874	0.04165577889435837
8875	0.0415749916044591
8876	0.0412134043253785
8877	0.040343867834152766
8878	0.03971376355410822
8879	0.038324880095512576
8880	0.037998113853729094
8881	0.037524375908204566
8882	0.03621576389444276
8883	0.035848136868235805
8884	0.0357326832779529
8885	0.03511570847109
8886	0.03483805482394726
8887	0.03452542425806046
8888	0.034315071006275254
8889	0.034006586295257143
8890	0.033709076076014095
8891	0.03317364121200065
8892	0.03284262194442715
8893	0.03274726376037366
8894	0.03264051798218365
8895	0.03200796032691238
8896	0.03179384065874304
8897	0.031560335876730315
8898	0.03129801572821498
8899	0.031125394981994337
8900	0.031003786773232043
8901	0.030547685812085848
8902	0.03043086861463468
8903	0.030127827073360692
8904	0.029667564526036923
8905	0.029340999491384755
8906	0.029237050704923842
8907	0.02865113414008341
8908	0.02827895265938518
8909	0.028041683247410607
8910	0.027590903554640753
8911	0.02722002277376664
8912	0.026779007928623012
8913	0.026478252178229824
8914	0.02600370969645989
8915	0.025255368832144125
8916	0.025026544300109366
8917	0.024632429241622577
8918	0.02444277170607092
8919	0.023606487220042646
8920	0.0233971242169713
8921	0.022953448372522278
8922	0.022740205742781492
8923	0.022719435121306426
8924	0.02265737160039531
8925	0.02263178799261352
8926	0.022549390234809803
8927	0.022474923501194143
8928	0.022010797492218945
8929	0.02189915316402775
8930	0.02182161192742506
8931	0.021718445294808868
8932	0.021566918491353067
8933	0.021336133502091004
8934	0.021228666455780754
8935	0.021191052989572162
8936	0.02089844678559624
8937	0.020705840825507252
8938	0.020516447851703704
8939	0.020516447851703704
8940	0.020510667368660366
8941	0.020509074345793212
8942	0.020339804115858433
8943	0.020284626344360367
8944	0.020177013241361858
8945	0.020164108708809893
8946	0.020146666762652865
8947	0.019912877323472602
8948	0.01974003451107269
8949	0.019420141539777207
8950	0.01927210241608175
8951	0.019036525458054177
8952	0.018890276405030167
8953	0.018377885029686774
8954	0.01817793162780531
8955	0.01817793162780531
8956	0.01817793162780531
8957	0.01817793162780531
8958	0.018176529926837364
8959	0.018030322863562088
8960	0.018030322863562088
8961	0.017963374856524703
8962	0.0179559361890761
8963	0.01779975134210409
8964	0.017760951034985668
8965	0.017415390275344632
8966	0.01702634615322509
8967	0.01696728845334339
8968	0.016437957834476852
8969	0.015912112284882866
8970	0.015912112284882866
8971	0.0154764450000063
8972	0.015469911153098778
8973	0.01530833060058544
8974	0.015228290975968286
8975	0.015225024052514526
8976	0.014898490845236355
8977	0.014889865431371949
8978	0.014515660806379118
8979	0.014298700801128437
8980	0.01414402967561266
8981	0.013583553402246174
8982	0.013483067151718034
8983	0.013160643987731483
8984	0.013102290733471836
8985	0.01287810130412301
8986	0.012741039597149013
8987	0.012559627338913961
8988	0.012557330736917512
8989	0.01255618243591929
8990	0.012094976049012496
8991	0.011898237392334568
8992	0.011863865273889508
8993	0.011662408598763723
8994	0.011503281400098203
8995	0.011503281400098203
8996	0.011502133099099978
8997	0.011348621134798263
8998	0.011346324532801816
8999	0.011139207819426757
9000	0.011128379479373398
9001	0.011101308629240001
9002	0.010868524855410908
9003	0.010863110685384229
9004	0.010836039835250832
9005	0.010790949047299402
9006	0.010715232553738588
9007	0.010513421421720938
9008	0.010298332981569428
9009	0.010177669747523531
9010	0.00990895051795417
9011	0.009847714964536198
9012	0.009754942960741947
9013	0.009546420971128265
9014	0.009448005574458958
9015	0.009441184127611935
9016	0.00942481265517908
9017	0.009368876791033496
9018	0.009364783922925281
9019	0.009364783922925281
9020	0.009364783922925281
9021	0.009360272660499632
9022	0.009256513624709719
9023	0.009214408508737
9024	0.00907868945018177
9025	0.00907868945018177
9026	0.00907868945018177
9027	0.00873385432965805
9028	0.008622647165437623
9029	0.008439669806528898
9030	0.008326429666924455
9031	0.008326429666924455
9032	0.008326429666924455
9033	0.008149583253599107
9034	0.008149583253599107
9035	0.00802173786018969
9036	0.00802173786018969
9037	0.007893259689337132
9038	0.007694637272750132
9039	0.007599685866181573
9040	0.007401562995410249
9041	0.007396388208474748
9042	0.007391213421539246
9043	0.007375689060732744
9044	0.0073032420436357276
9045	0.007225620239603209
9046	0.0068267498493145146
9047	0.00674060654296609
9048	0.00674060654296609
9049	0.00674060654296609
9050	0.006739084003496127
9051	0.0064426613059828195
9052	0.006326060508259153
9053	0.006326060508259153
9054	0.006326060508259153
9055	0.006203810026446603
9056	0.006203810026446603
9057	0.006203810026446603
9058	0.006203810026446603
9059	0.006174466224515376
9060	0.006049368963650665
9061	0.006049368963650665
9062	0.006049368963650665
9063	0.0059105987842821926
9064	0.0059105987842821926
9065	0.0059105987842821926
9066	0.0059105987842821926
9067	0.0059105987842821926
9068	0.005769269324376233
9069	0.005769269324376233
9070	0.005769269324376233
9071	0.005769269324376233
9072	0.005769269324376233
9073	0.005433576885192404
9074	0.005433576885192404
9075	0.005433576885192404
9076	0.005417801878625628
9077	0.005220234448651184
9078	0.004928978005145989
9079	0.004864073543975099
9080	0.0047752569128991455
9081	0.0047752569128991455
9082	0.0047752569128991455
9083	0.0046212045091624104
9084	0.0046212045091624104
9085	0.0046212045091624104
9086	0.0046212045091624104
9087	0.004512053265041575
9088	0.004512053265041575
9089	0.004512053265041575
9090	0.004512053265041575
9091	0.00451065414930145
9092	0.00440572046879209
9093	0.0043721416910290955
9094	0.0042732722006015396
9095	0.004182008055591488
9096	0.004182008055591488
9097	0.004053879845655681
9098	0.004053879845655681
9099	0.004053879845655681
9100	0.004036711249296707
9101	0.0038978016969377334
9102	0.0038978016969377334
9103	0.003724452290918385
9104	0.003724452290918385
9105	0.003555908819843345
9106	0.0034125122147962168
9107	0.0034125122147962168
9108	0.0034125122147962168
9109	0.0034125122147962168
9110	0.0034125122147962168
9111	0.0034125122147962168
9112	0.003255971831281432
9113	0.003255971831281432
9114	0.0031220375015143676
9115	0.0031220375015143676
9116	0.0031220375015143676
9117	0.0031220375015143676
9118	0.0031220375015143676
9119	0.0031220375015143676
9120	0.0031220375015143676
9121	0.0031101309161370686
9122	0.00297166399844267
9123	0.002502185692397978
9124	0.002403549797648334
9125	0.0023742672663945334
9126	0.0023742672663945334
9127	0.0023742672663945334
9128	0.0021971726860053804
9129	0.0021971726860053804
9130	0.0021846735954412634
9131	0.0020186142493751357
9132	0.0020186142493751357
9133	0.002016468372132234
9134	0.0019113203872300562
9135	0.0017921601029653755
9136	0.0017863967339841163
9137	0.0016376505105892955
9138	0.0015097488613195122
9139	0.0013322293364120693
9140	0.0012905278650336416
9141	0.0011211156375587799
9142	0.0011211156375587799
9143	0.0011211156375587799
9144	0.0011211156375587799
9145	0.0009579508400511924
9146	0.0009579508400511924
9147	0.0009579508400511924
9148	0.0009579508400511924
9149	0.0009579508400511924
9150	0.0009579508400511924
9151	0.000794186355441175
9152	0.000794186355441175
9153	0.000794186355441175
9154	0.000794186355441175
9155	0.000794186355441175
9156	0.000794186355441175
9157	0.000794186355441175
9158	0.000794186355441175
9159	0.0007036151452819184
9160	0.0007036151452819184
9161	0.0007036151452819184
9162	0.0007036151452819184
9163	0.0007036151452819184
9164	0.0006901401963605165
9165	0.0005441623232622378
9166	0.0004954692321708779
9167	0.0003529941957828129
9168	0.0003448268871484097
9169	0.00031215765261079654
9170	0.00023538495144740586
9171	0.00023538495144740586
9172	0.00023538495144740586
9173	0.00023538495144740586
9174	0.00023538495144740586
9175	0.00023538495144740586
9176	0.00023538495144740586
9177	0.00023538495144740586
9178	0.00023538495144740586
9179	0.00023538495144740586
9180	0.00023538495144740586
9181	0.00023538495144740586
9182	0.00023538495144740586
9183	0.0002341794029311559
9184	0.00011483009982242131
9185	0.00011483009982242131
9186	0.00011483009982242131
9187	0.00011483009982242131
9188	0.00011483009982242131
9189	0.00011483009982242131
9190	0.00011483009982242131
9191	0.00011483009982242131
9192	0.00011483009982242131
9193	0.00011483009982242131
9194	0.00011483009982242131
9195	0.00011483009982242131
9196	0.00011483009982242131
9197	0.00011483009982242131
9198	0.00011483009982242131
9199	0.00011483009982242131
9200	0.00011483009982242131
9201	0.00011483009982242131
9202	0.00011483009982242131
9203	0.00011483009982242131
9204	0.00011483009982242131
9205	0.00011483009982242131
9206	0.00011483009982242131
9207	0.00011483009982242131
9208	0.00011483009982242131
9209	0.00011483009982242131
9210	0.00011483009982242131
9211	0.00011483009982242131
9212	0.00011483009982242131
9213	0.00011483009982242131
9214	0.00011483009982242131
9215	0.00011483009982242131
9216	0.00011483009982242131
9217	0.00011483009982242131
9218	0.00011483009982242131
9219	0.00011483009982242131
9220	0.00011483009982242131
9221	0.00011483009982242131
9222	0.00011483009982242131
9223	0.00011483009982242131
9224	0.00011483009982242131
9225	0.00011483009982242131
9226	7.234296288812544e-05
9227	7.004636089167696e-05
9228	3.2152427950277896e-05
9229	0.0
9230	0.0
9231	0.0
9232	0.0
9233	0.0
9234	0.0
9235	0.0
9236	0.0
9237	0.0
9238	0.0
9239	0.0
9240	0.0
9241	0.0
9242	0.0
9243	0.0
9244	0.0
9245	0.0
9246	0.0
9247	0.0
9248	0.0
9249	0.0
9250	0.0
9251	0.0
9252	0.0
9253	0.0
9254	0.0
9255	0.0
9256	0.0
9257	0.0
9258	0.0
9259	0.0
9260	0.0
9261	0.0
9262	0.0
9263	0.0
9264	0.0
9265	0.0
9266	0.0
9267	0.0
9268	0.0
9269	0.0
9270	0.0
9271	0.0
9272	0.0
9273	0.0
9274	0.0
9275	0.0
9276	0.0
9277	0.0
9278	0.0
9279	0.0
9280	0.0
9281	0.0
9282	0.0
9283	0.0
9284	0.0
9285	0.0
9286	0.0
9287	0.0
9288	0.0
9289	0.0
9290	0.0
9291	0.0
9292	0.0
9293	0.0
9294	0.0
9295	0.0
9296	0.0
9297	0.0
9298	0.0
9299	0.0
9300	0.0
9301	0.0
9302	0.0
9303	0.0
9304	0.0
9305	0.0
9306	0.0
9307	0.0
9308	0.0
9309	0.0
9310	0.0
9311	0.0
9312	0.0
9313	0.0
9314	0.0
9315	0.0
9316	0.0
9317	0.0
9318	0.0
9319	0.0
9320	0.0
9321	0.0
9322	0.0
9323	0.0
9324	0.0
9325	0.0
9326	0.0
9327	0.0
9328	0.0
9329	0.0
9330	0.0
9331	0.0
9332	0.0
9333	0.0
9334	0.0
9335	0.0
9336	0.0
9337	0.0
9338	0.0
9339	0.0
9340	0.0
9341	0.0
9342	0.0
9343	0.0
9344	0.0
9345	0.0
9346	0.0
9347	0.0
9348	0.0
9349	0.0
9350	0.0
9351	0.0
9352	0.0
9353	0.0
9354	0.0
9355	0.0
9356	0.0
9357	0.0
9358	0.0
9359	0.0
9360	0.0
9361	0.0
9362	0.0
9363	0.0
9364	0.0
9365	0.0
9366	0.0
9367	0.0
9368	0.0
9369	0.0
9370	0.0
9371	0.0
9372	0.0
9373	0.0
9374	0.0
9375	0.0
9376	0.0
9377	0.0
9378	0.0
9379	0.0
9380	0.0
9381	0.0
9382	0.0
9383	0.0
9384	0.0
9385	0.0
9386	0.0
9387	0.0
9388	0.0
9389	0.0
9390	0.0
9391	0.0
9392	0.0
9393	0.0
9394	0.0
9395	0.0
9396	0.0
9397	0.0
9398	0.0
9399	0.0
9400	0.0
9401	0.0
9402	0.0
9403	0.0
9404	0.0
9405	0.0
9406	0.0
9407	0.0
9408	0.0
9409	0.0
9410	0.0
9411	0.0
9412	0.0
9413	0.0
9414	0.0
9415	0.0
9416	0.0
9417	0.0
9418	0.0
9419	0.0
9420	0.0
9421	0.0
9422	0.0
9423	0.0
9424	0.0
9425	0.0
9426	0.0
9427	0.0
9428	0.0
9429	0.0
9430	0.0
9431	0.0
9432	0.0
9433	0.0
9434	0.0
9435	0.0
9436	0.0
9437	0.0
9438	0.0
9439	0.0
9440	0.0
9441	0.0
9442	0.0
9443	0.0
9444	0.0
9445	0.0
9446	0.0
9447	0.0
9448	0.0
9449	0.0
9450	0.0
9451	0.0
9452	0.0
9453	0.0
9454	0.0
9455	0.0
9456	0.0
9457	0.0
9458	0.0
9459	0.0
9460	0.0
9461	0.0
9462	0.0
9463	0.0
9464	0.0
9465	0.0
9466	0.0
9467	0.0
9468	0.0
9469	0.0
9470	0.0
9471	0.0
9472	0.0
9473	0.0
9474	0.0
9475	0.0
9476	0.0
9477	0.0
9478	0.0
9479	0.0
9480	0.0
9481	0.0
9482	0.0
9483	0.0
9484	0.0
9485	0.0
9486	0.0
9487	0.0
9488	0.0
9489	0.0
9490	0.0
9491	0.0
9492	0.0
9493	0.0
9494	0.0
9495	0.0
9496	0.0
9497	0.0
9498	0.0
9499	0.0
9500	0.0
9501	0.0
9502	0.0
9503	0.0
9504	0.0
9505	0.0
9506	0.0
9507	0.0
9508	0.0
9509	0.0
9510	0.0
9511	0.0
9512	0.0
9513	0.0
9514	0.0
9515	0.0
9516	0.0
9517	0.0
9518	0.0
9519	0.0
9520	0.0
9521	0.0
9522	0.0
9523	0.0
9524	0.0
9525	0.0
9526	0.0
9527	0.0
9528	0.0
9529	0.0
9530	0.0
9531	0.0
9532	0.0
9533	0.0
9534	0.0
9535	0.0
9536	0.0
9537	0.0
9538	0.0
9539	0.0
9540	0.0
9541	0.0
9542	0.0
9543	0.0
9544	0.0
9545	0.0
9546	0.0
9547	0.0
9548	0.0
9549	0.0
9550	0.0
9551	0.0
9552	0.0
9553	0.0
9554	0.0
9555	0.0
9556	0.0
9557	0.0
9558	0.0
9559	0.0
9560	0.0
9561	0.0
9562	0.0
9563	0.0
9564	0.0
9565	0.0
9566	0.0
9567	0.0
9568	0.0
9569	0.0
9570	0.0
9571	0.0
9572	0.0
9573	0.0
9574	0.0
9575	0.0
9576	0.0
9577	0.0
9578	0.0
9579	0.0
9580	0.0
9581	0.0
9582	0.0
9583	0.0
9584	0.0
9585	0.0
9586	0.0
9587	0.0
9588	0.0
9589	0.0
9590	0.0
9591	0.0
9592	0.0
9593	0.0
9594	0.0
9595	0.0
9596	0.0
9597	0.0
9598	0.0
9599	0.0
9600	0.0
9601	0.0
9602	0.0
9603	0.0
9604	0.0
9605	0.0
9606	0.0
9607	0.0
9608	0.0
9609	0.0
9610	0.0
9611	0.0
9612	0.0
9613	0.0
9614	0.0
9615	0.0
9616	0.0
9617	0.0
9618	0.0
9619	0.0
9620	0.0
9621	0.0
9622	0.0
9623	0.0
9624	0.0
9625	0.0
9626	0.0
9627	0.0
9628	0.0
9629	0.0
9630	0.0
9631	0.0
9632	0.0
9633	0.0
9634	0.0
9635	0.0
9636	0.0
9637	0.0
9638	0.0
9639	0.0
9640	0.0
9641	0.0
9642	0.0
9643	0.0
9644	0.0
9645	0.0
9646	0.0
9647	0.0
9648	0.0
9649	0.0
9650	0.0
9651	0.0
9652	0.0
9653	0.0
9654	0.0
9655	0.0
9656	0.0
9657	0.0
9658	0.0
9659	0.0
9660	0.0
9661	0.0
9662	0.0
9663	0.0
9664	0.0
9665	0.0
9666	0.0
9667	0.0
9668	0.0
9669	0.0
9670	0.0
9671	0.0
9672	0.0
9673	0.0
9674	0.0
9675	0.0
9676	0.0
9677	0.0
9678	0.0
9679	0.0
9680	0.0
9681	0.0
9682	0.0
9683	0.0
9684	0.0
9685	0.0
9686	0.0
9687	0.0
9688	0.0
9689	0.0
9690	0.0
9691	0.0
9692	0.0
9693	0.0
9694	0.0
9695	0.0
9696	0.0
9697	0.0
9698	0.0
9699	0.0
9700	0.0
9701	0.0
9702	0.0
9703	0.0
9704	0.0
9705	0.0
9706	0.0
9707	0.0
9708	0.0
9709	0.0
9710	0.0
9711	0.0
9712	0.0
9713	0.0
9714	0.0
9715	0.0
9716	0.0
9717	0.0
9718	0.0
9719	0.0
9720	0.0
9721	0.0
9722	0.0
9723	0.0
9724	0.0
9725	0.0
9726	0.0
9727	0.0
9728	0.0
9729	0.0
9730	0.0
9731	0.0
9732	0.0
9733	0.0
9734	0.0
9735	0.0
9736	0.0
9737	0.0
9738	0.0
9739	0.0
9740	0.0
9741	0.0
9742	0.0
9743	0.0
9744	0.0
9745	0.0
9746	0.0
9747	0.0
9748	0.0
9749	0.0
9750	0.0
9751	0.0
9752	0.0
9753	0.0
9754	0.0
9755	0.0
9756	0.0
9757	0.0
9758	0.0
9759	0.0
9760	0.0
9761	0.0
9762	0.0
9763	0.0
9764	0.0
9765	0.0
9766	0.0
9767	0.0
9768	0.0
9769	0.0
9770	0.0
9771	0.0
9772	0.0
9773	0.0
9774	0.0
9775	0.0
9776	0.0
9777	0.0
9778	0.0
9779	0.0
9780	0.0
9781	0.0
9782	0.0
9783	0.0
9784	0.0
9785	0.0
9786	0.0
9787	0.0
9788	0.0
9789	0.0
9790	0.0
9791	0.0
9792	0.0
9793	0.0
9794	0.0
9795	0.0
9796	0.0
9797	0.0
9798	0.0
9799	0.0
9800	0.0
9801	0.0
9802	0.0
9803	0.0
9804	0.0
9805	0.0
9806	0.0
9807	0.0
9808	0.0
9809	0.0
9810	0.0
9811	0.0
9812	0.0
9813	0.0
9814	0.0
9815	0.0
9816	0.0
9817	0.0
9818	0.0
9819	0.0
9820	0.0
9821	0.0
9822	0.0
9823	0.0
9824	0.0
9825	0.0
9826	0.0
9827	0.0
9828	0.0
9829	0.0
9830	0.0
9831	0.0
9832	0.0
9833	0.0
9834	0.0
9835	0.0
9836	0.0
9837	0.0
9838	0.0
9839	0.0
9840	0.0
9841	0.0
9842	0.0
9843	0.0
9844	0.0
9845	0.0
9846	0.0
9847	0.0
9848	0.0
9849	0.0
9850	0.0
9851	0.0
9852	0.0
9853	0.0
9854	0.0
9855	0.0
9856	0.0
9857	0.0
9858	0.0
9859	0.0
9860	0.0
9861	0.0
9862	0.0
9863	0.0
9864	0.0
9865	0.0
9866	0.0
9867	0.0
9868	0.0
9869	0.0
9870	0.0
9871	0.0
9872	0.0
9873	0.0
9874	0.0
9875	0.0
9876	0.0
9877	0.0
9878	0.0
9879	0.0
9880	0.0
9881	0.0
9882	0.0
9883	0.0
9884	0.0
9885	0.0
9886	0.0
9887	0.0
9888	0.0
9889	0.0
9890	0.0
9891	0.0
9892	0.0
9893	0.0
9894	0.0
9895	0.0
9896	0.0
9897	0.0
9898	0.0
9899	0.0
9900	0.0
9901	0.0
9902	0.0
9903	0.0
9904	0.0
9905	0.0
9906	0.0
9907	0.0
9908	0.0
9909	0.0
9910	0.0
9911	0.0
9912	0.0
9913	0.0
9914	0.0
9915	0.0
9916	0.0
9917	0.0
9918	0.0
9919	0.0
9920	0.0
9921	0.0
9922	0.0
9923	0.0
9924	0.0
9925	0.0
9926	0.0
9927	0.0
9928	0.0
9929	0.0
9930	0.0
9931	0.0
9932	0.0
9933	0.0
9934	0.0
9935	0.0
9936	0.0
9937	0.0
9938	0.0
9939	0.0
9940	0.0
9941	0.0
9942	0.0
9943	0.0
9944	0.0
9945	0.0
9946	0.0
9947	0.0
9948	0.0
9949	0.0
9950	0.0
9951	0.0
9952	0.0
9953	0.0
9954	0.0
9955	0.0
9956	0.0
9957	0.0
9958	0.0
9959	0.0
9960	0.0
9961	0.0
9962	0.0
9963	0.0
9964	0.0
9965	0.0
9966	0.0
9967	0.0
9968	0.0
9969	0.0
9970	0.0
9971	0.0
9972	0.0
9973	0.0
9974	0.0
9975	0.0
9976	0.0
9977	0.0
9978	0.0
9979	0.0
9980	0.0
9981	0.0
9982	0.0
9983	0.0
9984	0.0
9985	0.0
9986	0.0
9987	0.0
9988	0.0
9989	0.0
9990	0.0
9991	0.0
9992	0.0
9993	0.0
9994	0.0
9995	0.0
9996	0.0
9997	0.0
9998	0.0
9999	0.0
10000	0.0
10001	0.0
10002	0.0
10003	0.0
10004	0.0
10005	0.0
10006	0.0
10007	0.0
10008	0.0
10009	0.0
10010	0.0
10011	0.0
10012	0.0
10013	0.0
10014	0.0
10015	0.0
10016	0.0
10017	0.0
10018	0.0
10019	0.0
10020	0.0
10021	0.0
10022	0.0
10023	0.0
10024	0.0
10025	0.0
10026	0.0
10027	0.0
10028	0.0
10029	0.0
10030	0.0
10031	0.0
10032	0.0
10033	0.0
10034	0.0
10035	0.0
10036	0.0
10037	0.0
10038	0.0
10039	0.0
10040	0.0
10041	0.0
10042	0.0
10043	0.0
10044	0.0
10045	0.0
10046	0.0
10047	0.0
10048	0.0
10049	0.0
10050	0.0
10051	0.0
10052	0.0
10053	0.0
10054	0.0
10055	0.0
10056	0.0
10057	0.0
10058	0.0
10059	0.0
10060	0.0
10061	0.0
10062	0.0
10063	0.0
10064	0.0
10065	0.0
10066	0.0
10067	0.0
10068	0.0
10069	0.0
10070	0.0
10071	0.0
10072	0.0
10073	0.0
10074	0.0
10075	0.0
10076	0.0
10077	0.0
10078	0.0
10079	0.0
10080	0.0
10081	0.0
10082	0.0
10083	0.0
10084	0.0
10085	0.0
10086	0.0
10087	0.0
10088	0.0
10089	0.0
10090	0.0
10091	0.0
10092	0.0
10093	0.0
10094	0.0
10095	0.0
10096	0.0
10097	0.0
10098	0.0
10099	0.0
10100	0.0
10101	0.0
10102	0.0
10103	0.0
10104	0.0
10105	0.0
10106	0.0
10107	0.0
10108	0.0
10109	0.0
10110	0.0
10111	0.0
10112	0.0
10113	0.0
10114	0.0
10115	0.0
10116	0.0
10117	0.0
10118	0.0
10119	0.0
10120	0.0
10121	0.0
10122	0.0
10123	0.0
10124	0.0
10125	0.0
10126	0.0
10127	0.0
10128	0.0
10129	0.0
10130	0.0
10131	0.0
10132	0.0
10133	0.0
10134	0.0
10135	0.0
10136	0.0
10137	0.0
10138	0.0
10139	0.0
10140	0.0
10141	0.0
10142	0.0
10143	0.0
10144	0.0
10145	0.0
10146	0.0
10147	0.0
10148	0.0
10149	0.0
10150	0.0
10151	0.0
10152	0.0
10153	0.0
10154	0.0
10155	0.0
10156	0.0
10157	0.0
10158	0.0
10159	0.0
10160	0.0
10161	0.0
10162	0.0
10163	0.0
10164	0.0
10165	0.0
10166	0.0
10167	0.0
10168	0.0
10169	0.0
10170	0.0
10171	0.0
10172	0.0
10173	0.0
10174	0.0
10175	0.0
10176	0.0
10177	0.0
10178	0.0
10179	0.0
10180	0.0
10181	0.0
10182	0.0
10183	0.0
10184	0.0
10185	0.0
10186	0.0
10187	0.0
10188	0.0
10189	0.0
10190	0.0
10191	0.0
10192	0.0
10193	0.0
10194	0.0
10195	0.0
10196	0.0
10197	0.0
10198	0.0
10199	0.0
10200	0.0
10201	0.0
10202	0.0
10203	0.0
10204	0.0
10205	0.0
10206	0.0
10207	0.0
10208	0.0
10209	0.0
10210	0.0
10211	0.0
10212	0.0
10213	0.0
10214	0.0
10215	0.0
10216	0.0
10217	0.0
10218	0.0
10219	0.0
10220	0.0
10221	0.0
10222	0.0
10223	0.0
10224	0.0
10225	0.0
10226	0.0
10227	0.0
10228	0.0
10229	0.0
10230	0.0
10231	0.0
10232	0.0
10233	0.0
10234	0.0
10235	0.0
10236	0.0
10237	0.0
10238	0.0
10239	0.0
10240	0.0
10241	0.0
10242	0.0
10243	0.0
10244	0.0
10245	0.0
10246	0.0
10247	0.0
10248	0.0
10249	0.0
10250	0.0
10251	0.0
10252	0.0
10253	0.0
10254	0.0
10255	0.0
10256	0.0
10257	0.0
10258	0.0
10259	0.0
10260	0.0
10261	0.0
