mean	scale
1.6934426098535287	0.38140881397455445
1.3694902796271637	0.26948691160182303
0.30318988015978693	0.34731307684324797
1.4989719041278293	0.27657976164240444
1.5305314247669775	0.1866020175861211
0.35723581890812245	0.4848058948909352
0.5047728362183754	0.263827502773155
1.535695206391478	0.26323498021839076
1.5010320905459384	0.2255959867473454
0.8708098535286285	0.42675927872764324
1.8962691078561917	0.16676896128817706
1.4008308921438082	0.17383358765250603
1.2363000000000002	0.31329608879513254
1.137762450066578	0.233391101272631
1.7034814913448735	0.14188345554373216
1.123106790945406	0.42060914933599347
1.1929276964047937	0.30439791578957465
2.1546711051930756	0.6110291930921924
0.2506977363515313	0.3346684628626107
1.4008319573901467	0.2559719192140589
1.4068511318242345	0.28449802724338313
1.6217181091877497	0.2891996304917844
0.5732561917443408	0.39847597028313647
1.8365042609853528	0.23390573592245065
2.0569964047936087	0.3538223304405279
1.7237286284953397	0.16931969570463973
1.2469030625832223	0.2754846541600901
1.0847356857523303	0.32819726397304094
1.6048434087882824	0.30542868588856087
1.5488223701731025	0.25124479069711714
0.3172531291611185	0.40553830778536826
1.4830549933422104	0.22497562376839844
0.7335949400798935	0.46076828211292353
1.946509187749667	0.3691980015876363
1.4876611185086552	0.23401764078365975
0.5932655126498003	0.541832855793691
1.5346303595206392	0.27511479150661744
1.9176455392809588	0.2814892060202917
2.232682956058589	0.4013995012490417
1.73931637816245	0.19317487592286525
1.0122572569906791	0.41372273706720225
1.2183882822902796	0.22775684319689465
0.259491344873502	0.23339546539575093
1.3883014647137149	0.2080301350967545
1.0599121171770973	0.2450348700958588
0.9010403462050599	0.4152175997752614
1.4588625832223703	0.22660465787392337
1.083719174434088	0.371475709929681
1.09017896138482	0.22931961718894206
0.5550747003994674	0.2672246231172256
1.9315110519307592	0.10070108592306169
1.8679272969374168	0.5403878077919013
1.3910509986684425	0.2868325322673705
1.854913049267643	0.3549473244843683
1.288293608521971	0.23170432186028864
1.7750030625832223	0.1372925515738243
1.3406109187749669	0.2457910033968296
1.215782157123835	0.34937524784887286
1.6870027962716379	0.25784780227875476
1.3282986684420772	0.3471665055197839
1.6679053262316912	0.5449406019974284
1.4792584553928096	0.3848335181990239
1.959309054593875	0.24241088216122803
0.9453636484687084	0.34080002500109935
1.6146267643142476	0.662491983391979
1.8698037283621838	0.2668038057170237
0.24204926764314247	0.25751527928269463
1.9534179760319574	0.22457753191116947
1.7197673768308925	0.5339108044154451
1.7145066577896138	0.1531428736266385
2.0429338215712383	0.47009812390582506
0.9564286284953395	0.3324123522425401
2.334566311584554	0.33430137741612886
1.4686380825565912	0.26162236756472407
1.7203713715046605	0.2896011248205366
2.0533126498002665	0.2950276685885447
1.2187962716378162	0.51820189235255
2.617150466045273	0.5426773047281657
1.7937025299600533	0.4686692824425171
1.8642011984021305	0.31706979033430227
2.599392543275633	0.39872173587700915
0.6575010652463382	0.603626749932896
1.5384900133155792	0.3395029735874197
1.4157335552596537	0.37364374295623204
1.3510929427430094	0.2412666150494348
2.1150840213049267	0.38971259365947936
1.2822246338215713	0.21658120532731143
2.027155659121172	0.24066373038557523
0.9251981358189081	0.2677203268188606
1.8130095872170437	0.25594607275443426
1.3479788282290281	0.20216063234335668
1.4063716378162452	0.24022483284226714
1.0203825565912117	0.3176747729782868
1.4017194407456723	0.19391415055252537
0.8765358189081226	0.23472086781447105
0.6522062583222371	0.5204532839999629
1.3220541944074566	0.44265850210563173
1.8853331557922772	0.21038340500878447
1.0618033288948068	0.5284275090358461
1.1242090545938748	0.38302667799579754
0.2714114513981358	0.2311805126507236
1.0407486018641812	0.346793228255432
1.0315549933422103	0.24796982849513785
1.7478801597869509	0.2200709622098377
1.614624101198402	0.24189386315141878
1.7463806924101197	0.19819687649132794
1.3444724367509986	0.4827609666746696
0.8805460719041277	0.3100469419076748
2.139590412782956	0.4578970716405672
0.9621050599201065	0.29006233436500056
1.2009845539280959	0.25784213298136566
2.453755659121172	0.3042609573010444
2.044647536617843	0.24079267889959088
2.3865015978695077	0.39962502953619033
1.4628780292942742	0.26467381293516673
0.2752496671105193	0.28354083288186305
1.822774034620506	0.5175556741039273
2.313686018641811	0.33124014098977156
2.2813207723035953	0.19191113607362825
1.834062050599201	0.22746117096959126
4.005780559254327	0.900178258819525
2.932476830892144	0.26185248201870753
3.5179491344873504	0.46428224360505893
2.596089880159787	0.6952628505648911
2.094690679094541	0.36207383418919625
1.6179129161118508	0.18635447267766073
0.32006764314247665	0.2576081221264651
0.3933760319573901	0.3633140187264493
2.35437776298269	0.4863067042214835
3.104240878828229	0.831688215336725
2.6840912117177096	0.6495864283620106
2.498485885486019	0.2437865114322498
2.3494287616511316	0.1345587950274481
1.8478652463382155	0.19379490243972813
2.321735019973369	0.4315908533233797
1.3604122503328895	0.39192837379146056
0.9715131824234354	0.18232344336916564
1.854789747003995	0.16795429594793365
1.655505326231691	0.18015631856649986
1.652455259653795	0.3544515988411832
1.2295673768308921	0.29862004357891603
0.5626	0.3364491528647117
1.9694262316910784	0.2957542688239863
1.0105487350199733	0.5588921660606981
1.6541387483355525	0.18591452470397082
0.7324790945406126	0.23289595289716367
1.5769593874833554	0.32953303124802674
1.662419707057257	0.7331861525461322
1.787363515312916	0.30142483659712355
1.778379760319574	0.29391921576505997
2.2775145139813584	0.44850212594786787
0.49085778961384813	0.37004121854825145
1.2142019973368843	0.5329315280264303
0.27381930758988016	0.3193099092561765
1.085311451398136	0.36208287635506586
1.8183298268974701	0.7698598138526194
2.362074034620506	0.2538896000355768
1.4741075898801599	0.3782691917058431
0.2932081225033289	0.26917020543628306
1.406610652463382	0.6328654475848018
0.9746211717709721	0.38201088685305745
0.5305724367509986	0.348096663112553
1.4873017310252996	0.6874972374986258
0.7093703062583222	0.49027128712289136
1.1995294274300932	0.3402494999407423
1.9263270306258324	0.5091695635010436
1.707296537949401	0.6817330015439618
1.226883089214381	0.5528576820347748
0.5551348868175765	0.6275865863264113
1.8648117177097203	0.3104582154886972
1.0970123834886818	0.2739453037995231
0.5035953395472703	0.3104430408991762
1.658990812250333	0.39836890120449525
1.5117111850865512	0.45747971597367815
1.3957009320905458	0.3185437489771959
2.1639435419440747	0.3121539924485496
0.9181380825565912	0.2526065948441835
0.2898399467376831	0.25785454962784504
1.8304366178428761	0.18300873635040393
1.510572037283622	0.4370139953223091
2.128439813581891	0.374887556190364
0.9175627163781623	0.3435940549765927
2.3028431424766977	0.16512581186654485
0.21357230359520638	0.24319907596689486
1.8854201065246337	0.22968311397385965
1.6019637816245005	0.40677038451545994
1.7880107856191745	0.21477777764894476
0.44306591211717705	0.2875677396428348
2.5090941411451397	0.6536092469017306
2.263303861517976	0.6521250613016126
0.2761735019973369	0.23757194893833006
2.4121717709720376	0.20717842070234982
1.4738840213049267	0.3005379169616241
0.7226312916111852	0.37887791412860633
1.216854860186418	0.43472790378876114
0.6488619174434088	0.37595821627844345
1.2403283621837549	0.3350304779463753
1.6970475366178428	0.3145467834921381
1.565860186418109	0.20321614941138352
0.9584142476697736	0.43775977457552906
2.1356896138482027	0.2987125341883214
0.6945141145139814	0.3569991123502826
1.6782398135818908	0.2697130768199575
0.9960266311584555	0.5601003190381644
2.1139993342210386	0.17894296932596865
2.1404013315579227	0.23747566759836583
1.3687312916111851	0.21988745975972213
1.4628105193075898	0.3357395093992282
1.8348117177097205	0.21640883990230556
1.5449651131824236	0.16320191420921437
0.6786936085219707	0.42562091816285397
0.764095739014647	0.27365595929270614
1.0069564580559256	0.49564945199460725
1.8539700399467374	0.25467408941384945
1.242465912117177	0.29103442538776386
0.4171019973368842	0.3166812232090199
0.25901225033288955	0.25889097013448154
0.8136719041278296	0.41051113395550454
0.420940878828229	0.3307680310321562
2.2454993342210385	0.2778046044528706
1.5448111850865516	0.16036862299425117
1.3631407456724367	0.19554428690211453
1.438469773635153	0.3661968665782015
1.979163914780293	0.3371297818196049
1.4567238348868177	0.29381996408698857
2.097614913448735	0.198757452750651
1.4281332889480691	0.3909435580442101
0.3731541944074567	0.3232645037218924
1.4956727030625832	0.460401282230669
2.0337664447403463	0.3429441789456602
1.8073737683089215	0.1475805731915153
1.4968271637816246	0.16816199629666775
1.492149533954727	0.19351985642307915
1.230251797603196	0.3330433576917989
1.5316886817576567	0.1884378433789336
0.465819707057257	0.48123490327310675
0.9271074567243673	0.2598447207579598
0.40030399467376826	0.2501425091240195
1.274031158455393	0.2806551340147864
1.6083340878828227	0.1532824225030463
2.482267509986684	0.49119938825724585
0.5122651131824235	0.24640872745636455
1.4632030625832222	0.31313673105236717
1.3012517976031956	0.2854104177694568
1.0996881491344874	0.2011646668158606
1.154734620505992	0.32440936095493433
0.8868181091877495	0.31470799805465277
1.1801850865512649	0.17497466475526546
2.0693932090545935	0.29590667991142067
0.20920372836218376	0.2903361342965135
0.8511830892143807	0.3127560637085428
2.137598402130493	0.2041312622989916
1.518781225033289	0.26128048762981876
1.9277348868175765	0.22065503381829907
1.5365330226364848	0.3307358535875024
1.4668865512649802	0.41071509033025605
3.258158721704394	0.34112268770889087
1.5392448735019972	0.4234711985825939
0.3662215712383489	0.2816541197695329
1.8798844207723038	0.2406715028012593
1.6260528628495339	0.1930528100593999
1.5035989347536618	0.16495620344036513
0.268462982689747	0.24334316787496446
0.2346715046604527	0.25501789856559975
2.0214721704394143	0.44860923379368406
1.2549687083888148	0.29375669233875246
1.951574966711052	0.3073863100091763
2.7785342210386146	0.3790274095863457
1.4195571238348867	0.6253174997113516
1.328441810918775	0.2010555669994928
1.7829762982689747	0.2206139471699324
1.781213981358189	0.19213715800857167
2.0015133155792277	0.3023440508246087
1.2138131824234353	0.16136538700052613
1.045741810918775	0.21471340421187465
1.743409187749667	0.3952822300503965
1.547572569906791	0.5643408972440185
0.2337548601864181	0.23624390508419016
1.972065778961385	0.16366127994922802
2.5270545938748334	0.2182793782737208
1.8714111850865511	0.36412201859929033
1.8359139813581893	0.19810008924056083
1.4409834886817576	0.37853287420145065
0.8358179760319574	0.42414485153422227
2.460674434087883	0.24041355455941218
1.6555789613848202	0.19983140306414734
2.123634753661784	0.24782445733831948
0.8253199733688417	0.5151245338298253
1.0454858854860187	0.37408004222340135
1.5604890812250334	0.3047654077848158
0.32475472703062586	0.33336178497449814
1.523436484687084	0.15519660389093698
0.9885695073235686	0.5022951402827704
1.329037949400799	0.5156930918849882
1.8329246338215712	0.34836648328562936
0.5654521970705725	0.25555763521876684
2.325779760319574	0.1988437061040644
0.5163363515312916	0.5751320552089747
1.7790296937416779	0.5243620076153486
1.1282099866844209	0.22273393768680574
1.7629599201065247	0.3158555675074074
0.6042227696404794	0.2534503335673579
1.2067820239680427	0.210316136676756
1.1175732356857522	0.3246979126051109
1.7363274300932094	0.2296754582124814
1.095142343541944	0.25288062570474773
1.0956344873501997	0.23713816643972277
1.2660937416777631	0.1532523564835383
1.672395739014647	0.2832084369449659
1.3473498002663116	0.3221550052383065
1.2604508655126498	0.3953718633162713
1.3145251664447404	0.3471119400144639
1.5519717709720373	0.30770275889503707
1.5106656458055925	0.6695032630982094
1.1442673768308922	0.5132720885636051
1.3320444740346205	0.2938682833891972
2.162862716378162	0.6486684032577033
0.7949258322237018	0.3491260274758363
1.6835599201065246	0.20821194781082739
1.9481672436751	0.23141323836319208
1.7317900133155792	0.23068845620958586
1.4662314247669772	0.2409128726771125
1.394818641810919	0.43015019536350074
2.1143525965379495	0.20745006622465445
0.2646428761651132	0.23077052528156985
1.4272929427430092	0.6764010559464565
0.2921962716378162	0.3185200192701337
0.6290130492676431	0.3050139223910166
1.2723525965379494	0.2217035485177189
1.7543379494007991	0.3432138433225828
2.0494611185086553	0.20540127756770488
1.833865912117177	0.7964562984052803
1.6693547270306257	0.2724380171892536
1.4096801597869508	0.5711087225172286
1.6890078561917443	0.30223359336488986
1.5115932090545936	0.21685008853880872
0.34942769640479365	0.2189759179796103
0.39986444740346205	0.2869747599769751
1.4592288948069243	0.5881663441743481
1.7669201065246336	0.23709906508946896
2.043405725699068	0.1550662571559703
1.343307190412783	0.17759520978012489
1.6635229027962715	0.1620250440361078
1.3023319573901464	0.18273772074912192
1.4630988015978699	0.3814149887550731
1.2421627163781623	0.3946525407631845
2.1967982689747005	0.460730006386914
0.5055595206391478	0.521305982192618
1.779262050599201	0.3555685293336847
0.7026842876165114	0.27851539531156577
1.2012673768308921	0.5249013845250756
1.8474284953395472	0.44940773068828765
1.5236306258322236	0.4708523879156467
0.32742476697736345	0.41657102124143025
0.5841115845539281	0.2991183819221873
1.7782375499334222	0.1813248450035692
2.0128928095872167	0.13503734839276046
1.686318375499334	0.19862881382363146
2.122198002663116	0.7793926117891995
2.0317952063914784	0.3105583748423867
2.413619707057257	0.2232347638654204
2.3091162450066576	0.48168340435018037
0.7860487350199733	0.36810586048359495
1.9735162450066581	0.17637529251759443
1.2376482023968043	0.24942175922480764
1.2864061251664447	0.37083713569995497
2.1292420772303595	0.19662063132742344
1.7807509986684422	0.7017766267627523
1.3182909454061251	0.7247320295977945
0.26249427430093214	0.251336218826457
1.474677363515313	0.17937253869175193
1.5942462050599202	0.2961327090013169
1.2409229027962716	0.24298140719495245
0.3232960053262317	0.24368228624279734
0.6137286284953396	0.28734053185084074
1.430951398135819	0.3233440014036408
1.3107661784287616	0.39553939244186337
1.110267776298269	0.41382492325954406
1.6480575233022636	0.19789784125290766
1.120845272969374	0.21108000685813838
1.555888948069241	0.31013471978878365
1.513637549933422	0.1544631218342428
0.7065555259653795	0.25689536714366124
0.9239051930758989	0.37112242439363896
1.1339829560585886	0.7993484969833937
0.7285255659121174	0.42157258178937257
0.9235400798934754	0.24601577115823725
1.5632620505992012	0.19207695330240998
1.3937657789613849	0.5915632130499499
0.968524101198402	0.28962147134286736
1.5137802929427433	0.14162719515652186
0.43825246338215706	0.29672708464217307
1.5204747003994674	0.6045388022571401
2.374996138482024	0.1814207104114096
1.459687083888149	0.29075484167194426
2.1019844207723035	0.42094117671944786
2.1152145139813583	0.7213659236900843
2.091927430093209	0.40314123605957
1.821949400798935	0.4310170095865165
2.199991877496671	0.5104342218746596
2.052298535286285	0.4256125192266887
2.515289880159787	0.44820787707196735
0.23540226364846872	0.22439377774694869
2.942030492676431	0.4128895339989972
1.5167122503328898	0.20681425898481148
1.9288033288948068	0.21971472831784394
2.678605193075899	0.26868868796113893
2.531106391478029	0.16953350630307662
0.6865194407456724	0.4479281706852438
0.9434834886817577	0.32469843367331835
1.9004166444740347	0.23803576436277613
1.794577496671105	0.21368529596576288
1.6724832223701733	0.20359841228953643
1.4056813581890812	0.27532232232505033
0.5517005326231691	0.34955003805974977
2.076713049267643	0.26089286783053905
2.0625906790945407	0.2124392536178314
2.022335153129161	0.1768543121864941
1.87991051930759	0.30720282635500384
0.5019338215712383	0.3945531437591677
1.2853098535286283	0.4315394323973497
1.8772973368841543	0.10109462189518384
1.7400294274300931	0.13429589188592161
1.9080402130492677	0.24429969475954816
1.6430121171770968	0.28424164809828056
1.1490472703062582	0.23800894787839091
0.8954516644474034	0.19588377418741462
0.6990852197070572	0.26857592044186823
1.2480639147802928	0.3617476184167821
1.768632623169108	0.29244684652699715
1.7646416777629828	0.5968869245284938
1.5731501997336883	0.24804336482863779
0.9772233022636484	0.29603370773409254
0.800887483355526	0.35448210910503974
1.7623828229027965	0.23906626954934262
2.102913581890812	0.14503385215502293
0.857227430093209	0.2951825520947535
1.5466254327563247	0.1678632329775193
1.2389350199733689	0.3777867139497942
1.6584661784287618	0.26638458182484487
1.6611351531291612	0.23894056827807855
1.8240768308921438	0.2850272850182421
1.1371758988015979	0.275198863271447
2.5217047936085217	0.1846458776599366
1.6944980026631158	0.20615090411875478
0.8668564580559254	0.44340184031220287
0.27547936085219704	0.3833572443440576
2.277012516644474	0.4426514488205524
0.6358537949400799	0.3225290399846212
0.2372388814913449	0.24567739660364502
1.9502953395472704	0.17375394863243848
1.4309117177097201	0.24313706588144532
1.1994487350199734	0.23224477564410154
2.3374801597869506	0.3589567076522595
0.7207789613848203	0.4194712967197607
0.39829347536617843	0.5895140309840553
1.7792840213049266	0.8198269107112218
1.7781822902796274	0.13776376678465216
1.9093238348868176	0.2998824023471379
2.1813900133155792	0.36602356828044674
1.244429294274301	0.4368111464052508
1.9787334221038615	0.2753257066732662
2.5027824234354195	0.20055187237379662
1.2013403462050598	0.6963193978663001
1.9581520639147805	0.24067837447338106
1.8196676431424768	0.23799892116632804
2.0985467376830895	0.2539461801959127
1.7721560585885487	0.27686071692785796
1.9439067909454062	0.17670322346120193
1.9233137150466044	0.35533282346424444
1.2047709720372837	0.25533430176022187
2.047437549933422	0.22123132948701846
1.9272443408788285	0.30841624853669714
1.5577350199733688	0.3517348674063564
1.8623993342210388	0.21324574256928144
1.3507762982689746	0.625395184078931
1.9400699067909455	0.13133379962507502
1.5586055925432756	0.262899106265594
0.8856011984021304	0.3234609179143666
2.077674966711052	0.20727676888789237
1.0470234354194408	0.26245597809182014
1.5206146471371507	0.29182341202646217
1.6410310252996003	0.20136661766506267
1.4968077230359522	0.35724170894339424
1.2168074567243676	0.47620001965493863
1.3031415446071906	0.4353033909992628
1.8472520639147803	0.20622571016814426
1.9898146471371507	0.5164297394781006
1.7934897470039948	0.27222033976828003
0.2128969374167776	0.24397294692683694
0.806899467376831	0.2667896357558147
1.2758085219707058	0.32207778167808826
0.8791790945406125	0.4190960482818528
1.767920106524634	0.5751005193749538
1.2702652463382158	0.2379105155851766
1.9512146471371505	0.22142520854952444
1.898169107856192	0.34801036319896833
0.3650407456724368	0.3107002426185496
2.26725965379494	0.5059811361139949
2.3512999999999997	0.2330600440969252
1.756735552596538	0.29655105681023497
1.7018089214380827	0.31397133722603165
0.8296105193075898	0.5378462488351251
2.1580074567243672	0.23261010656337047
0.6689617842876164	0.2641648000059732
0.7380704394141144	0.40927248946250006
0.33355312916111846	0.2582313770401999
1.8574796271637817	0.31289101802200875
0.35098521970705726	0.277911170909034
2.035613581890812	0.17308379789520406
0.8097684420772303	0.25789979066826324
2.1711225033288946	0.20026164233922028
1.8700198402130492	0.21275625255639055
1.687719840213049	0.21359063710478823
0.9417964047936085	0.2218441650850454
1.5563548601864179	0.4485864349711884
2.107491478029294	0.3688017303450981
2.1268551264980027	0.36682556599723487
1.5929645805592543	0.23243039860754305
2.0278147802929425	0.22564219093543833
1.5017720372836219	0.18372023835821882
0.4772	0.24457471368187247
1.9105628495339546	0.22695802551179015
0.5316109187749667	0.2940793315580371
1.5658427430093211	0.259939378720859
0.9687396804260986	0.2716445089653566
1.1625205059920105	0.5393207628106661
0.26797536617842876	0.22469428941142877
1.268831291611185	0.20710540892418844
0.9028956058588549	0.4879009390019254
1.6603415446071905	0.2867515556229958
1.817236085219707	0.3602440529685237
1.726724500665779	0.3168160986415291
1.5573765645805593	0.26085344694356455
0.2841932090545939	0.2526556488674168
1.5470276964047938	0.24560228631094788
0.3901063914780294	0.23141349198652328
1.3569873501997336	0.28551950271600407
0.8603452729693742	0.22959375452771913
0.9545508655126498	0.33059386264704016
0.849547137150466	0.2494921618875739
1.767696537949401	0.2649656474756843
1.885884553928096	0.21684904221974005
0.9907316910785618	0.3213358150796959
0.8943914780292941	0.27627812205513264
1.2237411451398135	0.48265270565123425
2.2530705725699067	0.258221296930792
2.603336484687084	0.5263176209377882
2.1164311584553928	0.2917729327327826
1.76047017310253	0.2460244182934717
1.3043423435419443	0.4990766977839571
1.9975026631158455	0.2874651395635292
1.5598728362183756	0.2240204941935451
1.1180608521970707	0.2789593441187763
1.7225315579227698	0.6269298177687512
1.4348805592543274	0.3733948159390093
1.1336190412782956	0.3634960526469209
1.5394342210386152	0.3290830766421291
2.381789880159787	0.3031686128768512
0.3327580559254327	0.22226875153247508
0.9582141145139813	0.5116735725903104
0.7753119840213049	0.7176392210579938
1.248955792276964	0.7120754132890633
0.5044608521970706	0.5297507231649754
0.9517882822902797	0.2715191808358356
1.5342487350199734	0.27109101781838624
0.4341143808255659	0.46032596380063573
2.1622115845539285	0.36922076221499023
1.387147137150466	0.28569263569846653
1.1256150466045274	0.30708896892190674
0.7499455392809588	0.7935429048687823
0.6629183754993342	0.7329729071516898
1.0377276964047937	0.33137996797380587
0.9071166444740346	0.5967491757661298
0.7160423435419442	0.6386666380503648
0.7229667110519308	0.6734745137935034
1.9067741677762982	0.7870611758555288
1.2421833555259654	0.2420570796379543
1.1394010652463382	0.21420165045144315
1.3085956058588548	0.30284648402034947
0.9898945406125165	0.31705920836337703
1.8511213049267643	0.24493440291199414
2.1307808255659118	0.22287545543121753
1.3744179760319575	0.23770119603885118
0.25329214380825565	0.25359904948756534
1.174109587217044	0.2571723241373893
2.2603593874833554	0.2424735675501085
0.46211438082556594	0.2835204729729226
1.1689680426098534	0.562638383194486
2.2624856191744342	0.4111188109018442
1.3901563249001332	0.15528203972383467
0.26616737683089214	0.2698452923409604
0.9376692410119839	0.2122316296089751
1.1768085219707058	0.41072410862127656
1.9097359520639146	0.2006640589799378
1.6525840213049268	0.2605449673491946
1.8125436750998671	0.2903104672359575
0.7361170439414115	0.3359793258212143
0.7991770972037284	0.2347285789170448
0.2556254327563249	0.24908682127510323
1.8462435419440746	0.16731013734626524
1.261473235685752	0.25354119159406124
1.2444588548601865	0.28625658417262184
1.6278632490013316	0.28796655113883773
0.8250588548601864	0.23872029072092804
1.405041411451398	0.2729480723066275
1.7179760319573902	0.1683353561453907
1.7501621837549932	0.26103614752419346
0.503422636484687	0.32694528092319836
1.9354540612516646	0.2513590771769447
0.8501106524633821	0.21444577944850304
1.4151320905459388	0.24802471999081416
0.8870528628495339	0.30722076183063124
1.4542259653794942	0.2559499887788477
1.009423169107856	0.28143675038958615
1.8919058588548603	0.3704858826010592
1.2864496671105192	0.1848081737598145
1.731648069241012	0.34383923475047967
1.7997258322237017	0.1292540368566806
1.6098675099866842	0.28083750770747207
1.7641411451398135	0.42878941131105786
1.99872982689747	0.22885056094209597
1.9125745672436751	0.3209455951594332
2.2039982689747006	0.31525817447752197
1.2779314247669773	0.3366163079820031
2.0185003994673765	0.3017073262598734
0.5590118508655126	0.38108429706659663
1.4996153129161118	0.5047326558090747
1.2272679094540613	0.26231779939287264
2.0524252996005328	0.19303708708369258
2.1978588548601867	0.2092641355486355
1.7410539280958723	0.24542733829663652
1.281935552596538	0.32979105740695897
0.6280982689747003	0.4793485152283226
2.5362565912117176	0.3833842160683252
2.136914513981358	0.6948231763409709
0.4885348868175765	0.37464037727520416
2.1175743009320906	0.33060761668539457
1.72211051930759	0.3787290707579061
1.0772684420772303	0.5693985186832371
0.8894712383488683	0.24500843105890155
2.8124548601864183	0.5202203378823423
0.2966065246338216	0.41000412631165345
1.7333003994673768	0.3730118468752628
1.8641094540612515	0.1933508529436996
0.39574980026631157	0.27862319184264484
1.8778918774966713	0.28378437745951335
2.070532623169108	0.31856171179539733
0.47772276964047933	0.36602901044253056
1.945375898801598	0.25030488959404057
2.383091344873502	0.3028506320688955
0.4248448735019973	0.5039009947271732
0.21372117177097202	0.29028996379548605
1.9335113182423436	0.13629602677935554
1.6095583222370173	0.22512987861304032
1.1039778961384819	0.22623931119398435
1.8057300932090545	0.23719175025986083
1.581654860186418	0.35294689600252427
1.8870003994673767	0.28931649947882215
1.7227669773635157	0.5584189803167041
1.8334873501997335	0.3094877903406572
1.551932090545939	0.15285094475906522
1.249739414114514	0.43343414444145884
1.5799997336884155	0.26550137571380134
1.3978364846870839	0.3076692628240762
1.6848398135818907	0.24031973896633918
0.8419741677762984	0.2983235726630809
1.9646157123834889	0.33092058483595066
1.9486707057256991	0.19972394588853445
1.9797617842876167	0.17868456594085413
1.1209187749667109	0.30392248693202467
1.159758189081225	0.21487420630871557
0.41746351531291603	0.2063705937655151
1.6780603195739017	0.2538122577951827
0.868033155792277	0.3463424507838176
1.3691013315579226	0.32001475852007777
1.117427829560586	0.2937735120167678
1.149465912117177	0.262709471016149
0.8716459387483355	0.40378843457964947
1.8299854860186417	0.18292847478330998
1.4293928095872173	0.2290215848193022
1.6573846870838878	0.30446592784236587
1.3099607190412783	0.19650782818901358
1.9940581890812248	0.4068732703091469
0.6351159786950733	0.25922991124064326
3.2201540612516646	0.39287869858826874
1.3757082556591211	0.2776446396934144
0.5891599201065246	0.2629648073632253
1.5890693741677762	0.29491777891312193
1.237910119840213	0.23389203025120853
1.402112916111851	0.3936306163610362
0.32243808255659123	0.34579459554005787
0.48343129161118514	0.31349536224639146
0.39008535286284957	0.3288942468196334
0.43750439414114517	0.5634276021550348
2.4351039946737685	0.19455932728838288
1.7553499334221039	0.29457577788763417
1.5225942743009322	0.19381391017709523
1.3438813581890812	0.3814699136480639
0.655416777629827	0.40842168508500165
0.8369454061251665	0.2576956763834024
1.8168439414114512	0.26538259708603673
1.4150303595206393	0.23177712275135362
1.4770033288948068	0.241838794899851
2.1626105193075897	0.2400555466870179
0.48649294274300925	0.29295554693529047
0.7273571238348869	0.3123539480152748
2.194514913448735	0.2506786669793047
2.083179494007989	0.5235464214359721
1.1107564580559255	0.26380914000801575
1.4517683089214382	0.21220039314729672
2.346553262316911	0.27504002848612824
1.2762926764314249	0.33554327161107333
1.456655259653795	0.15733541810596363
1.5283661784287619	0.18248468735691165
0.29615006657789616	0.37072652558765806
1.0518733688415447	0.2539807137151365
0.437024500665779	0.3141231112799514
1.1392488681757655	0.5121899492082574
1.2125146471371506	0.32590348599280994
1.0771463382157125	0.25173877121200794
0.9895496671105193	0.30619401731837764
0.464164447403462	0.4502479052619093
0.8808279627163782	0.5299120488951836
0.9369852197070572	0.5563406526749834
1.1274310252996005	0.32759687209842087
2.3213828229027964	0.39121212377707193
1.9785647137150466	0.25322421588098537
2.305537549933422	0.16212453573720778
1.7782207723035952	0.4086983676995245
0.3640901464713715	0.2546519379795806
1.2779900133155793	0.3383054766323486
0.6056450066577895	0.2621953701768532
1.7591585885486016	0.24879839051724828
1.2691794940079895	0.21955585661370802
1.1964011984021306	0.30527269739070834
0.9359356857523302	0.27302206551940417
1.8465976031957392	0.30178103387120797
2.0853319573901463	0.19015568564814925
1.1630316910785619	0.2660000093252913
1.7184692410119837	0.2941149599047457
1.375624101198402	0.261776135883189
1.4485143808255658	0.5293365675672687
1.5266382157123835	0.32855685042165844
1.7888434087882825	0.271770753889386
0.9721656458055924	0.2743321782793561
0.5760896138482023	0.37930826253582556
1.3667061251664445	0.3603555356584098
1.0369641810918775	0.23267162091180105
0.5621704394141145	0.3412508749568196
1.4107932090545938	0.22470058111247773
1.6885965379494008	0.3333302158085436
1.1437059920106525	0.23031183290677615
1.6804532623169106	0.37593055841871353
0.5752420772303595	0.3840899373330835
0.8351075898801598	0.25484172944443106
1.4187459387483357	0.6086398652947266
1.0024131824234355	0.317434548019415
1.5861107856191745	0.19225116084189253
1.186052862849534	0.34419677486677336
1.4803633821571238	0.2495140406644367
1.752735552596538	0.2594358275749289
2.0391323568575235	0.3619355993279605
0.45393035952063915	0.3093254780247879
0.4557944074567244	0.23716782889604582
1.4907969374167773	0.22867001601065162
1.4917383488681757	0.20858109426206087
1.5583764314247672	0.28892544003125087
1.2258988015978696	0.3985655764867495
0.8161940079893475	0.36347094240038236
0.5352093209054594	0.3228017944111187
1.041825033288948	0.24837441129924775
0.8645038615179762	0.23278279846969854
0.1623548601864181	0.3737875881989105
0.9168432756324899	0.2331704888892905
0.7055460719041278	0.44557517726689055
0.6713938748335553	0.3327774674443079
0.4556750998668442	0.3968262677756615
2.514328894806924	0.7857967244953833
2.5020916111850866	0.22376501107774602
1.0252796271637814	0.39948228126789076
0.2735715046604527	0.26814565841738985
1.9255636484687086	0.3681176721955821
0.24920852197070573	0.21468192718717174
1.7497500665778962	0.21653085521848084
1.8180239680426098	0.14599790008419636
2.4757527296937414	0.5458007015338222
1.9494276964047934	0.5927569576064308
2.1214434087882825	0.15113339336398068
1.7696716378162451	0.5773506802604327
1.1984794940079895	0.3494695409601031
2.0322870838881495	0.33327355934598146
0.7939494007989346	0.46684851650168857
0.44530426098535286	0.32595136964684407
1.220580292942743	0.23753210855444712
0.8193544607190413	0.27629021717136976
1.484647669773635	0.20741708597531244
0.3696555259653795	0.35457657750290195
1.1517862849533955	0.38950819307816026
1.7653488681757656	0.17416413328128663
1.5260840213049267	0.20184041278865494
1.5124667110519308	0.40615058253818487
1.6473802929427428	0.3631488026241001
1.5891713715046603	0.2421243257649816
1.2075424766977363	0.340844457254727
0.9527476697736352	0.27393860498080774
1.7392930758988017	0.31983999420981013
0.7582047936085219	0.3640073300112533
1.0661363515312916	0.38923227614165945
0.20563675099866843	0.2731041028245282
1.0434652463382157	0.3612840980049877
1.3328752330226366	0.330528394181144
1.4750193075898803	0.3850079458084025
1.9582785619174432	0.308095668916095
0.9404045272969374	0.33586294444243703
1.318563914780293	0.4238300583861397
0.9014185086551266	0.20556187217619618
1.626458189081225	0.3009382494735223
1.977149667110519	0.3893838697214144
0.2558994673768309	0.25458453870947473
1.2047210386151797	0.44825621767155843
0.31980133155792273	0.33881856796162135
0.756560585885486	0.2558488018184445
1.234135552596538	0.4894763699628324
1.3777081225033287	0.5333796283230705
2.2439964047936085	0.6384841999263958
1.3311098535286285	0.210396965200288
1.7876617842876166	0.32844255116897925
1.1398126498002663	0.2659014314580385
1.879587083888149	0.17768811394828943
1.5656178428761651	0.2783887990980533
1.1738766977363515	0.2614401130393074
2.6430495339547275	0.13724696915557974
2.0511715046604526	0.158082881353728
2.1246014647137152	0.15315527819460417
1.793685486018642	0.20707389596761955
1.961517576564581	0.2552128094744189
1.7410647137150468	0.253590880751164
0.8732233022636485	0.2116384073107128
1.1107246338215713	0.26180522418740354
0.5925450066577896	0.31734705738658436
1.1692219707057256	0.21633643894843194
1.1497745672436752	0.228859976449688
1.6121358189081227	0.36341403419281626
1.50287310252996	0.13432185474205732
1.7540400798934754	0.2881665002776761
1.4345146471371502	0.37732681095061227
0.23343808255659124	0.22453701704860393
1.6255407456724367	0.22206875470258383
2.5541344873501997	0.28929305599347194
0.3407884154460719	0.26580749180942304
0.8510808255659121	0.28202590985005
1.5233017310252996	0.32855222619326574
1.929230625832224	0.3273205544625069
1.4195442077230358	0.257775805398037
1.2494218375499335	0.4322231546573171
1.6935298268974703	0.37319885488675464
1.7119480692410116	0.184520704905661
1.4666503328894809	0.3226715446016711
0.8067484687083887	0.2882449242326004
1.1993672436751	0.2906998939704885
0.28591784287616506	0.2947940270370229
1.4726728362183754	0.18513043965871062
2.0461014647137152	0.59806901178769
0.47404380825565906	0.3156784537944021
0.2238681757656458	0.23648453270124276
0.972211051930759	0.4428816380222774
1.441609054593875	0.22517041535239865
0.9372516644474034	0.5195914258281856
1.0963777629826896	0.5427222873839113
1.8855596537949402	0.116455550846304
1.4504348868175765	0.19793720179259514
1.8619934753661787	0.563962128888349
1.4356094540612514	0.2264685461029917
2.289047137150466	0.22148945796239422
1.6448599201065246	0.20423413062294915
1.131765912117177	0.24941835968028922
1.6172930758988016	0.4985713542629621
1.612149400798935	0.4609565631078604
2.0316964047936086	0.3422036714152608
1.6754468708388817	0.5700733890547054
0.857964846870839	0.350605141408917
1.0971398135818908	0.4685083390731238
0.5305893475366178	0.29869267104733344
1.534478828229028	0.49942289298393516
1.352595739014647	0.18556021855148433
1.5858348868175765	0.16284281077139165
1.6268529960053262	0.5097785326177647
1.0420014647137152	0.5295943132270039
1.0571363515312917	0.500932577486453
1.3077764314247668	0.17635086415268406
2.429958189081225	0.2287359268760763
1.5856852197070572	0.1588371154639865
1.070071770972037	0.2002894952134759
0.8016070572569907	0.29296657265497794
0.8623580559254328	0.4107565322669245
0.32269307589880164	0.2400487804509705
1.024158189081225	0.3542200130793877
0.2609047936085219	0.23950938185867846
0.30981438082556595	0.3335277370041577
1.0822828229027963	0.40930636696144085
2.498441278295606	0.799255421228208
1.8282042609853528	0.4971156676125172
1.0176390146471372	0.28167449815690665
0.5361660452729694	0.2630900001545052
1.2096126498002664	0.33444639880684823
0.5343559254327563	0.37649048035655597
0.5116862849533954	0.40082596531705655
0.7854953395472702	0.6246014791165898
1.5751114513981357	0.18742283561404985
1.227065379494008	0.37101220519629313
2.163493741677763	0.24688850117296393
2.185933155792277	0.2729890667258036
1.3023861517976034	0.4215188858163279
0.27172290279627165	0.3379699961195665
0.6931404793608522	0.3145280555831303
0.8202571238348867	0.2553277002464984
1.051158588548602	0.29293741059727285
2.0125969374167774	0.321947969932229
1.135442343541944	0.3452216523225681
2.709130359520639	0.48919623744678825
0.6502754993342211	0.2783578973197096
2.875997736351531	0.15505639799587909
1.0008464713715046	0.25688269771179073
2.9835157123834883	0.508677745854179
2.8874081225033295	0.44124034783157684
0.27411291611185085	0.3242128767240849
1.3087442077230362	0.24004805547602553
0.9370956058588548	0.3598059857351431
1.11954620505992	0.5122461016582042
2.097007989347537	0.5623071563880826
2.2933320905459387	0.2283796744631184
1.1445980026631157	0.21462527802982456
0.735810652463382	0.24083243030592383
1.9202181091877495	0.2647598846683172
1.0086878828229027	0.3338565786374626
1.2090732356857523	0.6901308146245347
1.3207645805592543	0.1699703718907982
2.4311985352862853	0.5607835982436596
2.217578695073236	0.155729107551895
1.3298214380825566	0.2769508763588011
0.5984233022636484	0.35955341886140824
1.618300932090546	0.40501931302991845
2.557600399467377	0.18944844398745495
2.136222503328895	0.7272991527307323
1.154125033288948	0.26281540364035877
1.3818513981358187	0.43697465913300976
2.5160342210386153	0.17459868052681118
2.328870572569907	0.23542212748322272
1.5245049267643138	0.21675872739329263
1.8447183754993342	0.3523608964023574
2.597139414114514	0.2095274410819924
2.1949507323568573	0.1186144130540245
1.428009986684421	0.24338748148841347
0.6310041278295606	0.3177807426864868
0.9873725699067911	0.41919429556790394
1.014105725699068	0.3582100328350316
0.6162490013315579	0.26564944937967977
1.0102970705725698	0.5442538216814411
1.635523035952064	0.33379065529144286
0.5277679094540613	0.31501530053220894
1.5237339547270305	0.5266424024251779
1.5083335552596537	0.23733648195123722
2.0073695073235687	0.10597385673461482
1.455947536617843	0.28000627307254566
1.3807444740346206	0.2970387821513442
1.7823549933422105	0.24930877031189133
1.514621171770972	0.2319404259493639
1.7553422103861518	0.2768671631568618
1.4494435419440745	0.5835292520952456
1.6061053262316913	0.23410613392719334
1.6031098535286286	0.23871061305912322
1.2223661784287616	0.4453740383197369
1.0752693741677763	0.320010115426852
1.3458988015978695	0.24023896588796892
2.384608122503329	0.8678143960659126
1.8458709720372837	0.6512638318311446
1.3268367509986685	0.6086380270491398
1.0576247669773635	0.48430895180457717
2.515007723035952	0.20769463537813243
0.48371890812250334	0.5439636431312372
0.3033902796271638	0.2373147147711785
1.83568655126498	0.26150568256961854
2.244212649800266	0.29164205810039096
1.668976964047936	0.7096573600856068
0.2822310252996005	0.3077703987688489
1.0101505992010653	0.23616200660807746
1.1358733688415446	0.3499246837118068
1.1664739014647136	0.425674398470561
1.2967920106524633	0.5077393984782572
0.2529400798934754	0.24505469164168125
0.5856512649800266	0.34665652835363914
1.0371113182423437	0.41301858002814107
1.2222271637816244	0.37218034033718184
0.7618934753661784	0.28133271960180467
1.8065443408788284	0.41153883047971085
1.0762260985352863	0.31445901269281495
1.3091	0.43318201529553296
0.7994924101198401	0.34764900654728254
1.5655861517976033	0.23108852983897912
0.9607403462050599	0.25734324668529246
1.6674243675099867	0.20909387211399874
2.0017326231691075	0.09680373592957682
1.3260772303595207	0.3110840330736071
1.9241483355525966	0.11524807686723941
1.8721657789613848	0.2249485758382647
0.6881131824234353	0.26370022689872064
1.043597203728362	0.33207464585282537
0.24741198402130493	0.26954844548535917
1.3700589880159786	0.36584242418013957
0.8619039946737683	0.3154766719689627
1.1338521970705724	0.22379467315121385
1.0721529960053262	0.2778648298893296
0.946541411451398	0.19531465849164914
0.6496796271637816	0.24829215646983607
1.2231869507323567	0.3186402131697929
0.5392910785619175	0.25666016387564755
0.6295834886817576	0.26495401554460085
0.7279735019973368	0.27133079202083715
0.33627017310253	0.29031317928474204
1.3710684420772303	0.25707036678336176
1.0579958721704394	0.389511821264001
0.24491011984021302	0.23888078804344495
0.729991877496671	0.23527776314991297
0.8019648468708389	0.26982546228222315
0.38500932090545936	0.22949688443720329
0.25162103861517976	0.31149564450896544
1.3564455392809587	0.2766638617291621
1.381155392809587	0.3514466677707481
0.4701817576564581	0.4116581766234359
0.7696438082556591	0.3879459391496118
0.5490496671105193	0.29433858434391097
1.4708126498002665	0.4101713726641158
1.319813581890812	0.231460255167757
0.23479467376830893	0.335079498563823
1.4226101198402128	0.2503199397327652
0.7685845539280959	0.30270502603038385
1.4124599201065247	0.37108459019566686
0.3108021304926764	0.22688783286868824
1.7232067909454059	0.40419605323146224
0.40949627163781627	0.30542152467657946
0.255691344873502	0.25805813529138893
1.8507732356857522	0.3046710493712026
1.6263821571238348	0.23841837362089757
0.9192910785619175	0.24201857240258398
0.7712203728362184	0.22169493001660498
1.3158545938748336	0.17355364747189972
1.0160367509986683	0.2735505999139444
0.9193210386151799	0.2615631231912641
0.25588655126498	0.2531626184695716
0.670323568575233	0.41006103623630963
0.5369992010652462	0.27133621563809923
0.9975762982689746	0.19991970577992907
0.6023703062583222	0.2469051868134923
0.8196391478029293	0.30289631139736356
1.0580491344873502	0.29558982367030157
0.25159121171770976	0.39693759363197806
1.1565555259653795	0.44896264254414614
1.1379050599201066	0.5142069937141239
0.4712613848202396	0.3034294400901059
1.4241408788282288	0.43288245796844693
1.6661844207723036	0.49539828701755134
1.1787037283621837	0.5399758527539336
1.8352632490013314	0.18026346647182098
1.7250701731025302	0.3137355373017461
1.288203462050599	0.34869104358466585
1.7290966711051932	0.17832615453819586
1.6090214380825563	0.20867821974019532
1.8639371504660454	0.19565226535723212
0.3215278295605859	0.44820555268151635
1.9284501997336883	0.41190736809397643
1.9886031957390147	0.7027029620349104
0.2315660452729694	0.2894020279366418
1.3551431424766978	0.8131864548239636
0.6821078561917442	0.509005430273065
0.5374625832223702	0.4719997858202539
1.577616644474035	0.3359359310189856
0.8541476697736351	0.38129144567181955
0.8361854860186417	0.4762773360007935
0.3654435419440746	0.3008573347182452
0.8620898801597869	0.4861208749793252
0.4514508655126498	0.334573790994487
1.2188310252996006	0.27476027965200517
0.9620346205059921	0.31252482954326644
1.2903505992010653	0.31932950089646184
1.2689713715046604	0.3898338982801761
1.5758589880159788	0.4332113637031994
0.9147097203728363	0.2596694567388272
0.5425194407456724	0.27607688188004564
0.841214913448735	0.4329009678360106
1.8902559254327564	0.3126891074389403
1.8940162450066576	0.20898581531070423
1.8777973368841543	0.29842101452537023
1.7998800266311585	0.2236422480221453
1.3626926764314249	0.32162273097246963
2.029688948069241	0.10926875891789942
1.1844842876165114	0.29637982956834047
1.1954900133155795	0.283967425119082
2.1396474034620505	0.3369863974314748
0.6899886817576564	0.4001875711574695
0.4227833555259654	0.32524237984677556
0.9957001331557923	0.5154881084177294
1.1168829560585884	0.615221714553682
1.652449933422104	0.26445869312522685
0.9665818908122503	0.24909757716142042
0.3011531291611185	0.23006970509230518
2.0101270306258323	0.26960525995137125
2.154696404793609	0.18304084829403058
2.3708568575233024	0.12205319899562207
2.3710816245006656	0.16636764658465697
2.2907280958721703	0.30104510851325333
2.3872645805592545	0.2656069921358032
1.443128894806924	0.6579325859643564
2.3051762982689747	0.23717344150572878
2.477545139813582	0.6088930535423641
0.43839187749667113	0.3702776318670297
1.0211981358189082	0.48991711010824857
1.3117009320905457	0.2819571948827254
2.0651531291611183	0.4700368572824086
1.6477958721704393	0.5808950361114874
1.9375560585885487	0.37316231220686763
1.4053695073235684	0.43061495297460717
0.7933789613848203	0.5376623162311636
0.5880641810918775	0.42091712343669924
1.4078723035952065	0.33940250096555097
1.656719707057257	0.3751935350182464
1.7512194407456725	0.30926894293285107
1.3103106524633823	0.47401979023840013
1.4720794940079893	0.23338039710439867
0.5854575233022636	0.3958781892354953
0.7250399467376832	0.3652400555678537
0.5882916111850865	0.3462942734598603
0.9858840213049267	0.3126275640959449
2.2501515312916114	0.5027285233305266
2.0249102529960052	0.27823780221594613
1.816720239680426	0.5997633780114212
0.39381677762982686	0.2795459856517537
1.717250998668442	0.4765281849736023
0.7112611185086551	0.528137437707966
0.33253195739014646	0.27528289536533607
2.845242343541944	0.23310068783769516
1.5913324900133154	0.6841037968441018
0.5257343541944075	0.4449845340804419
0.2574584553928096	0.2723612320016948
0.6526898801597869	0.3637554614981874
2.4626482023968044	0.5394308491660955
0.5578446071904128	0.33845362073656793
1.1056479360852198	0.35821596743673
2.353124500665779	0.24786464238435574
2.1981664447403464	0.6790686883969311
1.4972102529960054	0.39153996344022773
0.6556255659121172	0.3836253210658747
1.9349145139813584	0.42760199909443525
2.0402348868175766	0.29497834420493874
1.3634976031957393	0.6710036963387366
1.086642343541944	0.24086273721851062
1.9441143808255659	0.2189074444157209
1.6829133155792277	0.23650179457531076
0.7053011984021305	0.26597470903095866
1.595214913448735	0.11417081272369271
1.5165123834886816	0.3961747516790465
1.5785327563248999	0.1803756551836988
0.9509214380825567	0.3299487339528365
1.2917089214380826	0.25292572513892775
1.944916777629827	0.5795498714176278
1.695399067909454	0.24419634284863723
2.189778828229028	0.16016868277507496
2.2123636484687084	0.17551103742441349
1.579239946737683	0.35687275136651525
1.254638881491345	0.28262045739053127
1.413818774966711	0.2055787797434102
0.9909370173102531	0.35011597312182857
0.7688398135818908	0.44207346299439126
2.0076660452729693	0.17986414922371638
0.9554918774966712	0.4778791490176666
1.4177540612516646	0.37954532674426783
1.4176515312916114	0.23432973693814596
0.6746049267643143	0.4013546545273232
0.6764655126498003	0.40790203057471314
0.8143924101198402	0.28357731473281755
0.4272517976031957	0.3279803551062931
0.9922644474034619	0.5144099428425419
0.9113446071904128	0.5186027677839831
0.5324304926764314	0.38901074143655673
2.006962183754993	0.6682672789733881
1.8341474034620506	0.3256208850624662
1.2761250332889482	0.567141287545805
0.4376695073235686	0.3546855330277391
0.357768308921438	0.3731370509735765
0.4878785619174434	0.3376680672715775
0.30728921438082557	0.31052263131282193
0.8757633821571239	0.39834830787243547
0.4967765645805592	0.3333909469357517
0.14298535286284955	0.25341130495540853
2.102364047936085	0.29558607788562363
0.30973834886817575	0.26796715708776675
0.17178974700399466	0.2927204475050428
0.38577869507323564	0.28013550221163047
1.2334085219707058	0.42043132421689133
1.8656097203728361	0.25727051739345336
0.957935153129161	0.2700465818966876
1.5379814913448737	0.25134117573823356
1.5402988015978696	0.3525967511289438
0.6311066577896138	0.3360278607170007
1.8672858854860186	0.25623698135325984
1.6208890812250332	0.15770297727658428
0.5153942743009321	0.2744962732991091
0.936968708388815	0.3408347049984118
0.5632603195739015	0.26843800747699664
1.8226287616511319	0.2609306046143915
1.0252010652463381	0.2670642383939835
0.2988853528628495	0.23827181241120896
1.7405375499334221	0.1553923639236116
1.8481254327563248	0.1821909698265276
0.6572210386151798	0.37856511296004625
1.1525984021304927	0.2145454962414734
1.957610119840213	0.18357403308553172
1.2610306258322237	0.24385515116111597
1.3739865512649798	0.24834559473910936
2.0527131824234357	0.5271141888072604
1.9551296937416778	0.14894753054224577
1.283484553928096	0.19334166249541793
1.2130593874833555	0.2164581740358825
0.26778894806924103	0.2449877946857054
1.2868266311584553	0.6650130030739944
0.99362689747004	0.39817356608718685
1.2859652463382156	0.2979361884934768
0.4561219707057257	0.2906802431624101
1.1822492676431424	0.36188005998172895
1.780636617842876	0.3697721399052111
0.3494189081225033	0.2582272541689046
1.2714824234354194	0.36055960561103895
0.6588829560585885	0.36785518510165816
2.5527962716378165	0.1757576216952449
1.629197603195739	0.16822703144491766
1.0852455392809586	0.4983946556291802
0.1573844207723036	0.2595634495670808
0.21469081225033287	0.24408519972032172
1.807158721704394	0.7221585576201658
0.3369488681757656	0.34055582881322954
1.815100532623169	0.26920038037366295
0.8316731025299602	0.3528774853628288
0.22716617842876163	0.25534014941910127
1.640704260985353	0.23758338231117773
1.2054107856191743	0.30360369571440776
0.8109709720372837	0.3805830449421746
0.7533375499334221	0.510365624874349
0.33828335552596545	0.26437774890694304
0.9412209054593875	0.6073536888046697
0.36004713715046605	0.3085911030527
0.5489207723035953	0.3488336632672247
1.0484191744340878	0.35809580349288084
1.2915424766977364	0.43985297933372325
0.4453697736351531	0.3349929193835285
0.8831665778961385	0.29761424372955114
1.0867026631158456	0.358332114980962
0.4777366178428762	0.29933191207403514
1.0111458055925433	0.365067250365369
0.943923568575233	0.4784963368003352
1.3644	0.26050911906977203
1.9370170439414112	0.3344966988184231
0.9788286284953396	0.3072805619424257
1.5853318242343541	0.298456710298113
1.269054327563249	0.2917946301476489
0.9987853528628495	0.2950586795751851
1.0457443408788283	0.3303608340643405
1.8512809587217043	0.26731521521336354
1.1323789613848203	0.3858205708265902
0.6268621837549934	0.2965190846661698
1.77154327563249	0.2046627000139984
1.8697555259653795	0.22393222704576657
0.3321026631158455	0.31923797991853725
1.844422103861518	0.29810388057289305
0.8541699067909454	0.23610600324183947
0.9845435419440746	0.2113434779074872
0.673532223701731	0.4117374281916612
1.3591225033288947	0.2840830079965159
1.4467031957390146	0.293591251389723
1.0152893475366178	0.22176154104110826
1.00780292942743	0.2286583686463374
1.4893021304926763	0.4894502246047438
0.982045672436751	0.4246894315460315
1.2947391478029293	0.31132468365657684
1.7856203728362183	0.18656883401208244
1.8236125166444739	0.4857162894646658
2.183241677762983	0.23344210254435163
1.5108969374167773	0.22490314643620604
0.40122423435419435	0.41737444459690654
1.1439258322237018	0.402314374857338
1.7092171770972038	0.18619427910596914
0.7457175765645806	0.41397962120731563
1.2106275632490013	0.6844278306090215
0.5434737683089215	0.5627191928049426
1.3726243675099865	0.18206173037519394
0.28441051930758987	0.25464191574743267
0.2855673768308921	0.3670161510988582
1.0453978695073236	0.5135004836737197
0.24638402130492673	0.22459550623831345
0.2346113182423435	0.27036502423566794
0.3809713715046605	0.21955413606011084
1.033845672436751	0.23847992627807713
2.251838348868176	0.9184394588184445
1.920990412782956	0.46613248682564884
1.7152009320905464	0.31399234957507244
2.314886950732357	0.41181808442960816
2.3940503328894804	0.3730701795258105
1.7561107856191742	0.3358986114201377
1.3855394141145143	0.5947399439445995
1.1547058588548602	0.23330822413500416
1.2879007989347535	0.4144252843046615
1.386952862849534	0.20416250750117565
0.820617310252996	0.4716101458412535
0.7620205059920105	0.5279058900668319
0.5308075898801599	0.3102121127483406
1.431237017310253	0.41696577706358035
1.442829294274301	0.25020028130748806
1.1598237017310251	0.36466885545468153
1.4655283621837545	0.636506435310431
2.0106794940079893	0.2757619425404312
2.061821171770972	0.42477126056199455
0.6039725699067909	0.3135725706071943
0.7216464713715046	0.27637265928777477
1.8754962716378165	0.2939868324305655
1.4077621837549936	0.3134152755075331
2.2384083888149138	0.2020047973654481
2.397599067909454	0.18560627697465817
2.4354715046604527	0.18853073988192415
1.62699121171771	0.21058674730020044
2.080337549933422	0.1501012326001524
1.5228081225033288	0.3674264986063192
1.0828174434087883	0.37858919597576435
0.9346075898801598	0.350940981162509
1.1036854860186418	0.33205437062173737
1.799817842876165	0.1934894006149695
1.699491877496671	0.1596574009341239
0.92391637816245	0.28919977275230496
1.8462018641810918	0.21431198557315093
1.3425537949400799	0.20237469489226065
0.3343191744340879	0.3122610756072526
1.463886018641811	0.20952618020350922
1.2313770972037286	0.1912111321341582
2.0543375499334218	0.14949181452944985
1.3373332889480694	0.19908000976989568
2.2877953395472703	0.17434215381290624
0.36154447403462053	0.32442216856253303
1.2306487350199735	0.248462405337125
1.4294848202396806	0.3356223352024593
0.8728307589880159	0.3290330565099118
1.1793057256990678	0.2886112670978818
1.7149242343541942	0.27987872844334966
1.4330633821571237	0.2476742378607013
0.7154725699067909	0.38082711283917564
1.6231398135818909	0.42678047216830295
1.3953424766977363	0.2485386070500891
0.5972384820239681	0.4694914699651096
1.209617842876165	0.35477249490861373
1.2589327563249002	0.31688195715843853
0.5031264980026631	0.3406493099368309
1.292314380825566	0.573452993376179
0.3300637816245007	0.2572004903640134
0.3718319573901465	0.28844878817477726
0.4882081225033289	0.27743221012045544
1.198053262316911	0.5377183563400234
0.7756766977363515	0.3931526033703681
1.008769773635153	0.4196836096103602
1.5514229027962716	0.22316503135527932
1.667100399467377	0.47340755861213857
1.1400805592543275	0.24695486041806913
0.9105785619174434	0.29117278813400393
1.8403782956058587	0.36429592248990034
1.0486845539280958	0.4556825775461781
0.9984577896138482	0.37698815048808865
0.8805589880159786	0.5568638162028904
1.7375946737683088	0.4210544071335334
0.4739479360852197	0.3041838519021961
2.019720505992011	0.11475410534131977
1.4002179760319573	0.27360609966288113
0.9940792276964048	0.3414173100792836
1.2667696404793607	0.17692951904865825
1.5397914780292943	0.1385074350634484
0.7960398135818909	0.29406289969007143
1.4357488681757653	0.39281250267658047
1.9235448735019973	0.2931243190442077
0.7502336884154461	0.48279907460728966
0.47777762982689753	0.45378942822856955
0.987346604527297	0.39714991247782894
0.5986229027962716	0.34969191981378667
1.580053928095872	0.3965994345842323
0.9958450066577896	0.44638930842050545
1.1166215712383487	0.36216885426836265
1.5015898801597871	0.23645131523877824
1.0118693741677762	0.30129360965982227
1.03594620505992	0.5589136558145971
2.0026055925432757	0.20772435052479324
3.68105086551265	0.980504742186382
2.0927118508655127	0.1890156737754641
1.915930226364847	0.20248188097288836
1.4447509986684421	0.24110519811952277
0.21081491344873501	0.30229358916769966
1.7434992010652464	0.3381622707481584
1.1389491344873504	0.7021842572485845
1.7571290279627165	0.22669997825921873
1.665484021304927	0.4074260599976237
0.49902916111850865	0.32456945660205005
1.6561483355525966	0.22386551702813356
1.9332776298268974	0.2527828826968487
1.3145876165113184	0.6244302509397879
0.6337054593874835	0.3469661254079153
1.6286743009320908	0.19612484703502336
0.8446378162450067	0.3907878854052654
0.3119669773635153	0.34434056130306057
1.0057362183754994	0.6749385729063678
1.1684524633821571	0.5619893556963829
1.0870262316910786	0.6442672974086924
0.21023661784287617	0.321110874785442
0.5438645805592544	0.4467008193050841
1.2017906790945405	0.628008294888218
0.7583280958721705	0.5172063599485295
2.251767909454061	0.46101871233677444
1.0507645805592543	0.3428922242345785
1.6467126498002662	0.328212602434114
0.9088994673768308	0.6143123018525996
2.177562050599201	0.18252964725878976
2.3815816245006656	0.3751242396704143
1.933888948069241	0.19506027713351778
0.9666813581890813	0.28952133778355077
1.2602488681757658	0.7142879298898558
2.096010652463382	0.20594320017287243
1.648373501997337	0.160746091696166
1.8203091877496673	0.15170288716492447
1.287234087882823	0.3114028203059091
1.4273430093209056	0.19911937971451882
1.4560934753661785	0.25359580917567187
1.7782688415446073	0.1563934420712465
0.8480258322237019	0.3280659466499655
1.1349609853528628	0.19220802509073878
1.4887415446071905	0.16121443149167125
1.4816701731025301	0.3815925084683195
2.035817177097204	0.2455784301685889
2.161129294274301	0.25404549823565636
0.22462250332889483	0.3342365160999998
2.182962982689747	0.12305515283957517
0.4857998668442077	0.31254647899356325
0.3281166444740346	0.25743846968746803
2.016741810918775	0.23174808384040188
0.8346541944074567	0.3284002991225269
1.1781750998668443	0.3813372760278913
1.8123194407456724	0.32004527325412946
1.6176762982689747	0.33591480666140106
1.7038888149134488	0.5183886871130817
1.0049328894806924	0.31606056903560054
0.6120133155792277	0.29030850550973736
1.2001557922769641	0.3912371586612333
0.8617635153129161	0.3859036196024379
1.9656223701731024	0.1438860684638283
2.7367886817576568	0.2999157887884094
2.0607641810918773	0.17111149847029616
0.8727157123834887	0.2172719574208397
0.026401997336884152	0.17085997049235901
0.3018880159786951	0.30473978551166153
1.7965099866844205	0.1733507712710449
0.6656953395472703	0.2608239238884242
1.236319573901465	0.6435919587987751
1.2907922769640479	0.5331842588340832
1.7960362183754994	0.49126407817704054
2.1197872170439416	0.29044718773739014
0.9769938748335553	0.19359554944973117
1.0152150466045273	0.2852692885747767
0.9405950732356857	0.26674085333629816
2.206600133155792	0.2198825462100433
1.8533748335552598	0.1794657091613489
1.405476431424767	0.23146167833804124
1.6551226364846872	0.16171101345016128
1.3388905459387483	0.26623524244186275
1.264529693741678	0.3868349190601856
1.9278695073235685	0.19026746319909943
1.695418908122503	0.12081599533602397
1.9606962716378165	0.1590378153892413
1.5854764314247667	0.29467021936317594
1.5872713715046607	0.2855659249909937
0.9817186418109188	0.3783320875818327
0.5031934753661784	0.2850399906487048
0.8906382157123836	0.48188251474841015
1.460684687083888	0.32583422008729446
0.39898655126498	0.29284056667221703
0.4472203728362184	0.2939404130814115
0.38575685752330224	0.24618655144441898
1.9782272969374168	0.2755117427866417
1.1918541944074568	0.22141475022431162
0.4465340878828229	0.3252443381169979
1.3802695073235682	0.2743400478478356
1.4848901464713717	0.17013973127569906
1.3169403462050602	0.30781071990910047
2.0145268974700397	0.08977937580796336
1.9524271637816248	0.18351904332283603
1.387057656458056	0.22463460584493583
1.8086833555259656	0.141622098478858
1.6190651131824234	0.20985263406476923
1.4278426098535286	0.21508397033775262
1.6638083888149133	0.2009446681965754
1.4932161118508653	0.21967007319762655
0.2541511318242344	0.3740134194715356
1.546938482023968	1.0655065054359474
1.316166844207723	0.38842237896383
2.4667936085219706	0.9381710210152859
0.4925436750998668	0.4440786865524421
2.7966111850865514	0.39828212515723993
2.277220372836218	0.7130866934727154
0.7358271637816244	0.4126151296638412
1.9401334221038613	0.6067322012958885
0.21082303595206392	0.2653134818733348
3.929673368841544	0.9094458549573126
3.8770186418109183	0.7795834529788809
0.2886351531291611	0.3085695265991373
0.24315672436750999	0.23283668565857762
0.7347926764314248	0.38724160697175486
1.007647536617843	0.6176400059969505
3.958015046604527	0.7503899675382938
3.246193075898801	0.44930048080980095
3.056823035952064	0.38754399960065017
0.21383981358189083	0.3310731640782766
0.31566790945406126	0.2896934988416705
3.173354460719041	0.7595635160341905
3.2300071904127825	0.7292025388313216
1.9453829560585882	0.28266155862942227
3.152236484687084	0.5718331821689377
3.2323591211717706	0.5682047833416021
0.3493982689747004	0.4412856953687525
1.4533773635153129	0.7002701144957555
1.502727430093209	0.5855178482725576
0.7705544607190413	0.6265515395568939
0.8733917443408789	0.37149978264741573
0.2896266311584554	0.2986402323398614
0.2706956058588548	0.3625167884546183
1.602590279627164	0.2885960177078089
2.3335864181091877	0.40541019729551864
0.26623035952063917	0.27893590582365035
1.5226284953395475	0.1719027627869738
1.622885619174434	0.20972693833021933
1.6418426098535286	0.24615170626800062
1.168535952063915	0.35327206237165515
1.1612211717709722	0.2590497439065858
1.8170583222370171	0.2016768788665561
1.4314723035952062	0.2033667825896645
1.5222724367509985	0.34000150101384174
0.9439237017310251	0.5682626727290728
1.9868648468708388	0.16437206800514945
2.524027829560586	0.23211350444532172
2.1478615179760316	0.2525236188551869
2.164807190412783	0.27380967025933484
1.2569998668442077	0.18076260826266316
1.4482873501997338	0.2599588982411185
2.163491478029294	0.2586436744638441
2.117314247669774	0.17306403599821635
1.7730069241011988	0.29401367823284835
1.838936484687084	0.19125727940271117
0.990988015978695	0.2198115891922007
1.8066395472703058	0.5003497478967098
2.1475721704394144	0.5301960681329108
1.8620303595206391	0.3258316693653162
1.735378828229028	0.23606417923000886
1.3032692410119842	0.3171596545862879
1.5745697736351534	0.15764536057936843
1.2209241011984022	0.4310485044332315
2.2929075898801594	0.6949450042009309
1.2591944074567243	0.20920911497899583
1.9103930758988015	0.47607074369396457
2.1506416777629824	0.6602894208110571
2.1742131824234354	0.3146281874279963
0.8238089214380825	0.39320665910512714
2.5297539280958725	0.6765563170407268
1.4629015978695075	0.29129198898524616
1.14562982689747	0.22667036717525044
2.525819840213049	0.3771745091493305
0.90310292942743	0.44474799108106844
1.9647087882822902	0.48971249145828016
2.0695231691078564	0.4187818016413345
1.46579241011984	0.8432312439625271
0.4911950732356858	0.5279570301279066
1.9592715046604527	0.19851118135117157
1.2540153129161118	0.4365491625046263
0.9559372836218376	0.4361381710907316
0.4657410119840213	0.29933434089479716
1.5577717709720371	0.3373518169372616
1.9007034620505991	0.21102155496327715
0.7204219707057258	0.4157990002535224
1.1159557922769638	0.4152401616742394
0.12094846870838882	0.2726503800010172
1.992664047936085	0.3155998586786677
1.3395097203728363	0.2286432993134949
1.829599866844208	0.19748691166659485
0.46465525965379495	0.36633155428574804
1.191872569906791	0.2606712513841701
1.8591145139813583	0.12389714674587055
1.1064973368841544	0.35769275349806146
0.2281944074567244	0.3212746172706644
2.0702102529960054	0.22496678166105916
1.4989782956058588	0.10334131918368214
1.3861854860186418	0.22349188492104746
1.5403410119840213	0.17219062763725856
1.886135153129161	0.1289988649293955
2.028431691078562	0.33666343489674444
1.8775936085219707	0.5902185910368185
0.7434431424766978	0.3624569326768598
1.9535519307589877	0.2939632470544158
1.2636324900133156	0.3405519443891371
1.8037031957390148	0.5680757356443503
0.7832834886817577	0.5009770220926237
1.0907753661784287	0.6482769806090466
1.7931387483355528	0.5903160718775511
0.5343576564580559	0.3662848827495606
1.0916652463382157	0.3706331075021994
1.8238217043941412	0.18387676094964997
2.117706790945406	0.5134056924114571
1.0216021304926766	0.24167352590762214
1.6454573901464713	0.6527316965785829
1.431547137150466	0.2566814158241441
0.5903749667110519	0.21666467445714832
0.9293896138482025	0.31827819677852776
0.7026327563249001	0.30798243645383494
1.1782294274300933	0.41203305679643515
1.4191181091877498	0.2686589460869239
1.4755902796271636	0.3456925890882259
1.5122134487350203	0.3307935428353788
2.099328761651132	0.43946533757255624
1.0820106524633821	0.6567251898116362
2.1978982689747	0.24147271998648076
0.7958648468708389	0.5501235758666508
1.5867769640479361	0.3563612309339411
0.8665527296937418	0.2585709594182344
2.407096804260985	0.4337361578006405
1.4159884154460718	0.2858317151980662
2.350109454061252	0.23915448745947784
0.7277306258322236	0.46814685160525993
1.0402348868175766	0.5430507084413961
1.8674861517976034	0.28993853684492266
1.199232623169108	0.305090737699464
1.8205181091877498	0.16639032653353023
0.3356170439414114	0.291825317033269
1.6383965379494008	0.2718273044601384
0.9400073235685753	0.5488582269359367
1.480665379494008	0.31620668791237655
1.4790166444740347	0.29136295479582786
1.715106790945406	0.3323507444413416
2.5350137150466043	0.7515097048938094
0.23458428761651132	0.23902066799021762
0.5563270306258322	0.39451165771234586
1.2879934753661786	0.21265840953317322
2.2384474034620507	0.4185453979395789
0.6086410119840213	0.2756874505339914
3.0820757656458055	0.38362111873773436
1.8662227696404794	0.17737749884936024
2.0263573901464715	0.4200865994616466
2.1216607190412784	0.4538841537165135
2.18500292942743	0.7347265427816324
2.375300266311584	0.753147659946586
0.6230271637816246	0.6512461031785691
2.5829053262316912	0.8864272805030878
1.5394138482023967	0.19435579806028955
1.8650925432756327	0.31344630810858276
1.7810774966711052	0.21138417443284974
0.8164221038615179	0.3389198699296394
1.7081925432756324	0.2148264685946419
1.784046071904128	0.22063190995025725
1.6348298268974701	0.2541742303028311
1.3125712383488681	0.5163840294366085
0.9668645805592544	0.46998088767248886
1.3649584553928094	0.3756128258882835
1.6679960053262317	0.4400438703284062
2.666687616511318	0.3897146316997822
1.7718885486018643	0.7903460157819954
2.6770785619174435	0.4178846845646188
0.4515973368841545	0.37719714666157295
0.40323155792276966	0.27280686461718656
1.2413720372836217	0.5560332469928053
1.4707157123834886	0.21517352844390772
1.3197885486018641	0.25015348226459927
1.4809868175765646	0.27457758745137567
0.6179431424766977	0.6556073858418755
1.9202978695073236	0.2606449029903491
1.4165512649800265	0.15463122143412072
1.6480728362183752	0.23135903510268827
1.9342133155792276	0.2684007552434207
1.7629933422103863	0.1846216375821914
1.844630226364847	0.2850151211534233
1.4797864181091878	0.21954346682040343
1.6846394141145142	0.21510636527064855
0.8676407456724368	0.22957807717539255
1.7795599201065249	0.7096634101017729
0.38414154460719047	0.4036483932969337
2.3743312916111847	0.221193682819162
1.849669640479361	0.35141501749978105
2.8276264980026626	0.21801426364204818
1.9157648468708388	0.20749527090036332
1.0616041278295605	0.20680525017740012
1.4336729693741679	0.1485449432376918
1.978051797603196	0.2091132772839856
2.2928247669773634	0.41295089428525394
2.3101398135818907	0.3267209514747844
2.799707323568575	0.5420237902288624
0.22715619174434087	0.2761566938030561
1.8126027962716378	0.23611600825236959
2.0679035952063916	0.5301683686543001
2.5310495339547274	0.5769190212156254
0.9275652463382157	0.3626403973178986
2.471571504660453	0.6184668301859144
0.8131418109187749	0.30254968776180086
1.7213026631158455	0.18644078555279053
2.443919174434088	0.31522465808546357
1.4339141145139813	0.3942705220291351
1.4766679094540616	0.258236627871012
1.3697037283621838	0.17555416563741968
0.9281159786950733	0.5337431291552585
2.2308601864181097	0.33504991360485836
1.6047241011984017	0.23934826103040738
2.316000665778961	0.20483632454495312
1.740017443408788	0.18372432027589777
2.0595503328894806	0.2251427687227481
2.4221760319573904	0.3484497426132841
1.8372693741677761	0.17467967699401904
2.0858426098535285	0.2848896675645962
2.050571504660453	0.2393496815404781
1.8376591211717708	0.19735588831134082
1.3246229027962715	0.31290936080169623
1.15838948069241	0.41232254017094344
1.8861137150466043	0.20776682031261937
1.8102605858854859	0.4160398580422512
1.7490958721704393	0.3052925305516947
1.4197888149134488	0.4050076237812885
1.292506258322237	0.20049963948480423
1.5247319573901463	0.3091133583325552
0.3994829560585886	0.2822103999784123
0.9197776298268975	0.3757769431159989
0.6598091877496671	0.5293689272903778
0.5549571238348868	0.5281277456873765
1.6209846870838882	0.8778384815399162
0.4560721704394141	0.4094819531691085
0.808263914780293	0.3169449899387238
1.8329102529960053	0.15876396113181213
0.9884130492676431	0.3308228438668105
0.4451214380825566	0.27901256247661943
0.6249090545938748	0.287558160662419
1.1248936085219707	0.20328173705377894
1.1221407456724366	0.3047576268054913
1.6551563249001333	0.36248394193269246
0.629857656458056	0.3706804965339014
2.2034496671105193	0.31078704869579044
1.7887043941411451	0.32265219238523357
0.8026165113182425	0.3923223223331529
1.9126026631158457	0.489439962974442
1.4984683089214383	0.24269473010000037
2.532963382157124	0.4447082653332087
2.057345805592543	0.21226789107699212
1.43508655126498	0.2654289836693199
1.94574913448735	0.32729003250239075
0.3918937416777629	0.42604077701069876
1.5957239680426099	0.3783047002304866
1.0843375499334222	0.3210229616692509
1.0217272969374167	0.4347988386067883
1.568688015978695	0.2800838199918555
0.829007723035952	0.6287213733813094
0.22255166444740346	0.3308914677895931
0.9247575233022636	0.4234581094819295
0.851363914780293	0.2881252721523231
1.1901625832223701	0.36956067937097314
0.48860745672436756	0.555801879939843
0.23308015978695076	0.25228039099040195
0.7619539280958721	0.28624691948734543
0.22790585885486023	0.23588350109925083
2.2534521970705725	0.30200290448836287
1.5029119840213052	0.20516420941713348
1.3090155792276965	0.22596907029353586
1.7313143808255658	0.553946447974247
1.518076830892144	0.7360309053323356
1.447241011984021	0.3700694708539156
1.656240878828229	0.30535294532459006
1.3166123834886818	0.2667809056715582
1.9691984021304927	0.2373576991819775
0.30873661784287615	0.4568112357023711
0.3745490013315579	0.33789274718102186
2.3302270306258324	0.2715192121838241
0.8983029294274302	0.36427544646445476
2.4902901464713714	0.15877937547430557
1.8170287616511318	0.14888417270646265
1.0232768308921438	0.541194581817506
2.15854793608522	0.2744981496480216
0.9163233022636483	0.4004564534479827
1.244897203728362	0.21086858613367018
0.26587909454061254	0.2841351229109434
1.3944800266311586	0.15645439430454813
1.7322367509986687	0.1582886411244278
2.465605326231691	0.2488739273527304
1.0187884154460718	0.2584538240899205
1.947005193075899	0.23854634973459646
1.9238264980026631	0.38085857841800047
1.2122205059920106	0.3976333986383187
0.7576788282290281	0.4476243474416858
1.3379264980026633	0.21810800712771192
1.1535516644474033	0.29040682794934386
1.7335549933422103	0.26166621458369543
1.0957387483355527	0.14697725288654867
1.722874567243675	0.12555331653095922
1.3667841544607189	0.31139338665678074
1.8347327563249003	0.21445069038697281
2.328405725699068	0.5064801551332302
1.4676117177097205	0.111810764835062
2.3016015978695075	0.26340831881488147
1.4526472703062585	0.31161861585418216
1.5117515312916112	0.381558701910528
1.1879982689747006	0.4572675021024647
1.3981122503328896	0.2633736239426372
0.5871332889480693	0.4331548496692368
1.2990824234354195	0.20978206289409732
1.0871115845539283	0.28072034970642956
0.959441810918775	0.27361111177886105
0.6804637816245007	0.42269562439810027
0.23007150466045273	0.2508988441058165
1.077914913448735	0.1901882831649246
2.4904689747003994	0.18278034057017392
1.994021704394141	0.12220697879990856
1.8627423435419441	0.2025786652730294
2.194838881491345	0.19053608066584116
1.1854475366178427	0.24679337134481008
1.4068874833555256	0.13824514805895455
1.2578748335552596	0.3446447897439846
1.810274034620506	0.522870280806657
1.154812516644474	0.39475003495418415
1.669064047936085	0.2269050700725442
1.644031691078562	0.38402655916417877
0.9668193075898802	0.3002069037291743
1.0783111850865512	0.2797762296963823
1.257856191744341	0.3364674565331245
2.407011051930759	0.1711877560670027
0.8395966711051931	0.33112887197549334
0.916725432756325	0.28889802771639206
1.301063914780293	0.25905975854640806
0.888678295605859	0.3676224347192999
0.28719334221038617	0.24384960533544384
1.5066065246338214	0.25100656013949446
1.0017737683089214	0.5449790967212993
2.354405992010652	0.26930580151766725
1.1918406125166445	0.2576609772863096
1.3922545938748336	0.35690732217207516
2.0238800266311583	0.26465430125914446
2.4157828229027962	0.23018513121335973
1.634002396804261	0.35124418192164064
1.3845435419440744	0.21720416207845933
2.05929414114514	0.09893317960586066
1.8082209054593874	0.1452619995881462
2.102223435419441	0.25082660438921334
0.440262982689747	0.3639259407819943
1.9179387483355523	0.3561462153212466
1.648059520639148	0.25373341381363734
1.6063833555259655	0.2922649866576974
1.4487231691078564	0.20891414503526468
1.3787993342210385	0.19250109332584917
1.5284119840213048	0.4411887489347497
1.4651002663115844	0.4633826695385691
1.3898466045272968	0.21015562747982777
1.5377857523302263	0.36834439129154484
1.3256315579227698	0.2642001705574888
1.4977455392809589	0.5329337014081708
1.510949933422104	0.14391533350910474
1.455134087882823	0.47568209128279926
1.271563382157124	0.31305749735229327
1.3616609853528627	0.20453999275849272
1.8917989347536617	0.2580929507700939
1.3524788282290279	0.22374838294982508
0.7479306258322238	0.3657057837758267
1.5657398135818907	0.22217422824404595
1.024550998668442	0.3197369141913487
1.3028632490013314	0.39093879872485415
1.8762055925432757	0.3305481991370468
1.6162491344873504	0.29487242802750385
1.4269106524633821	0.3636225113750094
2.5033306258322234	0.3694859584920345
1.380349400798935	0.2600395314545112
1.156843675099867	0.2714337021883933
1.928139946737683	0.2764524788302599
1.1588011984021305	0.18188050835498917
0.6099194407456725	0.3254790226153906
1.3468151797603196	0.1507057132955077
1.6644335552596536	0.1521595497969726
3.556243675099867	0.8076154510249891
2.1473965379494007	0.18675122030021668
1.120947536617843	0.2818860637916976
1.2410917443408789	0.18773392164968286
1.027696671105193	0.20202934567421704
2.218396937416778	0.6365808135665154
1.2773167776298269	0.2885249667121504
1.696738348868176	0.19252591398907062
1.8858350199733687	0.2807619603640238
0.7379310252996005	0.32311395578791413
0.7370532623169108	0.3751522290387456
0.2566503328894807	0.22617620759203375
1.202671637816245	0.31444024339391813
2.011116777629827	0.2572403659944137
0.9766291611185086	0.22847643411790278
0.7246717709720372	0.3169145055220925
0.7470403462050599	0.24481244324351145
1.6929424766977366	0.15094517816382844
1.0514087882822905	0.42987907366920236
0.39225619174434084	0.29282026860403193
1.2044475366178429	0.2449695813963664
1.4801786950732356	0.2363699050981605
1.380317842876165	0.2210604765115343
0.9620772303595206	0.3933927442635412
1.6963535286284952	0.3437458152427018
1.4744245006657788	1.0161311145629484
0.29972769640479363	0.31558496553425675
1.1216535286284954	0.3415115457536121
2.163348468708389	0.17530808929640132
1.9058135818908124	0.1482424630736487
1.7378917443408788	0.2973199554529416
1.8292189081225034	0.23669538597323392
1.83672982689747	0.14192547767831437
1.5902177097203727	0.3874392744557009
0.8301757656458055	0.24696904106032533
1.5738822902796272	0.2420878602556726
1.7563680426098536	0.1914123127337304
1.821074567243675	0.1904227403233906
1.654785486018642	0.22270937434655588
1.2826829560585886	0.20036027218710023
1.4013223701731026	0.5084593396580113
1.8023567243675103	0.15406139283104384
1.6592667110519308	0.18040152924710884
2.5699969374167777	0.2133187264288217
1.7874231691078564	0.15355342671527075
0.8653960053262317	0.4695950091945974
0.8425893475366177	0.5202139401070789
1.5287684420772303	0.33405155458592706
1.3750078561917445	0.2672695851819162
1.3005735019973368	0.21604913870800557
1.7723118508655125	0.18146460298504785
1.2992617842876164	0.20045954373068675
1.704163382157124	0.3219196089055184
0.6686266311584554	0.6799457519163596
1.3942262316910787	0.4322211420982843
0.5531275632490014	0.5575277303588545
1.2357894806924101	0.5486577983979384
0.4039647137150466	0.37474239061980696
1.6695597869507321	0.4623194645527579
1.6395914780292944	0.32180218792979637
0.859799600532623	0.3845960880697594
0.44016790945406126	0.3429322936452482
1.6612006657789613	0.22463878224734493
1.1510683089214382	0.6070899938615422
1.0862364846870838	0.27468221270489557
1.3955833555259658	0.2739462830457813
2.3953580559254326	0.26570296193251075
0.23393555259653795	0.2671810957454935
2.0665595206391476	0.3644321619337418
0.5466541944074568	0.45851147511844936
2.1354620505992012	0.5516820570055669
0.2130676431424767	0.3853525149832284
0.5365829560585885	0.32375824774843426
1.6882913448735022	0.3645142774620641
0.8739837549933422	0.4257098077664054
0.43312916111850863	0.4678266624655729
0.3704982689747004	0.2461722413685974
1.4343607190412782	0.27947341483966964
0.29569973368841546	0.261608855371877
1.1646525965379493	0.33626509771606244
2.3889083888149134	0.36513975712488905
2.1752382157123837	0.3850443735183966
1.8405245006657789	0.29954193242328725
1.7907111850865514	0.6404155738672543
1.8970412782956056	0.1600857849272781
1.955831158455393	0.2949119402542339
0.5188961384820239	0.5482676339651986
0.9689078561917442	0.3535630974706032
1.854590812250333	0.2806286041328099
2.0457727030625836	0.34508966659391177
1.2076191744340878	0.5960252559728552
1.8539579227696406	0.36387472539246263
1.7578195739014646	0.17996148678920634
1.5238565912117175	0.21968113178032447
2.419162050599201	0.21490056917501896
1.6106343541944073	0.24132614491718105
0.3118957390146471	0.39649623544516815
1.9915568575233022	0.22836801822332453
1.3417311584553928	0.2390021871738646
1.2146498002663115	0.20928126868896152
1.2959705725699069	0.3342916723610164
1.9404725699067908	0.48297895204218344
0.7199396804260986	0.4867467251088176
1.7642183754993341	0.2999612339054765
0.8838118508655126	0.40606656119804485
0.6151135818908122	0.39921994018472845
1.3779880159786952	0.36643933399976153
1.3203070572569908	0.25334215836398544
2.1200118508655126	0.26647635261694613
1.8289854860186419	0.34579113719360705
0.30265925432756324	0.24186748964570084
0.5463564580559255	0.3128480075060474
0.30750039946737684	0.2625022832184773
0.601554327563249	0.2749403287480475
0.7753388814913449	0.40559689880527106
1.406320772303595	0.28216477119548017
2.222799334221038	0.15936841384388145
0.7128097203728361	0.24037378775898086
1.800805725699068	0.19175530188091297
0.5140865512649799	0.2359151367827128
1.5931905459387485	0.37075633425649407
0.48586391478029295	0.3455378917137368
1.4772509986684421	0.20238149561980445
1.8833189081225032	0.2644960126499627
1.5487535286284957	0.22697465689155136
1.528662050599201	0.33385885363786033
1.7069930758988014	0.40211945616026756
0.3405278295605859	0.256899344115823
1.6807572569906792	0.22565007506187976
1.8714139813581891	0.2593050419317617
1.5888588548601863	0.3099863370955334
1.8723275632490013	0.5079085193161551
2.2180805592543273	0.2786028091050624
0.9472515312916112	0.5421915039157543
1.244394673768309	0.314976026096547
1.142156324900133	0.5495647291156506
1.7678735019973368	0.16835707053557497
0.9021090545938748	0.48163671440034606
0.4349966711051931	0.3083513458576877
1.2452198402130494	0.22086535424604917
1.7223583222370173	0.24866792016922148
1.1747362183754992	0.19653555725650618
1.152680825565912	0.42752970098565596
1.9217683089214381	0.11639183068412964
1.1660723035952063	0.29005509170429716
1.0396616511318242	0.2886977164303648
1.2607002663115845	0.2612380467514287
1.0036174434087883	0.21690744048634508
1.034429693741678	0.2585694797457055
1.7354009320905457	0.26242805146592424
1.7064376830892145	0.1536164426620728
1.1361765645805593	0.31031968325523274
1.5317934753661784	0.35217591714258195
2.124801065246338	0.2190843067730581
1.6437070572569907	0.2559450617559929
1.8876226364846873	0.4525816671346044
0.7826252996005327	0.2883622494303789
2.124679760319574	0.6012881030471066
2.5741669773635154	0.46463990406992883
0.5412846870838881	0.44812369341407277
0.433517310252996	0.25511549942961775
0.8540503328894806	0.20830023264668115
1.5707023968042608	0.19640773066598097
0.31607350199733686	0.3496496298468658
0.26632023968042606	0.20742608743231689
0.3127926764314248	0.2894459794727103
0.6618732356857523	0.3782173517029735
0.24039027962716378	0.28214280265603253
1.9664936085219709	0.39060964458970954
1.0886727030625833	0.49304646422627924
0.03615925432756325	0.21997373724486582
1.1390097203728362	0.3882040291235414
0.6898982689747004	0.5677087387451445
2.7337078561917445	0.33412374782364446
2.307908122503329	0.3081791518166844
0.8154442077230359	0.32207978135186305
1.4030483355525964	0.5636641145474148
1.6646387483355527	0.26559061030125103
1.5391824234354194	0.22838222233355884
1.6557834886817577	0.21602147398822988
1.5850889480692412	0.25338629666428747
1.6410126498002666	0.3534833118137189
0.88614913448735	0.3647712621415473
1.179137949400799	0.29663954842367884
0.152408655126498	0.23426801042973827
1.8372303595206392	0.1934288104810271
1.22701637816245	0.2670354507715654
1.3573340878828228	0.2687254746555088
1.699849533954727	0.38873751237188625
1.4606953395472702	0.15781395978719034
1.5948219707057258	0.21152290494779616
1.7009348868175767	0.17914226530794167
0.7064584553928096	0.22464724430221908
1.4485796271637819	0.7038982056844393
1.358983222370173	0.5083252218248453
1.1283635153129161	0.7312824908964869
1.9929904127829559	0.26165446429031547
1.7316531291611186	0.46753489104137874
1.6634785619174435	0.6603154357024829
1.8208110519307588	0.19570486290978203
1.058920239680426	0.44051785790396675
1.90085672436751	0.49024505039025784
1.9936976031957392	0.34770361894207225
2.2269676431424767	0.18654364733708315
1.337985619174434	0.23841605915548517
1.9354150466045272	0.18908659272205114
2.870140079893476	0.23507187484470135
0.9956218375499334	0.35719641659612633
2.3032900133155794	0.19937329838935877
1.628550599201065	0.27033024434623676
1.8758772303595208	0.25116635311734703
1.0895691078561918	0.3762024388160026
0.9957491344873501	0.4205897316460485
1.660815845539281	0.23710955571922082
1.6311856191744345	0.5233628389603557
1.1534957390146472	0.22392020759486483
2.6177376830892145	0.3376966427649405
0.5002908122503329	0.20884016214409895
1.5361665778961384	0.30336436897070207
1.671617310252996	0.25258551542626395
1.5431752330226363	0.20456241752147272
1.119184687083888	0.2762990366402632
1.5284885486018638	0.2670535925246408
0.9007015978695072	0.26072422022530617
1.6068119840213049	0.2368018308629778
1.5438113182423434	0.23734853658975485
0.5738278295605859	0.32993475989973553
0.551305326231691	0.4281877794989527
1.8155882822902798	0.23484233121069598
2.4101298268974705	0.15476179355871175
2.0299095872170443	0.3991104218836618
1.347651398135819	0.34613224752639327
2.139495872170439	0.3372099896505314
1.4788042609853527	0.3990281773509982
1.623538881491345	0.4663156418661954
1.298194673768309	0.4296857323364314
0.9268189081225032	0.2531212506395024
0.4498693741677763	0.26118044222900233
1.153247137150466	0.20204330952354957
1.8134057256990679	0.19341243144032508
2.3520017310252994	0.2406048323216947
1.8479750998668443	0.2589406677855869
1.8643446071904126	0.4288321272515172
0.7824741677762981	0.6526965475172608
1.3221801597869507	0.4300369147044198
1.6091600532623171	0.13476338677441516
2.1658487350199733	0.22131817085679123
1.4453969374167774	0.14790937504535112
3.7983195739014652	0.422686087167894
2.7356910785619175	0.2776669527655227
3.408612649800266	0.22050569832948722
2.0476866844207726	0.25604572199795556
1.2360632490013315	0.3390792690703442
1.6385011984021305	0.3750859875297579
2.049575765645806	0.13250269378431345
0.7332505992010653	0.29956499339756215
0.9848504660452728	0.3511403275571367
0.29788575233022635	0.24111977673849294
1.5188354194407458	0.4398037105709938
0.17636857523302263	0.2630827616268571
1.1710426098535287	0.39180207841516823
1.4625798934753662	0.44226219643404113
1.577916910785619	0.1577896504482869
0.9287186418109188	0.25073000650859706
1.350882556591212	0.25221755066774265
1.0616406125166444	0.3252633362132569
0.32316950732356853	0.2632234802878671
1.6766841544607192	0.2950270201384416
1.3666671105193076	0.6981989366577216
0.39731917443408793	0.4153491456130639
2.001466844207723	0.2688663881057349
0.7173113182423436	0.2766558775066622
2.0977323568575232	0.43973212497609243
1.7277765645805592	0.1600171420058942
1.3189652463382158	0.3694000230029498
2.4830986684420773	0.6273674952843604
0.8276183754993341	0.49758510140247086
0.3601065246338216	0.30753835207993
2.6320848202396805	0.18058328436618287
1.9728391478029295	0.1674822270875903
2.2613838881491346	0.2817778441292702
0.9915679094540613	0.30742441097642986
2.160315312916112	0.3842058476745925
0.5565095872170439	0.4391371033218943
2.1091025299600537	0.11132080933112753
1.6935631158455395	0.17983519178071947
2.1174352862849535	0.13829107367604498
2.0876074567243674	0.5480293497129456
2.746222103861518	0.3501293550062867
1.5624572569906792	0.11260875990284559
0.5256418109187749	0.26346571805466984
1.9396725699067912	0.20963896704711332
1.4739758988015979	0.25749641910239646
1.0441229027962717	0.44724486917581335
1.674327829560586	0.2592950291751521
1.720628362183755	0.1695105004264953
1.5123237017310254	0.2625388332904263
1.2467428761651134	0.23728321613556472
1.5497440745672433	0.16714827240572408
1.8055031957390146	0.22816459138545325
1.8864633821571237	0.1209136933065911
1.6639805592543275	0.194756072967212
2.133739946737683	0.2711769128411434
2.810086151797603	0.41754402390499284
2.4499394141145143	0.1934364576811792
2.509401065246338	0.11999660070167457
2.116966577896138	0.25894280875102216
2.2200728362183755	0.2553623474134544
2.286328894806924	0.26854680851977253
2.167933155792277	0.30188254359225003
2.1775178428761652	0.18091194656883638
2.8670161118508655	0.29406960509920865
2.0230997336884156	0.14658006678475813
1.7337900133155792	0.32850595585076875
1.5595833555259655	0.13994871422218275
0.9990664447403462	0.46359635766697643
1.3973482023968042	0.33600431048506646
2.251076431424767	0.14198193135749923
3.046140878828229	0.2950891132979618
2.519563515312916	0.3157627596365058
1.4346876165113185	0.3429495289114769
2.4506800266311584	0.5383438838797975
1.6864699067909454	0.21926163718065028
1.0836600532623168	0.17508595804686977
1.854405193075899	0.2909756705268408
1.8132221038615182	0.26154080304080196
0.26459440745672436	0.27073176763850637
1.1251392809587217	0.25956096654635175
2.0039989347536618	0.3246015573758019
0.9116535286284955	0.41528197349213475
1.979224500665779	0.20562900463906317
1.377296671105193	0.28849025119667904
1.7169997336884153	0.2235783564911281
1.4428267643142476	0.2341369359648445
1.2539938748335553	0.2679638759062709
1.6977672436751	0.21643003068278382
1.7693652463382155	0.433671220097727
0.5011042609853529	0.3149576504120552
1.0040137150466044	0.3582596628939744
0.3077665778961384	0.3152657511734974
0.4040227696404794	0.33844588861661506
1.3520809587217044	0.33166753848118763
1.8788691078561914	0.17351365239555694
1.3742272969374167	0.173137624154947
0.725815845539281	0.22908761708172676
1.8253330226364848	0.20612910295557763
1.187757789613848	0.3050091991189415
1.7601741677762985	0.17032414698180556
1.4885717709720374	0.29866084684829264
1.6399118508655128	0.14098111055973722
1.2329529960053263	0.2715678683095892
1.4740211717709721	0.27449665362991177
0.6757214380825565	0.28442557310764505
1.3594721704394142	0.2587645850006311
0.48710798934753663	0.4152822044228937
1.9074111850865512	0.4602778299900542
2.0379820239680426	0.7721121673335458
0.2382334221038615	0.22980577560657045
1.8725513981358186	0.26742206917891187
1.8347412782956058	0.36402819647667
0.6067645805592543	0.46007696015424504
2.560640213049268	0.43025093168421424
1.7365348868175765	0.48066579837587375
1.2203667110519307	0.27478169261961977
1.0757416777629827	0.31503099969097165
1.8325905459387486	0.22306031942585633
1.3227829560585884	0.2802296884665375
0.9099748335552598	0.4557414919401544
0.8012656458055926	0.2915801116038355
2.0622800266311585	0.2936720731107501
0.7761400798934752	0.2806608085551819
0.7799019973368841	0.26364827118998907
2.438025432756325	0.3146177129553243
1.1491166444740346	0.29681550646165816
2.7117491344873503	0.81535872467443
0.3211832223701731	0.3133135126172363
1.2837276964047937	0.23819297378709064
1.1444147802929427	0.4017934332347874
1.595994274300932	0.25777920083925615
1.008105725699068	0.31055853409039896
0.9673752330226366	0.39409286900413765
1.5604736351531292	0.2241188449649207
1.4383533954727028	0.3083940212919676
1.4773143808255662	0.22739113262538166
1.2976090545938748	0.19508288865670106
1.0083435419440747	0.49523094493694597
1.6004163781624499	0.352608043236667
2.1376527296937415	0.28558907493618924
2.0688600532623167	0.35156647147253056
1.9746770972037284	0.35390561258326864
2.037763914780293	0.26344897785127114
1.4893213049267642	0.23971725538389982
1.7151173102529962	0.3672020593670707
0.8099066577896139	0.26179356975435514
0.3336271637816245	0.23632183743082844
0.5107400798934754	0.2569495429482188
1.7428271637816246	0.2123455301207495
1.7100565912117178	0.1842969396125826
0.9966127829560587	0.4610673513415158
1.6888676431424767	0.2821077720509824
0.27532223701731023	0.22678307208096266
1.5157472703062582	0.29988598115552856
0.6431824234354194	0.3022392532234472
0.7731311584553928	0.3014958649894145
0.2623744340878828	0.3020691249209998
0.8563612516644474	0.28745368323127635
0.4113470039946737	0.2800245008558582
1.3262632490013315	0.5705762235947572
1.8380723035952065	0.24297020865837107
0.19738468708388818	0.2490847578297218
1.451285619174434	0.25192487986062906
0.4394446071904128	0.27327122890664496
0.9077816245006658	0.5507983035017177
2.045687483355526	0.293509984954687
1.4071560585885488	0.3087201828595567
0.3193762982689747	0.4281626040693508
1.9930716378162452	0.14635211486621194
1.7029507323568573	0.2378694777915888
1.8626439414114515	0.21810369383596276
0.15410173102529962	0.22803660821036484
1.8539969374167775	0.2004070273762351
0.5985121171770972	0.30932549660378683
0.1999549933422104	0.26345728690308956
1.4948964047936084	0.434423011709693
1.1757001331557921	0.3967564193703321
1.0384262316910784	0.24655613209966268
1.7848007989347539	0.14628431157490399
1.1912540612516644	0.26075191045974405
0.5936400798934754	0.36732219544214995
1.3647824234354193	0.6819570492154812
1.6115025299600532	0.30160883818597706
1.6161593874833557	0.20580925059768865
1.8662011984021305	0.21915056054604345
0.7944422103861519	0.2545651720747814
1.2603516644474033	0.18703147963571876
1.5066621837549932	0.24381647216412616
1.3388190412782954	0.1713066349931881
1.6015034620505992	0.35509275551791136
1.144505326231691	0.2615296954384567
1.3063173102529961	0.19914880710194768
1.2942492676431423	0.19840443737083693
1.1124170439414114	0.2844895636048008
1.7125958721704393	0.19662943564733043
1.6555908122503329	0.1867498998536427
1.4429921438082558	0.3723427714784255
1.8262319573901464	0.33064346617124396
1.3855470039946736	0.2572253873703014
0.9844992010652462	0.4506513382071078
1.9198760319573902	0.4170012922934425
1.0397700399467378	0.555424730052171
2.1449607190412783	0.21432314561728025
0.2296087882822903	0.2295134451268693
2.176909986684421	0.2750161812334192
2.39338362183755	0.3445870566517488
2.072323568575233	0.40987898924278215
0.533674034620506	0.25373917614790426
2.25265845539281	0.42644127742783683
1.6034745672436754	0.3529870473707175
0.933267776298269	0.316733609080912
0.2794753661784288	0.20993424959614
2.4610252996005326	0.39928484664551084
0.8511628495339547	0.3163944714054826
1.8285833555259654	0.23114766114813512
0.8231041278295607	0.4017216667953587
1.2579609853528626	0.2344103362372231
1.1520544607190413	0.3412467892330412
1.4794854860186417	0.5230693335357014
0.759854860186418	0.5719108834787915
1.317806657789614	0.40867429747953016
1.4389280958721704	0.23111611396019113
1.481247003994674	0.26300836784964354
1.3027797603195739	0.593533877930155
1.6238318242343543	0.25638801956623924
1.4529588548601866	0.3038180689373217
1.3234878828229029	0.36923788145608155
2.27207310252996	0.13801811348284082
1.336123435419441	0.2718529512326905
0.5816732356857522	0.26685916090771405
0.7314415446071904	0.4054277534334228
1.1077372836218375	0.20633793889646357
1.604258189081225	0.24166240625726654
0.4043998668442077	0.3550902728567469
2.02695792276964	0.1770873658404018
1.6945159786950732	0.3277822420856647
1.5610278295605862	0.23363549708285636
1.3710073235685754	0.24810426722731976
1.148960053262317	0.2910567680696413
0.990315446071904	0.23089949059008572
1.9588030625832222	0.14631073731890518
1.415290013315579	0.24127370210550556
1.1071050599201064	0.36790252045203015
1.3666816245006657	0.335221770873652
1.2591162450066578	0.3115185942171411
1.3501205059920105	0.2976000009490208
0.9832845539280958	0.25915205866136365
1.5399319573901462	0.28919566847461176
1.7462926764314246	0.2243454230745255
2.1775135818908122	0.273405592538347
0.7229719041278296	0.6653760031256929
1.5497944074567245	0.1961704679236096
1.32201930758988	0.363720511234926
0.8339487350199734	0.3394837519890727
1.137765379494008	0.29918869155704225
1.3316364846870838	0.6485149288719573
1.2574416777629827	0.30413591253953065
1.3982660452729694	0.2516606137364321
2.410779760319574	0.403442119877215
0.22499027962716375	0.2628540108071244
1.3662078561917441	0.2104591574208044
2.0212898801597867	0.3415673815943593
1.2173023968042609	0.28953195232827467
1.8284748335552596	0.5635429688871081
1.476564047936085	0.6767527074712246
0.8271243675099866	0.46082974312562963
0.1802034620505992	0.3093420407097365
0.8029452729693741	0.3536121080087401
1.2907135818908124	0.3353112543774863
1.134355392809587	0.3318370886288821
0.20910519307589878	0.2800123681160032
1.374703328894807	0.789715211829246
0.9231762982689746	0.3161451342915633
1.4222595206391477	0.5981427286143146
1.3991584553928096	0.40977779835708017
1.7313054593874833	0.3296684823664539
1.8895334221038615	0.24737103861839618
1.2524394141145139	0.2551233804889185
0.7126432756324901	0.33018634121480983
1.1985844207723035	0.3702777170718632
0.9889392809587219	0.537272210216684
0.9013785619174436	0.3349550335400322
1.114091877496671	0.3361522760253666
0.9128163781624502	0.3403166739963406
0.7261182423435419	0.4387884100737163
0.5608059920106525	0.30264065868011325
0.8139552596537949	0.4579110614032219
1.3856858854860183	0.33233945204464427
1.9052944074567244	0.38699425835622014
1.0117897470039947	0.32153859170162546
1.3244468708388815	0.23418234422432468
2.342221704394141	0.14700467476383625
1.7715280958721704	0.16799003591487371
1.2571439414114514	0.321691477047038
0.9046085219707055	0.3264710995817695
0.6551222370173103	0.3602082761152865
0.8752049267643143	0.2737277601440222
0.6665428761651131	0.4066804090098515
1.0885577896138483	0.5075067026666468
1.471305326231691	0.26787053771978925
0.9485239680426099	0.3754716196490548
1.4889748335552597	0.4559902523579625
1.469533688415446	0.30633827324278784
0.5567147802929427	0.3480801868716386
1.278250066577896	0.2177843193857212
0.8726587217043942	0.26508148208485766
1.4791185086551264	0.3292137416432126
0.2344203728362184	0.24716084968478508
1.2498934753661783	0.41618725424570246
0.550837549933422	0.28726794968270064
0.9028179760319573	0.29590717006977
1.6975367509986685	0.25860637503990797
0.663133155792277	0.4351698469773268
1.31940292942743	0.3169938564883215
1.4732095872170439	0.3129396868053953
1.8040487350199734	0.4984650176458145
0.348338482023968	0.39383097836229475
0.858401464713715	0.46801727688469824
0.22361078561917444	0.2390401129156743
1.6412512649800266	0.6416583760275888
1.7047169107856193	0.3159186367198704
1.4852075898801596	0.1878666725104005
1.8392178428761654	0.2575194828018078
2.228444873501997	0.22936637244070565
2.0355332889480695	0.27563650861933475
1.0126552596537948	0.33618306121531716
1.3845487350199734	0.23899434709731468
1.9489442077230361	0.2828991242070254
1.446312516644474	0.2911029070274261
1.176832223701731	0.2546772865148359
0.26351557922769636	0.2734573866751353
0.569808655126498	0.3080838177617146
0.7043999999999999	0.22936853192061774
1.4181191744340882	0.20652050733986438
0.28352543275632486	0.2320024665953017
1.794086950732357	0.27941263224380714
1.1658190412782956	0.24764351407522925
1.484621571238349	0.42693125456669645
1.4334785619174435	0.22044076988862646
1.9786817576564582	0.23771055988267234
1.7653882822902796	0.2910737697959538
0.6683960053262318	0.37558216341486117
2.167948601864181	0.2428583543159014
1.7446904127829561	0.16865634048674505
1.4385812250332888	0.2053676138974045
0.41124567243675103	0.33435798364867525
1.5106065246338214	0.37081996051078675
0.3759332889480693	0.25358987294216484
0.6249885486018641	0.4016937394934434
0.2991820239680426	0.4645889805931475
0.2462434087882823	0.2219880973071228
0.9832143808255659	0.3993679516834157
1.1776621837549934	0.32283986715025775
1.7294086551264978	0.19223307865613576
1.3694159786950733	0.37138359352510636
1.9601719041278294	0.18316758364397387
1.6346404793608522	0.22698667467188122
1.8788400798934755	0.23745197869999363
0.8547338215712382	0.28883718652696894
0.5739685752330226	0.32146662178097896
1.2038866844207723	0.36563658047823094
1.0695792276964047	0.24926036354814726
1.1085575233022638	0.21879642976159952
0.9959981358189081	0.3555709162102277
1.1955217043941413	0.26369035152297365
0.608424500665779	0.3597935848704991
0.7739045272969375	0.5499584270992002
1.9924826897470038	0.44863846635714955
1.5774311584553926	0.2421456229301916
0.9505038615179758	0.29092000071494023
2.072963914780293	0.2502109533198718
0.9007416777629825	0.22896837437812428
1.7026966711051932	0.2649917949680138
1.8385347536617842	0.5342475202002523
1.918856324900133	0.34389007113016956
1.7093527296937416	0.3886732250721954
1.2160340878828229	0.20220416396446317
1.249423035952064	0.2598543508655423
2.00575086551265	0.5026554620193829
0.3420922769640479	0.3618864308525005
2.269767376830892	0.22630989785649985
0.4922525965379494	0.23551815333256887
1.7739234354194406	0.28079375708520443
2.102614913448735	0.3895274303289234
2.3486328894806925	0.46242690670502734
0.8540591211717711	0.438244935732405
2.857061384820239	0.4067865129410414
1.2152737683089214	0.6256396450011126
0.6585780292942742	0.49697459152068824
1.2664876165113184	0.30439323324583
0.9528089214380825	0.28273829799556793
0.769199067909454	0.42849292944576894
1.5322169107856192	0.34057317863708536
1.8489892143808258	0.15503324072343228
1.082663115845539	0.2717965599936456
0.6670026631158456	0.23721225477297556
1.5437655126498004	0.22916076342830474
2.005168575233023	0.14719588694092045
1.0285215712383489	0.3487604352357267
1.9367660452729696	0.41235688875931603
0.3118280958721704	0.2522739857464306
2.00268948069241	0.14486209874334577
1.89101637816245	0.20202410723687986
0.7017636484687084	0.21268776173414936
1.6262989347536618	0.3561088797262768
1.594066311584554	0.35878896170059804
1.4047362183754994	0.4468631904641783
0.9741845539280958	0.26570998321640005
1.5624956058588548	0.2737856119282638
0.25327403462050596	0.360917527388366
0.23154953395472702	0.3197895443041473
1.050711984021305	0.792999809444588
1.5175215712383487	0.16858589781119546
0.5456266311584554	0.3123956326542256
0.8379404793608523	0.30055606580854566
1.4780001331557924	0.3650387577875343
1.6038782956058588	0.16463154080952636
0.6893772303595205	0.22295664993562803
1.9364098535286285	0.16472951217032128
2.2732415446071905	0.4168823861633159
1.854273501997337	0.37704346336450184
1.5800013315579229	0.31539713477042886
1.5712142476697737	0.26122513627323835
0.6866528628495341	0.3144473737855335
0.9159157123834887	0.4330585947238237
1.0647355525965378	0.583915989913468
2.0046866844207725	0.24300068190696353
0.7861527296937416	0.4087959603106629
1.300988015978695	0.391360029026682
1.362132623169108	0.29248498396757816
0.43905406125166446	0.368491572054573
1.2282776298268976	0.2755432990403627
1.484532090545939	0.36901973091748796
1.7075392809587218	0.2904480744579666
1.4144676431424767	0.43980848235351755
1.1482067909454061	0.25898891964681003
1.1376707057256992	0.2873809092442246
2.118814913448735	0.16846565559327872
1.4954383488681757	0.4724728992228761
2.040645539280959	0.34647011438678404
0.8494786950732356	0.594533562542527
1.5784950732356855	0.16783712839179998
1.947725432756325	0.8954733660323356
0.21568801597869505	0.3408017158849481
1.6177797603195736	0.1340440647005077
1.4271472703062584	0.3575713144478793
1.547502396804261	0.6449255327481825
1.55505379494008	0.2477181520567975
0.9749679094540613	0.6305201413309426
1.2175455392809587	0.308136920044887
0.4226098535286285	0.26817832741613845
0.3823993342210386	0.3630064878748549
0.23493675099866845	0.3141093785800534
1.8726380825565914	0.576901974299376
0.15061344873501997	0.31428103280680847
1.8309382157123835	0.26200706629255077
1.0053472703062583	0.20904012086924398
0.7809314247669774	0.6018468301170473
0.7898359520639148	0.2532488737381856
0.7886178428761651	0.35307051109771004
0.8248262316910786	0.481028658443537
0.19243701731025298	0.2997714478064887
1.1358106524633822	0.3296601859623968
1.0286652463382158	0.5748861160919371
2.3464372836218375	0.3119346347334375
1.5502197070572572	0.45566451924522505
1.191862050599201	0.34110579696768006
2.315466178428762	0.5766163427608727
1.2126852197070572	0.3388649427260169
1.9525221038615184	0.2796298301949467
1.5994165113182424	0.32356638426600637
0.7298697736351532	0.5648247359568133
1.9118873501997338	0.2994499719688633
0.7676223701731026	0.24667398098512144
1.534924500665779	0.15895978165143987
1.1701045272969375	0.2687372268159127
1.9830636484687083	0.3911039604158979
1.8667480692410119	0.2674137742352344
0.7691275632490012	0.2992769152194613
0.4729770972037283	0.4338038473290502
2.1726243675099863	0.5894779637095581
1.4917426098535285	0.48978156349750124
1.8532043941411451	0.13305070554868587
1.0602494007989347	0.46431203581302877
1.281669241011984	0.41239259309324683
1.8826211717709722	0.3969842916213432
1.7470380825565912	0.41342100933532483
1.569429027962716	0.47619713502677674
2.0893387483355528	0.37168674381687644
0.8304828229027962	0.34661402073784875
0.7601736351531292	0.2871288851631638
1.822123169107856	0.1797952439382633
1.8862680426098537	0.1709638910841234
2.637799600532623	0.16677485253455626
3.0204222370173097	0.46635712169064913
2.2538348868175766	0.26942312671028334
3.129240079893475	0.6423644340273849
2.7832866844207724	0.12357704512172796
0.7800170439414114	0.34212080357207303
1.3881777629826895	0.2340189036563024
0.5525019973368841	0.30522156054464805
1.936711051930759	0.45541922569158105
1.7940600532623165	0.27436391639081736
1.8766185086551266	0.2248766153563492
0.5877964047936086	0.5578214522082006
1.000533155792277	0.5086861611561939
0.7825753661784288	0.25722290491960215
1.1540689747003994	0.2625416936696483
1.7785693741677764	0.2920165345983614
3.472655792276964	0.7658220732297703
1.9756219707057256	0.22726797127829637
1.2780656458055923	0.390813870399308
1.8689327563248999	0.2895896806886899
1.7677657789613845	0.6206307006091795
0.2379472703062583	0.2689268337423086
1.802665379494008	0.25213396265937815
2.143154327563249	0.5189548776254369
0.4684286284953395	0.2864212405704517
2.0612652463382157	0.24319052238317848
2.0639536617842875	0.17725065067775034
1.739501864181092	0.16940824467943222
1.2762861517976032	0.29756441443882004
1.7899237017310254	0.5099298988636956
1.200983222370173	0.5354197648499849
0.5391198402130493	0.3867904402295518
2.2654934753661786	0.46996318233846873
0.5252282290279627	0.3396697597684031
1.1386881491344873	0.2808647788539925
1.8780110519307591	0.17086720058974297
1.4618094540612516	0.2852391672972367
0.6542579227696406	0.3983823503675419
1.723388548601864	0.21324348486391817
1.2791414114513981	0.35642308968087577
1.60827310252996	0.29442197847140894
1.4080920106524635	0.2711224517156767
0.7099790945406125	0.3359351557526417
1.2775744340878827	0.32268439150891903
1.7227632490013316	0.2189496986832636
1.035743808255659	0.3527936914401738
1.8444801597869507	0.2871604230526045
1.245488548601864	0.20654739296660765
0.7757941411451398	0.5720136705766096
1.5438123834886817	0.4247376297914948
1.2065242343541944	0.489634673208134
0.9617350199733687	0.3270652388713842
0.9386330226364847	0.4565348099591591
0.9691535286284954	0.45720047537663316
1.5914006657789614	0.19172679696204453
1.4760812250332886	0.2274904326437445
1.8129613848202395	0.3210604063529318
1.6206416777629828	0.25180181146615654
0.35553089214380823	0.2723470969237588
0.9909868175765646	0.2874563399940734
0.959909587217044	0.32457226071358863
1.8682165113182425	0.36576019975121693
1.9218782956058589	0.2579482480848393
0.5467588548601864	0.3174983362582937
2.2472621837549935	0.47269485100341213
1.105486018641811	0.479595008607491
1.1437838881491345	0.7673623737300216
3.5793592543275627	0.6008335746596768
1.5074434087882824	0.25638854378849174
1.954306924101198	0.22501100503932653
1.496770705725699	0.315300063021
2.1906013315579225	0.309296950378661
1.0246996005326232	0.3277063445253753
2.065451531291611	0.3566505476281893
0.5733495339547271	0.3814552494330396
2.365321304926764	0.44799739483371015
2.279422103861518	0.15846274906208752
1.0467672436750999	0.3459588604079963
0.40181930758988016	0.31677271746056374
0.43448468708388815	0.3953261444990739
0.5295772303595206	0.38923199904693867
0.8835627163781625	0.3604775983370871
1.3746501997336886	0.2719493965751042
2.533791877496671	0.4963417163488137
1.949004260985353	0.3072531479836975
1.9762956058588548	0.5162815661245058
1.6450651131824237	0.4437277909612214
1.6542154460719043	0.3385484391440978
2.3485046604527295	0.4619422914507217
0.3713085219707057	0.31855533790776935
1.2186287616511318	0.6058237041233152
0.4842027962716378	0.2429604815836421
1.2907315579227696	0.2979539857192075
0.6660378162450066	0.3552694346451728
0.6742505992010653	0.5001052566403876
1.439464980026631	0.22078493831475626
2.0862318242343543	0.2470359641343072
1.7208938748335552	0.44766267279907185
1.0407287616511318	0.30673350929435866
1.9797310252996005	0.3790445346005312
1.8343758988015981	0.21598086791338314
2.4154896138482025	0.2034030216418461
2.0455344873501997	0.2092663902133823
0.9490540612516645	0.27718281046917653
1.988341810918775	0.16254655482722868
1.361146071904128	0.25072999792353895
0.6138667110519307	0.30035990929253764
1.8915845539280958	0.1591290413428752
1.4316013315579226	0.2290980034933051
0.9782536617842876	0.3015842857665913
0.6822460719041279	0.29416004599141704
2.6938049267643143	0.36441750973367615
1.9310980026631155	0.46897612235402886
1.575770572569907	0.3622753468706798
0.8732825565912117	0.8995982977782367
1.9884206391478028	0.2407438027213286
0.8279133155792278	0.33513471061169303
1.1286637816245007	0.268438553410653
1.6462006657789612	0.13344310391915368
1.0112575233022636	0.2399562478289773
1.4317058588548601	0.3448607755789537
2.395574034620506	0.32590132794680376
1.7454805592543277	0.2715144052750381
1.1026925432756325	0.3101304244305072
0.2990657789613848	0.4201164120429027
0.3798599201065247	0.33481573616227245
1.2695961384820238	0.2829569863722864
2.126004793608522	0.1794868783439627
1.3046206391478028	0.6078917457525248
0.7236741677762982	0.5107872096093172
1.2023484687083887	0.5886070615759458
0.8755055925432755	0.2765963015478969
0.6413699067909454	0.2949288241109528
1.9990592543275632	0.2732627633502197
1.0995841544607192	0.27691377181213855
3.764370306258322	0.45074302386801857
1.860133688415446	0.18437351062905397
1.1019242343541944	0.5659007411553073
0.8786415446071905	0.328337451294418
0.338361517976032	0.3544991617145015
1.6003303595206393	0.43060423104286205
0.6690950732356856	0.38745817163835317
1.6498973368841543	0.3191702031958616
1.3597246338215712	0.30695693052300393
0.9905910785619174	0.3276119534209176
1.05904034620506	0.3246489552801005
0.5505111850865513	0.28474409602500783
1.6263003994673768	0.2203260627220954
1.968475099866844	0.12021045108097393
1.0542972037283622	0.43546392874861883
0.6430003994673767	0.5609075210795169
1.4341689747003994	0.45120830732675987
1.8009521970705726	0.16637537681545847
1.905137017310253	0.22135298545309864
0.7588998668442077	0.3857521710675622
1.2063948069241013	0.3275113944404757
0.6124229027962717	0.2485918959133841
1.153517310252996	0.40014445456684117
1.1378886817576563	0.23077860510085604
1.8223339547270305	0.24786110077723222
1.4851707057256989	0.3761258974772019
0.8669420772303594	0.22946096996692447
0.20884221038615178	0.3206083795097873
0.5504294274300932	0.26454371988997855
0.26177310252996006	0.2233522207401322
1.6890021304926763	0.2182634775707255
0.9456949400798935	0.27065325068228885
0.7755894806924101	0.3922194453679771
0.5867334221038615	0.30247777299706485
1.3967432756324902	0.35867929264375903
0.6744263648468708	0.3720287747808604
0.21761291611185088	0.29180285075373685
1.2425364846870839	0.20913503286425078
1.0603762982689748	0.2807450652494709
0.5554918774966711	0.6249047659858803
0.6236523302263648	0.27004986952139926
0.3942946737683089	0.24228524560513964
0.5798111850865513	0.2677753142894305
1.3875680426098536	0.38757158694966615
0.6604115845539281	0.2600950525554086
1.3906355525965377	0.5420258158129101
1.3956828229027962	0.21477787921793093
1.2451669773635152	0.22843981955832127
1.6710476697736352	0.27287439571491573
1.4503881491344874	0.1570722857013795
1.1420432756324899	0.27624135499554775
0.9827557922769641	0.30430385462858617
1.4898812250332891	0.2770709297518343
0.2618970705725699	0.23511784051018356
1.0371708388814913	0.6487516968940157
2.232623035952064	0.3321160757400201
0.8353540612516643	0.40272385387943715
1.5306113182423435	0.365654384803772
1.7766438082556593	0.19851634890834388
0.4631982689747004	0.39367549931212975
1.7771675099866846	0.2956158126545382
1.894757789613848	0.20330227523506306
1.7349974700399466	0.25706877152984364
2.8492813581890815	0.6058352838496148
0.31558988015978695	0.3152151179380256
0.17849906790945405	0.23668623774724373
0.9627013315579228	0.2792641350920182
1.3091374167776297	0.2559398407347925
1.9506587217043942	0.5107257470589135
1.4808741677762984	0.18134933286642757
1.409208255659121	0.17707368213979313
1.5425998668442078	0.20693902165067835
2.1921744340878826	0.24172964421227142
0.3084964047936085	0.3778774183550186
1.376856191744341	0.5333507628724294
1.0359998668442079	0.4688503824872468
1.3318488681757656	0.26142117126138115
2.0846579227696407	0.3739764168856514
0.36136311584553926	0.2816845945320457
1.1533585885486017	0.2191103055422361
1.0425458055925434	0.3267108170565235
0.38702090545938744	0.2932373862864197
1.553151531291611	0.17035057193282788
1.9692271637816245	0.5686225052556112
1.0306962716378163	0.37748803141415344
1.318754860186418	0.2799855738621531
1.070558189081225	0.3361242297114526
0.9330173102529962	0.2950273824998667
1.0900962716378162	0.23672088917875977
1.0927021304926763	0.317278975264034
2.4521023968042606	0.19115214837699873
0.5390693741677763	0.2532854302072416
0.7056323568575232	0.3522127766444535
1.8528780292942741	0.4212074738992093
2.3153034620505992	0.49606915201735796
0.9385007989347536	0.3840885744139847
1.3078898801597871	0.49147520705719877
1.4412648468708387	0.21319647406528883
1.562673501997337	0.34652758338818357
2.2366964047936087	0.29617510102376154
1.5149282290279626	0.2980670366728346
0.7893861517976031	0.35149049380932124
1.0249938748335554	0.2673618892114121
2.0990597869507326	0.1732938549608678
1.9801383488681759	0.13324576871666732
1.0831299600532622	0.29553225899449603
0.4065492676431424	0.47773750668723436
2.506206125166445	0.30723700583115987
1.4008749667110518	0.34894583956143665
1.2125535286284954	0.2981263822125956
1.6016115845539283	0.22625843756979278
1.3841712383488682	0.31081447512581223
1.8547940079893475	0.2426938011621871
1.0403671105193075	0.5477230345774199
1.9280237017310253	0.5936818521694526
1.162126498002663	0.19799568719391292
1.6120559254327562	0.36638359325298553
1.326845672436751	0.3238271646231213
1.6371984021304928	0.5636205681759218
1.4264479360852198	0.21152751998291164
2.239117709720373	0.2851171290474249
1.6504419440745672	0.22294161706343
0.5058829560585886	0.2993568748796879
0.881589880159787	0.46458873295607656
1.4430435419440746	0.2833732132910414
2.621660053262317	0.38274176833363893
1.8808636484687082	0.3878349350617242
0.26596551264980023	0.2666473280801325
1.1628523302263647	0.3585555539441699
2.6167470039946736	0.16173278964807616
0.43767496671105194	0.2517884767613333
2.2973573901464714	0.284305671561678
1.3646276964047934	0.3016268701450437
2.185457390146471	0.27389215868511824
0.9033258322237017	0.3439392346364545
1.3898146471371504	0.3864920811092535
1.4378217043941413	0.2715514234925374
1.2974631158455394	0.257881931841011
1.932546604527297	0.3046495245710393
0.22019573901464712	0.24942401031027622
0.8044015978695073	0.6498106999143257
1.6642569906790945	0.15818554091296297
1.8514504660452726	0.2652744291096736
0.22892703062583225	0.22888301729827176
1.870149667110519	0.14734898779524522
1.628556191744341	0.26628602367205406
1.2972748335552597	0.306849696969757
0.9957749667110519	0.36983526586035603
2.1161113182423437	0.19753665409769003
2.0060079893475367	0.19821858824149824
0.17426165113182424	0.2679939966325651
1.9778739014647138	0.2668638060072641
1.3525310252996006	0.25364646855049355
2.044396271637816	0.197954439772842
1.8228972037283624	0.24196724999899127
2.2681027962716374	0.254215424976094
1.9052607190412783	0.33087675764542457
1.7490781624500664	0.26605324678026854
0.9085402130492677	0.4017688278177885
1.3921675099866846	0.23388683683866512
1.6345271637816245	0.30117845112477076
2.0244556591211715	0.16202519930857567
1.2209544607190412	0.24921997636876367
2.3305291611185086	0.6000125318613281
2.370153262316911	0.4855860400618403
1.9902529960053263	0.32908230465446847
1.188751398135819	0.26832088133593845
2.5573190412782956	0.3271380914269431
2.2012513981358186	0.14568805508865598
1.2462166444740348	0.25523232356150466
0.9610808255659121	0.5196753788850226
1.3090541944074567	0.22037443515561558
1.2855017310252994	0.20090067829721028
1.8686545938748333	0.24390835796685345
1.887341411451398	0.17166950567073788
0.3394324900133156	0.381015608347723
1.9741893475366177	0.16850627647882055
1.6846901464713715	0.15465754647135008
1.7150295605858856	0.3468288724563084
0.7760942743009321	0.32348215604594405
2.0867753661784287	0.3036131321276556
1.3316105193075898	0.9128094231356527
1.7291792276964049	0.479555963663147
1.8955495339547275	0.18299418309985885
0.5007351531291611	0.2970637505991766
0.23431997336884156	0.33331848451249896
1.5313774966711051	0.15093551311988831
0.41383581890812254	0.2778721714333512
0.46840266311584555	0.24774443909687888
1.787654727030626	0.17697756280757448
0.7608174434087883	0.21737503473877787
1.5285045272969373	0.22371144710107596
2.276547137150466	0.7390100069335975
1.4913480692410122	0.2813915039139726
1.4578155792276966	0.24960695672697514
1.3309904127829562	0.28818501826943765
1.3185774966711052	0.4385792618000577
0.44946404793608524	0.2472466636555634
0.26779241011984023	0.23883644116454686
0.41740719041278296	0.34461891568151287
0.27540972037283623	0.24624886445976707
0.6992597869507323	0.4124637839979909
0.3300949400798935	0.2138226950718578
0.1963572569906791	0.33338242452568245
0.49661944074567244	0.28775850513671264
1.0459223701731026	0.6909484304641172
1.4707619174434086	0.38818543976677256
1.4156026631158456	0.6014961839450834
0.5452029294274301	0.29652528025274405
1.8568625832223702	0.32882576613178477
1.6522239680426096	0.3210683925394243
1.462890812250333	0.32718922455350025
1.2447143808255658	0.29852412336349443
1.2404097203728364	0.5576199444025721
2.3677988015978695	0.4826090242265217
1.4553154460719042	0.30487710095302345
2.24670878828229	0.540717625249682
0.9274025299600533	0.3563280588066754
0.48500932090545934	0.2862378407159471
1.1565371504660453	0.1684983485578233
1.212584154460719	0.2890386227386769
0.7064878828229029	0.5712534577304714
2.2749559254327565	0.2276877744880198
0.5445531291611184	0.41298538611916763
1.4180623169107858	0.3591567718175934
0.3812957390146472	0.2829901146009709
0.5859344873501997	0.47150159974026246
0.6221300932090545	0.26054200149010653
0.873849533954727	0.45723391970996424
2.078503328894807	0.15313244800953352
2.2437007989347535	0.27269319063324116
0.3822735019973369	0.27268061938832333
1.7267213049267642	0.13037400762042595
1.3681997336884155	0.26181834856073694
0.22463035952063917	0.29647259279630683
0.25182450066577894	0.26482453807058354
2.3415825565912116	0.5051011722909139
1.6142251664447405	0.2804096772159806
1.389538082556591	0.1718049788958999
0.9871844207723036	0.27074306791716224
1.572119707057257	0.35980694643957684
1.5568660452729695	0.23827957072964343
2.7030786950732355	0.32196911898615466
2.2015432756324897	0.26350864046539857
1.1979359520639146	0.14459820712484903
1.6304304926764317	0.26181339964558403
0.6652687083888149	0.23870671477489835
1.0333065246338216	0.32865816269618187
1.4305853528628496	0.23326472808239182
1.7002217043941412	0.23548308477963917
1.9174973368841546	0.3911236021217795
1.0080805592543276	0.24875579572546808
1.4675560585885483	0.2916360249783241
1.0683906790945406	0.31892540114841067
1.5291464713715048	0.21546366239140502
1.5694711051930756	0.14419226836750865
1.9960371504660452	0.2515707940364299
1.5791444740346205	0.16915647305454987
0.4606272969374168	0.3405445976225784
2.1755455392809586	0.1396670025022309
0.9665631158455393	0.316538837075709
2.0151030625832225	0.26539780995185025
1.877055659121172	0.18577345650480495
1.5806760319573903	0.23234229492013567
1.4112897470039947	0.27292812755556717
1.576885619174434	0.17131387972296677
1.2002487350199733	0.30530095979813016
1.54715672436751	0.1620659419454656
1.2294155792276964	0.2176868920407066
1.3064998668442078	0.32738861825588494
1.1164968042609853	0.3152313809860346
1.52848069241012	0.31908024922599815
2.036336484687084	0.2781295050840436
0.7294597869507323	0.34003945589495066
1.726495206391478	0.5795034908917429
1.3278541944074567	0.38000280092928007
1.9804857523302262	0.43966104832417807
1.6397055925432755	0.13338736765107576
0.3572780292942743	0.29741841886832593
2.41853568575233	0.21141066631492406
0.8066207723035952	0.484630796307488
1.6302708388814913	0.3787355881625608
0.8600986684420772	0.3106126995676679
1.0749776298268976	0.27353522007853076
0.9973656458055926	0.33133794631060387
1.8440031957390148	0.261602072896442
1.983576830892144	0.3746259973875081
2.459404127829561	0.3085600364728515
1.6668781624500664	0.34391043282819267
1.0662030625832224	0.41516919507179156
0.7849249001331556	0.44089445848312553
1.2381810918774967	0.3303089347043847
0.560728362183755	0.3887805628197977
0.4485191744340879	0.2768654686453571
1.5329699067909455	0.1794797230104154
1.3761491344873502	0.2868794099294358
0.9186474034620506	0.24424604911149242
1.1773191744340878	0.30901256220481343
0.8330868175765646	0.32778283825411014
2.132582956058588	0.6526115781686967
1.8502027962716379	0.4062032130741395
1.796966844207723	0.22459663154944365
1.0381320905459386	0.3858976727972456
1.5424536617842877	0.6313077661825361
1.5889762982689748	0.2733325717469018
1.523672569906791	0.25247586327779853
1.0761291611185086	0.333513812464126
1.7434336884154462	0.1241746436572603
1.5346587217043939	0.32956527703132016
1.9712376830892144	0.3054775825711058
1.5467458055925432	0.2638193478272575
1.18172689747004	0.28976089609599326
0.7118897470039948	0.3333036181205752
0.3427685752330226	0.2933520925399554
1.5519380825565912	0.2774463440667471
1.3734913448735022	0.2887135484194227
2.3055360852197073	0.16408552847599653
1.5543098535286286	0.3693069660357922
0.2919608521970706	0.27747773464029746
3.0836952063914778	0.15421712408757193
1.8001968042609855	0.1890005050484316
1.7563134487350198	0.13301544844937666
1.8664834886817576	0.2529569203683963
1.5459607190412785	0.1665818409530339
1.4682079893475368	0.18614749607687708
1.4410278295605863	0.2795384176374259
2.3223644474034617	0.3339204854056768
1.4368351531291612	0.3731971998858062
0.9814214380825567	0.3855651551268585
1.2541226364846871	0.2059951061277304
1.8940001331557923	0.5711161966067968
0.8805249001331559	0.22882055163967774
0.6067619174434089	0.43474287867700756
0.35719427430093204	0.3658725839372728
2.222215046604527	0.24373558111601573
2.3530607190412782	0.25482074107400865
1.9639181091877498	0.21299145264482736
1.569949001331558	0.48549291140685014
2.1685484687083885	0.22871165908988367
1.7926611185086552	0.19084222534050663
0.41828189081225037	0.32534414268082
1.804654327563249	0.17786090416279726
1.1678504660452729	0.28186287757367123
1.0809455392809586	0.21784170245151138
1.276681757656458	0.47728092359399565
0.2735752330226365	0.23668457668521217
1.878188415446072	0.1759568000532305
1.644742476697736	0.15133576814607963
0.3937563249001332	0.24556373684132124
1.8841074567243674	0.7502782920159443
1.3561122503328895	0.41340544293634635
1.1878186418109187	0.20482323293436858
0.9551383488681757	0.3344650446896424
1.6531532623169107	0.2663377273675612
1.7489842876165114	0.220192572462156
1.7149318242343543	0.13584823937154014
0.9871716378162451	0.33936518128140236
1.872098402130493	0.18980847869891224
1.71589241011984	0.3288679075983539
1.954655792276964	0.2727881855655762
2.7803258322237014	0.22779849868645186
2.0768087882822903	0.2676162740240208
1.40763741677763	0.5205675672142899
2.1191395472703065	0.33052433092912625
2.1317528628495337	0.42664479516354076
1.4651998668442077	0.6091157165310617
0.8790962716378162	0.4964694485883014
1.8413118508655129	0.18407244023761324
1.3295801597869508	0.41640443529601784
1.5198476697736352	0.21781685753554658
1.4921671105193077	0.2187123314118897
1.7600097203728362	0.38177332162761135
1.3436237017310253	0.6948808001680739
1.3717041278295605	0.17563079168989365
2.8306754993342214	0.4013369315617529
1.416583089214381	0.37835156136631215
1.7918118508655128	0.3582336731240608
0.5519954727030625	0.36237608706265806
1.4278295605858855	0.6169166476962132
2.5833575233022636	0.17702905384554965
0.9729079893475366	0.6438838301281409
2.0946483355525967	0.2672186844517659
1.528666444740346	0.16332776858989168
2.4803625832223704	0.46687466641408776
1.686360985352863	0.16082181854276462
0.26114474034620505	0.223796518575834
1.2806934753661785	0.24465164124380612
2.934003595206392	0.5329364872988132
2.415998135818908	0.5221168160578369
2.4401735019973367	0.3469381666929166
2.490992809587217	0.4978282399712561
2.679860452729694	0.3627027181842229
2.2978262316910785	0.1745516560509832
1.3338764314247669	0.1862167057716279
2.7341280958721703	0.39656796946261036
2.1124956058588547	0.3597445673099925
2.6858099866844207	0.18938856433902398
0.8623752330226365	0.3911641005439701
1.3651235685752332	0.3714756024821312
1.3526781624500668	0.576820550113385
1.771463515312916	0.39038573266288445
0.8306288948069241	0.2116358092171225
0.6006166444740346	0.2625401043030103
1.3738121171770972	0.34386612861272353
0.3975886817576565	0.45222149088984015
0.7068123834886818	0.2881272121926416
0.6443190412782956	0.3023162459525739
0.4568177097203729	0.4309557506989941
0.7242302263648468	0.2929241294675402
0.3438404793608522	0.27791023177158986
0.8792334221038616	0.3713754498910295
0.6662402130492676	0.3756733659048609
0.8218210386151797	0.28606439142623774
0.6403146471371505	0.3559608616011778
0.4019318242343542	0.25900132710588747
0.4615029294274301	0.24974217174573457
0.7964328894806925	0.3331885663042555
0.24850372836218376	0.26094747523777684
0.47943941411451396	0.2607672913872565
0.44837296937416776	0.2219766151755435
0.48205525965379487	0.32879106924106416
1.2116296937416777	0.36837738726904934
1.7955940079893478	0.14994950993587117
1.9796521970705727	0.27345415055403005
0.3335818908122503	0.3139344122552077
1.1154524633821572	0.24760727256824547
0.8397407456724367	0.3314344636063393
1.1454507323568577	0.6015375473968564
1.251564846870839	0.27212318158266174
1.599532223701731	0.22716383899567338
0.7879703062583221	0.2653327756259002
1.4055426098535286	0.4305942990273325
0.29200199733688414	0.2659191353286936
1.3891583222370174	0.3713774631563697
1.9202061251664448	0.8865306458818267
0.3857930758988016	0.2463768084655291
0.24496098535286284	0.37008875119914453
0.2841766977363515	0.3165012034740886
0.6151914780292942	0.2824094344429661
0.8076772303595207	0.2970906796892848
0.478163515312916	0.29283753893267944
1.113547137150466	0.42642992710583116
1.1605404793608523	0.3469632932027965
0.6132555259653795	0.3815711255161386
1.78745086551265	0.3262986928974756
1.8486521970705723	0.20342668267674874
0.23868748335552598	0.20808832013791878
0.4944300932090546	0.3525947409110075
2.026461517976032	0.2295774138394985
0.4692183754993342	0.3733357773083094
0.872966311584554	0.2979537665492913
1.168147669773635	0.22521226618040147
2.3556214380825566	0.28583689277995067
1.5967754993342211	0.43770901002337476
0.8411881491344873	0.35574864423569585
0.5057792276964048	0.5268912486501024
0.6840282290279627	0.2719128037899397
1.4403876165113183	0.3606501577956409
1.967495605858855	0.3133324345397706
1.5699810918774968	0.20856090627561102
1.4726464713715046	0.45910599089574483
1.7797499334221039	0.4555888900909421
1.046298002663116	0.29536752593253146
2.76718655126498	0.35886848629864304
3.1374617842876167	0.19668535855671773
2.4686723035952065	0.31780085320132856
2.5351910785619176	0.4725578492267524
0.655428894806924	0.27148710406526727
1.4027737683089214	0.47386815801030513
1.1107463382157123	0.5291971583131859
1.7313656458055924	0.7057701695985426
1.7566324900133157	0.8015288312551295
1.4818878828229027	0.32394422116840893
1.981142876165113	0.29216882862474686
1.6155268974700396	0.28675979940040164
2.272569107856192	0.40404793232434966
0.690851930758988	0.5444900125939084
1.290787483355526	0.5449885000831005
2.5206334221038613	0.44479638309184966
1.326718641810919	0.19494266328691026
1.561368308921438	0.36827891297766574
1.8578637816245003	0.31611544048158385
0.3364498002663116	0.21430970812191324
1.6536422103861517	0.2546717590600837
0.9157623169107856	0.26996543375808785
1.470660053262317	0.2733205224484162
0.6803146471371504	0.2973949572723574
0.5133970705725699	0.2863238794317196
0.9194026631158454	0.38460065572883384
1.041300532623169	0.328996959621912
1.0715869507323568	0.22779475487601597
2.1927555259653793	0.2927508501878495
1.3031007989347536	0.20492477278916427
2.1218432756324903	0.20522739920441987
0.7577227696404794	0.3858711022316505
0.41744287616511316	0.5412336162164662
2.1142692410119843	0.2668662589869856
0.7950628495339548	0.2271908965606441
0.8927392809587217	0.29376493757801553
1.8278042609853529	0.5263661668265861
0.9454276964047936	0.28237543641241336
0.31083994673768306	0.22988488209705046
1.4194531291611183	0.17722456144664417
0.8745549933422103	0.4888236019192495
1.259410119840213	0.2591685543259131
1.679099600532623	0.36919522156217177
1.481884687083888	0.21649032087637946
2.3041633821571237	0.3492388308727424
2.090395073235686	0.4884756994335663
2.2236897470039945	0.4562107301102335
0.7778183754993343	0.31481412051334573
0.5197407456724368	0.45354669896280414
0.4056788282290279	0.24046862141932096
1.4077754993342209	0.37926260472280793
1.3611736351531292	0.7486968249985776
0.913440878828229	0.65468053110629
1.0129179760319573	0.419629399374423
1.0759246338215713	0.6158909678938755
1.275779760319574	0.18000614456281389
1.9785134487350196	0.2750334175898791
1.198229294274301	0.33816811015588005
1.4563860186418107	0.4907742161279187
1.3773444740346206	0.48405352709175636
1.637977896138482	0.467271813865752
0.7741482023968042	0.4109318124143697
0.7442776298268975	0.28690832560681256
1.8044753661784287	0.2486348273188839
1.2723758988015978	0.27105186735867776
1.3916555259653793	0.31112788584592516
0.3884741677762983	0.24735342897704937
0.8979961384820239	0.31647342277349744
0.9840773635153129	0.31861665502046677
1.5897332889480695	0.14803462710665002
1.1969267643142478	0.1875520091988096
1.200831824234354	0.27597988142724755
1.461520639147803	0.3687060080691335
1.3610528628495338	0.2768076928904531
1.302279360852197	0.3410274291659439
1.098604394141145	0.20325292789298186
0.6309221038615179	0.29561179155950884
1.9579846870838882	0.35707029302317456
1.6916727030625833	0.25114651410114547
0.827461118508655	0.3549058342968221
1.5054563249001331	0.248837877658257
0.527248601864181	0.34140127663175907
2.3841918774966713	0.23829299675860818
0.7151362183754992	0.4208105947307293
2.114328761651132	0.5745405856440965
1.0290781624500664	0.41852457995174813
1.632957656458056	0.4774522289577442
2.5311135818908124	0.4315741607730438
0.8185753661784287	0.48868008478486746
1.7214667110519308	0.18680828408744832
0.18430705725699068	0.3155353122115792
0.7309372836218375	0.5512958733941176
0.4867256990679095	0.5651190643832839
1.5064700399467377	0.6772644897692446
1.2916679094540613	0.4680697485732775
0.4534516644474034	0.33384200532766645
1.9629559254327564	0.16051809464946906
0.8967733688415445	0.44409240168556813
0.41526018641810925	0.32619792162734557
1.201271637816245	0.25319346819786487
1.4020310252996004	0.25318993125273304
0.9499846870838882	0.4135059673392494
1.5378218375499333	0.5797007584291983
0.41585033288948065	0.4636490785201012
0.3578147802929428	0.24348466728655999
0.8241536617842876	0.29703801441436833
2.559078561917443	0.3116403933811322
0.7225669773635153	0.4191331634573573
0.9561237017310253	0.22863968879969132
0.8133113182423435	0.23639625655153218
1.5017472703062582	0.3681148800885606
0.17101784287616512	0.3118913353842279
0.44938655126498006	0.37175964550614493
2.590015179760319	0.5201037989290092
0.77551051930759	0.3160652240304334
1.2513981358189081	0.3958825118881801
1.6330271637816247	0.541563817154
1.9386579227696406	0.9219240989193498
1.532468175765646	0.7448551343701701
1.8514660452729694	0.8781103132385578
1.7116499334221036	0.8447979758478749
2.084414380825566	0.976054230572372
1.580517310252996	0.45303493710857184
2.2715065246338217	0.7726339724196207
0.8352234354194407	0.5321346957467556
2.118204793608522	0.8061953723709993
0.7093725699067909	0.4556165523656203
0.455215845539281	0.5209326652070092
1.330409587217044	0.7583634396465233
0.4486868175765646	0.4625598556719116
1.5750743009320907	0.3008406365401547
0.8639259653794941	0.5383269488329377
0.7522547270306259	0.38085860330750165
1.3071003994673769	0.6035498963217873
0.5142780292942744	0.4315501486142167
1.7166395472703064	0.45367549712506244
1.064861517976032	0.3098345527273242
0.8474406125166444	0.4099606178859961
0.6423644474034621	0.3340817844023152
0.9330695073235685	0.6402215006509564
0.7046279627163782	0.6018624475266091
0.3224676431424767	0.3164646017478499
1.9891509986684424	0.12831343239540646
2.1491209054593874	0.13284452754146642
2.1878300932090546	0.2198405372933029
1.7029645805592541	0.1601502096083768
1.8145181091877494	0.22031914194159094
2.179452729693742	0.276760493955549
2.081443675099867	0.2254151298285044
1.713912916111851	0.24369692137359675
1.2822992010652463	0.2866763043713998
1.6570563249001335	0.1649232457053189
1.8801805592543277	0.2362052478024869
2.259743808255659	0.22832295028192837
0.8923231691078563	0.34400540030919213
0.23628162450066575	0.25535939031932714
1.7669162450066578	0.238704733961702
1.856565379494008	0.29469608615582543
1.1549463382157126	0.32419386632993563
1.366175898801598	0.3538966584920452
0.731370705725699	0.2607728678292793
0.7755769640479361	0.3824629508901038
0.40693555259653796	0.3150921397606457
1.7813408788282288	0.14082788843529928
1.512239014647137	0.24599415457225027
1.0914443408788284	0.37672859503738215
1.6873512649800266	0.2511977945346898
1.7710051930758985	0.19051841011707493
1.1883631158455392	0.3151719755184603
2.1588229027962713	0.25679845720836486
1.6876515312916114	0.22173048104854085
1.8341857523302265	0.39107545475902716
1.0395930758988017	0.28148517573716003
1.6620073235685753	0.2502402840736535
2.3603597869507325	0.2596065519044135
0.21053661784287617	0.25061492342679864
1.2898781624500666	0.3119939022626673
0.32409094540612515	0.4383298979824267
1.3590021304926765	0.3326901332908289
1.9690460719041278	0.30778906469110456
1.7016974700399468	0.12609999099901173
1.2347121171770972	0.17711894082991417
1.5518386151797605	0.3275739820080774
1.705979760319574	0.19456014228130877
1.6617119840213053	0.16588257037229875
1.3100616511318244	0.28936274125401046
1.8091446071904127	0.22909683424612548
1.2220146471371505	0.18085762672237643
1.540089880159787	0.15192879965266762
1.3166426098535284	0.17476995317636426
1.2471185086551264	0.6117145118965924
2.023495073235686	0.4613368909951135
1.9424501997336883	0.17223579360427785
2.4152392809587218	0.22155641414490942
2.5236089214380826	0.35383223203809894
1.340664980026631	0.3719499379802094
0.3036664447403462	0.2861911212611105
1.2895311584553926	0.20212260531111437
0.27611890812250334	0.25756987683617366
0.35222037283621843	0.23681288550401944
2.730481358189081	0.4305748238809054
0.8476093209054593	0.4924141994039558
1.7565886817576561	0.30072502224853975
0.43693608521970706	0.2584966490421736
1.4819549933422105	0.3447238934877856
2.0112676431424767	0.14124936729046922
1.70988069241012	0.22311066116142472
1.6217147802929426	0.3977715086710431
1.3252378162450067	0.40123481067445066
1.6541732356857524	0.2990039104172218
1.2317391478029294	0.4207982198745696
1.525837549933422	0.2647765662618213
1.232521704394141	0.47884000971975316
1.6332583222370174	0.3084628386967203
0.5247616511318243	0.27388137502203064
0.76457017310253	0.3437711646589468
0.29344127829560585	0.3437199026124245
2.044364846870839	0.32042158121709535
1.2687621837549932	0.7772400461262199
1.4484247669773636	0.8032665171840168
1.5458769640479362	0.1842403298315964
0.736490412782956	0.48683490809271873
0.7707330226364847	0.37283891514413703
1.317101864181092	0.17292158840219884
2.0003450066577897	0.16858449255549288
1.8489868175765647	0.2683007171184049
1.7103792276964047	0.24867188269072188
2.0158743009320905	0.18890593871140404
1.0048527296937415	0.20317929299611784
0.5853770972037283	0.286918373091847
1.6171320905459388	0.6361508403985939
0.5137693741677763	0.34308479581290663
0.5745426098535286	0.3513816245819557
1.2761511318242345	0.27947239509932614
1.5488135818908124	0.5445763118633568
2.889425166444741	0.5627491802150362
1.8584901464713717	0.27603260751023595
2.477212117177097	0.31434215648639763
1.4746384820239682	0.3684510228901542
1.3247533954727033	0.2977818232969803
0.48402023968042607	0.30082472340361477
0.6412597869507324	0.21753996074604937
1.2758065246338217	0.5872743997796291
2.2591926764314247	0.6956435007000393
2.640549001331558	0.29586729777353266
1.6718363515312915	0.5993583470894824
3.0529536617842874	0.4120628805250052
1.2278131824234355	0.1845953146725559
1.191693209054594	0.4958123485491829
2.2869962716378165	0.6943984883901385
0.4224195739014646	0.25508506333568204
1.0612367509986687	0.5594207201067758
1.744981225033289	0.6083309456601456
0.4285850865512649	0.3581010576647673
1.2657207723035953	0.5780588828184049
0.2963443408788282	0.2907140982855991
2.102656591211718	0.40326532546558913
1.625300399467377	0.19488331655227187
1.6084113182423432	0.2787318230954593
1.5813113182423433	0.2637486281921272
1.205620639147803	0.22606925488174465
1.499107190412783	0.2857568263107371
1.5490055925432757	0.3970089920002355
1.3580288948069241	0.34974699572112933
1.174608122503329	0.19367050017255474
1.1305765645805592	0.3386341684030651
2.1795926764314246	0.4108507072665349
1.9590608521970705	0.27369045693468497
1.6043098535286289	0.27367731931838896
0.873365379494008	0.20903709735131637
2.0405824234354193	0.2853158558752633
1.3906573901464712	0.2718136920595763
1.519883754993342	0.13596837251599492
2.4737753661784287	0.2784769964329358
1.8481805592543277	0.3606469036736361
1.36667190412783	0.5292162681031289
0.25633408788282297	0.293006490085386
1.439594673768309	0.2451210562055675
1.6809555259653794	0.3309687038812349
1.5934577896138482	0.5386426165632183
1.9421480692410125	0.18031331820649582
0.6763403462050599	0.24199276559134691
1.7894205059920105	0.2973706154980035
1.0246121171770974	0.34059454916916476
1.6301194407456725	0.15922293583889627
2.2578272969374167	0.47189066258047835
1.1514599201065245	0.38225621813524
1.4886191744340878	0.16356501789323102
1.1118649800266311	0.20347251642105046
1.518956324900133	0.2491375748891499
1.3858675099866844	0.31101162802372884
0.9102002663115847	0.6565167247121939
1.0210070572569907	0.26812615865332834
2.19327896138482	0.2616873925791484
1.7244287616511318	0.7254883323650358
1.7962340878828227	0.30424392919475723
1.747615712383489	0.3385295837304487
1.4549003994673768	0.3295832788884721
1.7270872170439415	0.3074115946820888
0.8068547270306257	0.39722305157684396
1.7187294274300933	0.2360054227063635
1.3901209054593873	0.31519168640179895
1.7280466045272969	0.16061520046878053
2.251328894806924	0.09124025616388005
1.8633655126498003	0.1895146477191232
2.1314555259653796	0.3380850960382687
1.8641324900133154	0.14532691109428872
2.053636750998668	0.24945660204897796
1.1379490013315579	0.28325147549690377
1.6303661784287615	0.23601960965081517
0.2275219707057257	0.25130645592634
1.1959541944074568	0.26566323752328813
0.6692363515312916	0.3227965136704864
0.4857390146471372	0.23329314268090237
1.6255804260985351	0.6205076901256031
1.7444680426098533	0.23929733865836916
1.119262450066578	0.22953134502791134
1.2871407456724369	0.24229090292880132
0.5718974700399467	0.26707940341769304
0.868679760319574	0.409655498299193
1.92901637816245	0.1630542879237394
0.34084474034620504	0.3302804936257558
0.2457330226364847	0.22294179544411072
0.8767989347536618	0.6842445311443824
0.6685553928095872	0.3179095883827631
0.29379187749667107	0.25749337540236283
0.5514854860186419	0.6261539559301909
1.64668655126498	0.7909224710921539
0.257524500665779	0.25157838350737943
0.4739159786950732	0.3383867760577038
0.27967350199733687	0.23789890495393615
0.5497051930758988	0.2835412755721089
0.7964420772303594	0.5643087943965033
0.2257183754993342	0.2514319793666401
1.3964147802929427	0.23284695849379677
0.32162556591211716	0.2731297454599906
0.18753089214380825	0.25169804247342964
0.5430982689747004	0.2875374303608515
0.5389854860186418	0.26418856289913056
1.2066856191744342	0.363474541689384
0.2605288948069241	0.24656069734248315
0.411755792276964	0.37589065075006817
1.008845672436751	0.3841711143372517
1.3533197070572571	0.5247045904139891
1.146430758988016	0.45635163705608073
1.0219663115845539	0.35131040011259906
1.2779310252996006	0.5238441509871513
0.6475675099866843	0.616865922850306
0.7388712383488681	0.29160594422848324
0.989797603195739	0.2224132485938003
2.1684842876165114	0.3602792450681684
0.9937920106524634	0.5510883167444962
0.7092234354194408	0.23032626308512846
0.1963174434087883	0.2832828050643531
1.5327150466045272	0.2876003540478232
0.37965486018641814	0.24374436391383647
0.8944880159786951	0.30515053309101525
1.295392942743009	0.21093507754964375
1.2036376830892144	0.40613322675479174
1.3911982689747007	0.24183893575932025
2.238444207723036	0.24836169474079287
1.0880284953395474	0.2742172534520975
1.5500118508655127	0.25630067672595563
2.3837521970705726	0.29153442557744486
1.6234296937416777	0.4580093529473568
2.1366151797603194	0.15062690146409688
1.8088592543275634	0.17846180647153737
2.2379368841544607	0.12844011857281937
1.5908262316910788	0.1430232028573458
1.8173141145139813	0.2575412881727833
2.1089375499334224	0.15359376530901278
2.18480292942743	0.1514798997162647
1.8869705725699069	0.2679055218319218
1.411652862849534	0.31275006657543003
1.771878295605859	0.33905412860700757
1.7738921438082553	0.21590978865199764
2.1228703062583225	0.5670464434345366
0.5264363515312916	0.2512859729137833
2.2474552596537953	0.24930530952860513
1.5728288948069242	0.20556588572234735
2.0003906790945405	0.28988456827234116
0.38617869507323577	0.27730541786831847
1.732096138482024	0.22217896050499625
0.19532050599201065	0.29581849885797906
0.6683656458055925	0.3708122502627924
1.9610226364846872	0.19088041185883328
2.0471334221038613	0.3246084950542603
1.3378584553928097	0.5535245611220793
1.6170127829560588	0.19866590626802016
1.099428495339547	0.5349918449671526
1.869472170439414	0.27148034195816695
0.830278828229028	0.34496730954051713
0.5899334221038615	0.40118798349071194
1.0649756324900135	0.5417525601817507
1.3437870838881492	0.34238802783413164
1.4260054593874834	0.268775906706908
1.2508973368841545	0.5259829609654009
0.7171387483355526	0.2805571368910154
1.2159677762982688	0.5977962308196155
0.7357549933422104	0.3142479648417108
0.695078428761651	0.3428138019153882
1.3636700399467376	0.3190378496383503
1.362774434087883	0.31864989133506516
1.41278655126498	0.24369544792036546
2.505612516644474	0.2232981237427564
1.0712773635153128	0.5181294911063907
1.1836079893475366	0.26085632819135374
0.32359693741677764	0.19891915942904412
1.7445122503328894	0.2483511179747942
1.4431579227696405	0.33178653146844417
1.1404001331557923	0.3078070695699055
1.4404996005326232	0.23715637699692257
1.3313973368841545	0.4910658679349415
1.3338739014647136	0.2946170814775689
1.9661521970705726	0.1445491805961501
1.5029723035952063	0.3107898638082626
1.622399600532623	0.1515891301534051
1.6115509986684422	0.27617814272731217
0.5802623169107856	0.32404535927079436
0.8474837549933422	0.6295482143332531
2.140966444740346	0.306320230718682
1.1842635153129162	0.3021117241605481
1.4579643142476697	0.26129321317979926
1.8738732356857524	0.34550075681360143
0.9095581890812249	0.353514789244472
0.8688776298268975	0.3832112411170678
0.9418151797603197	0.3359153523989309
1.099780292942743	0.28647589011461
1.8930728362183755	0.3289984312386132
0.7954796271637815	0.3777174961112728
1.4232540612516646	0.24325689167288925
1.2415627163781624	0.24476383725278775
1.3887925432756323	0.185656792437602
0.991655259653795	0.23816629577469975
1.7786693741677764	0.23067934412888128
1.5381519307589884	0.14433589889785906
1.479203728362184	0.3847945071278865
1.5706007989347535	0.4260051218403935
1.302287483355526	0.4353662304584802
1.0287435419440747	0.2581413383803471
1.2799165113182425	0.25015885561569795
1.3332704394141146	0.6437486143780468
1.6435179760319574	0.17795756764443088
0.2423254327563249	0.21802185363115503
1.9254728362183755	0.7825089242084446
3.042393874833555	0.7791813927185081
1.0889549933422105	0.2892466708357773
1.7514970705725699	0.3068269743929307
1.6664857523302263	0.42279144480740166
1.335920772303595	0.1913110899827875
0.6192697736351531	0.4023253089555521
0.021560985352862848	0.18251122653710466
0.3174540612516644	0.23316683398414675
0.7772856191744342	0.5647875452043528
1.2022846870838881	0.4254619560553775
1.1120017310252996	0.43183853153762475
1.4925402130492675	0.42048127426170623
2.1930933422103864	0.14697790700901187
1.903673635153129	0.37680161871221995
2.197907723035952	0.34116132993480475
2.2136440745672434	0.3168691894728688
1.545776564580559	0.23832170574556608
0.7380207723035952	0.280635115616548
1.236540878828229	0.4922427719036324
1.408317709720373	0.40299441067988606
0.4706221038615179	0.3142909952329558
0.9534692410119839	0.33544898417590063
2.116800932090546	0.33450126599142127
1.2567945406125165	0.2814571537273651
2.4699873501997334	0.16545154423108677
1.502068175765646	0.4963440052461693
1.4848800266311584	0.2828053579641099
1.356934221038615	0.22363561827448475
0.034038082556591215	0.21041594154557264
0.2070231691078562	0.4859434486735382
0.25138628495339543	0.5899054979821603
0.025847802929427434	0.17538230401540167
0.14391105193075898	0.23759221815578835
1.314549933422104	0.31127345293165554
1.1627195739014646	0.5393676872045183
1.4129420772303596	0.22185469000191296
1.0917620505992012	0.7384117909093707
0.9474347536617843	0.5120242876944289
1.1243858854860187	0.23005742116076155
0.721115312916112	0.41102320835705186
0.8619937416777629	0.4125880979088786
0.991082689747004	0.22800147386331482
1.2137885486018642	0.3060799168975101
1.7738752330226364	0.31180976681016265
1.9908632490013316	0.2467489996382288
0.3358326231691079	0.3051656743954081
0.6534649800266312	0.32330648412159346
1.0755613848202397	0.31443086305793083
2.709067776298269	0.35655219491212364
2.343921571238349	0.2660010858445893
1.6791627163781624	0.5634615584500362
2.9391980026631157	0.32657218867622967
1.3110679094540612	0.5187073447293655
0.9848752330226365	0.3544174667227262
2.529762849533955	0.14973110507250773
1.3800687083888148	0.21065866792918328
1.4914764314247673	0.29728239013515245
1.6863776298268973	0.1890076611787534
1.3482901464713717	0.27076589523562267
2.211493741677763	0.222871686109942
1.7401170439414115	0.24016617372376828
2.091031824234354	0.17934603509824365
2.48727603195739	0.6173875046545421
2.0592930758988017	0.23616384578490912
1.9419470039946738	0.22122428337836308
1.7323490013315581	0.35812001294366896
1.4759912117177096	0.3259153854270344
1.5419805592543274	0.321342097113109
1.8619536617842876	0.3891954773082081
1.451876830892144	0.2150342350251069
2.548068308921438	0.3438091015422155
0.48281597869507326	0.33000870050317943
1.5999495339547272	0.20962121858900365
0.5871986684420772	0.3797940308339269
1.0671354194407456	0.21785716609138048
0.4047882822902796	0.2510056628155858
1.1022054593874833	0.6680500091788065
0.2302525965379494	0.29082028044119357
1.035831824234354	0.29744724718744425
1.216628362183755	0.3037570830787105
0.7928573901464715	0.2993924408372267
1.5552428761651131	0.17006971422210715
1.6773754993342211	0.26008967384537907
0.8779294274300932	0.19488557549535793
0.4972430093209054	0.3909861560491656
0.8123431424766977	0.5031038081620883
0.7704350199733689	0.32383411731612793
1.698259520639148	0.639172228320319
1.3176067909454063	0.22003692788781876
1.5040074567243675	0.1902731562928647
1.4285368841544608	0.3241919840378425
2.4578432756324897	0.313181457174429
0.5524189081225034	0.6961199810793604
0.9592520639147804	0.5154397979576694
1.3720280958721705	0.3587675970661648
0.2439953395472703	0.3595600227013814
0.9847137150466045	0.2464972098132534
0.5601517976031957	0.32190019902022216
1.6396703062583224	0.19383975016865215
0.6193227696404794	0.29415062583639967
1.278021171770972	0.25664391438872675
1.2362227696404793	0.3109018255238034
2.058345672436751	0.2630715825167681
0.5066861517976032	0.4113395960075406
0.4013319573901465	0.2895075273739101
1.1024239680426098	0.37556018726575396
1.1827414114513983	0.4106241278958875
1.9506150466045271	0.1950685842719717
1.4675079893475367	0.29093259241900526
1.008732223701731	0.23385297405766386
2.1217042609853527	0.3846844081970829
2.2992679094540613	0.5856670022451314
2.1564950732356856	0.5398655244253676
2.0468097203728366	0.41136544338908937
0.28352849533954727	0.289400763022633
2.1992491344873506	0.2167771630607884
1.9916037283621835	0.43521234034032336
0.37370692410119843	0.5204743442680639
0.3493419440745672	0.2915392797254801
0.8598822902796273	0.5075879024507267
1.574538482023968	0.2502162304245447
0.9248019973368842	0.2956685051023517
0.8629559254327562	0.3865574988729738
1.1444977363515314	0.3702835092357204
1.2802178428761652	0.5720184149179118
1.0170820239680427	0.45632382681950817
1.534409986684421	0.24851475763111647
1.4032366178428761	0.29884764365562777
2.280191744340879	0.43843297703444345
2.4356121171770972	0.39351699780682203
1.4366274300932091	0.30820032358944605
1.3205949400798935	0.4203609890552845
1.2040379494007991	0.279190277808807
0.8148187749667111	0.2954866775759343
0.9973990679094541	0.4706238302505132
1.1323280958721704	0.2856876914863742
0.8276611185086551	0.3507701873313257
0.9783026631158457	0.23987939339398234
0.21304181091877494	0.2729320294735781
1.368141810918775	0.16624114247956887
2.078215978695073	0.410662703366675
0.488645672436751	0.276734012581795
1.3159237017310255	0.41066446400293655
0.855468308921438	0.373688591000062
0.1932757656458056	0.2841980691851048
1.0751390146471371	0.3200664709734099
1.3631249001331558	0.313291093936247
1.216628761651132	0.25884237912036906
1.072554727030626	0.2722434832927409
1.8347758988015979	0.24808627170283834
1.0525031957390145	0.3757043733153359
2.2307030625832223	0.43610566492075453
2.8029364846870837	0.2813760225138213
2.3875122503328896	0.5324961570190679
1.647911984021305	0.23895389432142883
0.4735404793608522	0.4293376235930489
1.3433051930758988	0.2847823847620641
0.26385752330226364	0.23273554743514765
1.7969577896138482	0.20751821838405568
2.204588548601864	0.33212791024494226
1.2022664447403462	0.4854153017218167
2.0329442077230357	0.8451646665265955
1.768869773635153	0.17056523961189612
0.3935372836218376	0.28505187374775953
1.0969527296937416	0.47256564068518275
1.4986426098535284	0.3095707994339314
0.7684934753661784	0.3006269337783212
1.6213865512649797	0.1861156345384883
1.9586764314247669	0.3115410751972654
1.3279161118508656	0.2888443189780975
0.31743675099866847	0.28209139419932944
0.9227045272969374	0.44464134930689736
2.3515339547270306	0.6317427830377742
1.8461921438082556	0.40393019407147707
2.119808655126498	0.6469875210351088
1.163691344873502	0.34307640089226477
0.9908178428761651	0.39924621536160676
1.8304386151797603	0.3413501125059177
0.36013821571238347	0.2691448279144297
1.047571637816245	0.2611144784828094
2.0410873501997338	0.3607670704313598
1.634207057256991	0.21250765466779195
1.3998499334221037	0.2471270792775367
2.111588681757657	0.30226040953372957
1.6982544607190415	0.2825005897795161
1.1703400798934753	0.19924745296935142
1.8683237017310255	0.46724051274314915
0.7500354194407456	0.5309456940815186
1.0760757656458055	0.41219821573264415
0.20510625832223703	0.29043216946595335
1.4941367509986685	0.3749206847069591
1.2605727030625833	0.26446587351907763
1.888964713715047	0.2805566148469362
0.26785858854860184	0.35966894532217575
0.6278364846870839	0.4081174619111558
0.43318255659121174	0.38277592430952834
1.6063066577896137	0.5797228177916784
0.25920439414114516	0.26100927603777246
1.2952454061251666	0.20966979784897044
2.19401930758988	0.2910134602064965
1.0205367509986685	0.30514766102253926
2.863769507323568	0.48887734180315506
0.3990539280958721	0.39345165460134757
1.0185078561917444	0.2796133478439015
1.5984949400798936	0.32914109630874716
1.493618242343542	0.32775641238419917
0.972471637816245	0.3540880121956589
2.291458055925433	0.2811897212664213
2.3482872170439415	0.3377592672001841
0.8558476697736351	0.28195442462888526
0.8164029294274301	0.2910459346963453
0.9678599201065248	0.3343250265638879
1.6716223701731026	0.7234147148945342
0.23476458055925434	0.2565632295999309
1.7668680426098535	0.7407966089350149
0.7986513981358189	0.5565697757523321
1.0976459387483357	0.4041988942076816
1.353569773635153	0.638024441241598
1.6483596537949399	0.21781473231440457
0.37861398135818913	0.5304760202875597
0.3743420772303595	0.4369074828409284
0.7914661784287618	0.4152083571430784
0.5373765645805593	0.2310627818246002
0.861339946737683	0.7520879933375485
1.5278463382157126	0.7612941674788555
0.6336312916111851	0.3512051426776169
1.2880302263648469	0.25054571454801916
2.0505415446071904	0.17303801912776123
1.325180292942743	0.19537956288463254
1.3201142476697736	0.2675797598465932
2.106215712383489	0.304322116545337
0.8978837549933424	0.3101268566132642
0.9524105193075898	0.3033448764971434
0.520755792276964	0.3039415536891802
0.25604766977363513	0.29246032758924984
1.4725262316910785	0.2826088668616205
0.6904541944074568	0.3218313927487063
1.7270017310252996	0.2556996220334623
1.4624704394141146	0.29028920522147533
2.211582822902796	0.47358259294597393
2.2446972037283626	0.29264613294330105
1.5164720372836218	0.3072277690372738
2.227572969374168	0.5446192586928219
0.5621122503328895	0.4535747027577195
0.3330336884154461	0.26804127635336056
0.47251637816245007	0.4201661744506905
1.3209631158455393	0.21519187501773163
0.3233027962716378	0.46883581126900503
1.6906571238348869	0.3164244447576647
0.9447019973368842	0.4386998911215334
1.3296680426098535	0.35054415400272976
2.028334620505992	0.22477916198853956
1.6527420772303596	0.24646353271130664
1.1324981358189081	0.31825848863630973
1.8580117177097204	0.26429689801832595
1.334501331557923	0.6222835386073317
0.9809494007989348	0.29136038116741575
0.3678138482023968	0.45649602672759465
0.3291094540612517	0.420160073552083
2.5238564580559255	0.3355525241542416
0.7063902796271638	0.25545378192370316
1.2593118508655126	0.32635834871656094
1.9359464713715047	0.14364511523899035
0.593034620505992	0.5019194971549953
2.234641411451398	0.40042233546654776
1.4537142476697735	0.3545899167366882
1.9861242343541943	0.3018034742496417
2.032020239680426	0.3946597701618828
1.8908721704394142	0.29696413541176164
1.7907778961384817	0.7562788511938462
1.54521637816245	0.2828334081911343
1.8402756324900134	0.2599710784489809
2.1682223701731025	0.3427018487393995
2.974268175765646	0.7083016946835665
0.35232223701731025	0.22345565212565083
0.9133619174434088	0.2938935550368459
1.5120612516644476	0.3820244319164981
0.3223195739014647	0.25418877926129707
1.3094743009320904	0.3147162401533414
1.1444896138482024	0.3539139392989166
1.6535906790945405	0.6724875732963553
1.173558189081225	0.5057359384602297
1.40765965379494	0.4654597464757051
0.22993368841544606	0.2962867788306306
0.4274061251664447	0.5405733857876004
0.40909733688415445	0.48240617477696923
0.2746347536617843	0.24140964313004912
1.0241270306258323	0.27730037692542076
2.001994806924101	0.19619058972421236
0.7482723035952064	0.24847299682598134
1.4521938748335554	0.2756242950583223
0.6289557922769641	0.26828239680820515
1.1499953395472704	0.35511699629395677
0.48065699067909456	0.33584950445332384
1.5927033288948067	0.3092805676666233
0.916568708388815	0.25554603097602474
1.9919769640479361	0.24876341503476287
0.35546165113182426	0.22463874770716102
2.6848327563249	0.3303134938609437
1.7876158455392808	0.7011484741276668
1.4867609853528627	0.22939336889334472
0.8610251664447403	0.26396020827087757
1.482114513981358	0.2876999009588195
1.6209105193075894	0.17228199442114564
1.7621137150466046	0.13866763407992844
0.8017250332889481	0.44931798832562697
0.9938226364846869	0.3865449479657477
0.8773772303595206	0.2722866657826542
0.4418494007989347	0.4133927899362527
2.2191922769640477	0.274943151502629
2.001440479360852	0.22196993249385857
0.2704085219707057	0.2416009972484604
0.43174327563249	0.33846990422089945
0.6580468708388816	0.32140902739294014
1.3855282290279627	0.252012129148068
1.1769804260985353	0.29948205404568784
2.1805177097203727	0.34235945514995425
0.36464114513981355	0.28710792743408
1.4596808255659124	0.25393165169694676
1.5297555259653794	0.24951071095162136
1.6515723035952066	0.4417251238178224
1.0168205059920106	0.404425566691349
1.8598272969374168	0.17131741399742573
1.5218442077230359	0.3339406817054105
0.9868189081225035	0.36370418217625194
1.4659432756324902	0.36907408683888204
1.5632458055925436	0.28271330211151324
2.275551531291611	0.4281823650393343
1.606108122503329	0.4393195050725846
1.5561719041278297	0.23356584913408715
1.6747685752330226	0.23686185667101364
0.38207762982689747	0.28550660742219697
1.48743741677763	0.20672250290467933
1.7699580559254326	0.24575250697690745
1.879297603195739	0.18714026695207658
0.5828705725699067	0.5628233119303683
1.8081874833555258	0.4057209340191723
2.18909241011984	0.45585796434573816
1.3724154460719045	0.43260991371500956
0.9028949400798936	0.3218612050878074
1.8111597869507323	0.19618018378031232
2.3119267643142476	0.3768929085872077
1.2415656458055926	0.28610503870778603
1.237139813581891	0.18680484714858872
1.8144595206391476	0.2202073887811325
1.2003229027962719	0.3960081867875446
1.4634030625832222	0.3250298662973825
1.1194849533954727	0.22435387018697492
0.38541544607190414	0.3508518941646397
0.9865569906790947	0.4512849204089886
1.7021247669773636	0.16304656095032685
1.4579286284953394	0.23157576200440158
1.125763914780293	0.3146199623913596
1.4262834886817575	0.23977578095692137
1.3791736351531294	0.45545088588273297
1.4026667110519306	0.33145677070959956
2.8032896138482024	0.2077383456137381
1.0737247669773635	0.2990683719558231
1.3888818908122502	0.3194690443916604
1.345630758988016	0.3038693091060712
2.4605888149134487	0.3618047765480021
1.4638083888149134	0.27799020003310915
2.8717454061251666	0.29829006299231886
2.0587608521970706	0.29683816899781296
2.127095605858855	0.2371042081167201
1.5978877496671104	0.6000016751943957
1.8005743009320905	0.2829956138095255
0.21377856191744343	0.3312408886164377
0.9731525965379494	0.30461321140942343
0.7946133155792279	0.34049046821294005
1.7512382157123836	0.24671737301633484
1.6527444740346204	0.14658843276760042
2.4740471371504658	0.2277227151204232
1.8748584553928094	0.2845690258930992
1.4568584553928094	0.1612798749410364
1.6265750998668442	0.21037322121146065
2.3352079893475364	0.26851858424072195
1.3801743009320906	0.4768407832689641
1.216951930758988	0.6633131119566453
1.6857488681757655	0.6410588185055037
1.1113789613848204	0.7764371457079702
1.2767117177097205	0.36123427031744443
1.8182134487350203	0.23300108334320013
1.8015812250332892	0.12908736905122
1.3617463382157124	0.23059262540546466
0.4403565912117177	0.24073248183288184
1.1004781624500666	0.44493587000592383
2.077375366178429	0.29102845215845263
1.3541327563249002	0.42670364278646167
1.2770796271637814	0.3833831872335948
0.736707190412783	0.3483410611957899
0.27709320905459384	0.3426246148166395
2.1096496671105194	0.3024668681164019
1.2828147802929426	0.5455459106684383
0.5425464713715046	0.435196823384646
2.5945375499334222	0.2351709861593212
1.6561623169107857	0.23172287090306534
1.4235925432756324	0.36352879803621374
1.2500147802929427	0.2083469366223522
1.550521171770972	0.24095653003257247
1.2304693741677764	0.26965635623918494
1.4561434087882825	0.20920061659211547
2.125831691078562	0.24527141803112548
1.2816155792276964	0.20332007081291856
1.6578964047936087	0.2810222021174602
1.3969770972037285	0.4053775202321286
2.523479360852197	0.2825374909312897
1.1765090545938748	0.30826743922411043
1.816056191744341	0.5031097169689065
0.9968773635153129	0.2917597775051932
2.179354327563249	0.13777750992666318
1.44534620505992	0.3195348010626162
1.0319733688415444	0.3110188483534842
1.6742113182423435	0.21387115505316484
1.663802796271638	0.3869883936714234
1.435920639147803	0.4180101853862838
1.9154676431424766	0.16666498127579052
0.44132023968042605	0.3813493755008426
2.7489113182423437	0.3122192065005762
0.892911984021305	0.47113181943183396
1.3848709720372838	0.382951163315821
2.1408981358189085	0.10637301812274016
1.312959121171771	0.43298224218086356
1.8511255659121173	0.373338300102933
1.8089320905459387	0.19505287560841797
1.1656816245006656	0.29702081700487787
1.7205324900133159	0.22937814877652007
1.5238952063914781	0.21101983077036354
0.674898535286285	0.41814759218811104
1.6179350199733686	0.20759819375875377
0.6941953395472703	0.29588117309734313
1.687725033288948	0.20436559434250245
1.0431628495339547	0.6552285313336392
1.2525266311584555	0.21434805570502166
1.9751352862849532	0.2581400540466621
0.9840520639147803	0.35505450224763074
2.0931275632490016	0.19086469820763557
0.5995786950732357	0.4259701545516265
0.4511619174434087	0.25922659637871215
1.0472303595206391	0.3622459914652294
2.0287238348868177	0.37556136316338395
1.7250972037283618	0.20849458963474604
1.8352930758988018	0.18999604622697736
1.9821848202396806	0.3931134211988936
1.378878428761651	0.31473040015387754
0.9280150466045273	0.20738164583827173
1.5089984021304925	0.22404684132557218
1.6825025299600531	0.18443604178389922
1.4750873501997335	0.24417362295895922
1.678639014647137	0.26065519991903996
1.8630833555259654	0.2499921451281175
0.44091637816245005	0.2901052036287896
2.1637234354194406	0.24163005834661117
2.0449217043941412	0.299840209589334
1.8770255659121173	0.19182391527878412
1.8932027962716376	0.3064362553083657
1.7023589880159784	0.37268661163027655
1.668532356857523	0.11311384190273895
1.3886460719041278	0.188212389610989
0.9640515312916111	0.23558680900017623
0.782399067909454	0.20846394269814714
1.4349383488681757	0.18215769625701403
0.7898980026631158	0.306813492245653
1.7250327563249002	0.19317215586928746
1.579977496671105	0.3860657144301305
1.1589102529960054	0.17777655730991068
1.602957656458056	0.17211749050358252
1.5651428761651134	0.23372496714192942
1.4727804260985353	0.2934937421379192
1.1849015978695072	0.21612573551686634
0.8860982689747003	0.4046232264092935
0.5014957390146471	0.26037656655941366
1.951088415446072	0.29848496028599153
1.3936741677762983	0.33182032248881976
0.29508095872170437	0.27059080072137137
2.608605059920106	0.438266485703666
1.6430802929427428	0.3325762813459425
0.8999750998668442	0.36017598957713187
1.156070572569907	0.6227525982186567
0.4603198402130493	0.2615711753604905
0.23039387483355525	0.31341360061272644
0.6360049267643142	0.28637252593585183
0.80028948069241	0.34710420916467843
0.9857862849533955	0.393245863516388
1.781539813581891	0.22635211872338293
1.1550969374167777	0.21746794900738997
1.3759371504660454	0.31266998996998774
1.5768660452729695	0.2216201166802842
1.622900532623169	0.28650239235525105
1.2484368841544606	0.326456817388741
1.223048069241012	0.3530859944267403
1.6243496671105193	0.2447162840998072
1.8036436750998668	0.4037354115175655
2.0474527296937417	0.3871569116480935
0.9672431424766977	0.26297847304775657
1.0537157123834886	0.23676670071057573
1.2575520639147804	0.3088422592698739
1.4803922769640483	0.2701932099430752
1.2407410119840212	0.27429598657552257
0.7289390146471372	0.3956377177892815
1.4368318242343543	0.3529487476125668
0.8566194407456724	0.359783271380239
0.9822209054593874	0.29245931821701815
1.050543675099867	0.39778469885239115
0.585655259653795	0.23404709632444057
1.5540981358189079	0.24388182398672534
1.3384030625832224	0.4178162788596218
2.2906689747003997	0.18589021546745982
1.1393223701731026	0.23383098418876372
1.707198002663116	0.23471345617013287
0.9824750998668442	0.6434305239937571
1.260636484687084	0.5447385264609175
0.716727430093209	0.30428421860545174
2.0712958721704395	0.40467944444041326
2.003913315579228	0.2568435029658551
1.7558494007989345	0.2076860475585841
1.8907099866844208	0.3249907865847582
2.508938348868176	0.38453343710926285
0.9863359520639148	0.4148933873762523
1.7916434087882824	0.42755661841510995
1.2772233022636486	0.3611632863637413
1.2661252996005325	0.5054802240541797
0.7353784287616513	0.36955360420227185
1.6125007989347537	0.242412210033371
0.8235769640479361	0.48189120708034877
0.7552198402130493	0.24411819858284906
0.627374034620506	0.24980760549913844
1.492394274300932	0.3869473776666046
1.3218251664447402	0.7226111536319755
1.250469241011984	0.29963508547347095
1.162735153129161	0.30876789754852185
2.1166925432756325	0.3038167890838449
1.484690412782956	0.4117218250061331
1.5437094540612517	0.3645679130142542
0.4385756324900133	0.30526873656403397
1.4170548601864181	0.39038944630539335
0.17681264980026629	0.27023146795184183
1.8406559254327564	0.291334162585035
2.382796937416778	0.2094915931975493
1.601231824234354	0.28638359460960583
1.5912307589880157	0.30196987036647266
1.5391961384820239	0.39578532617970635
1.6214035952063914	0.33955721736094496
1.7335279627163782	0.1886371984529837
1.063251531291611	0.4180559804825534
1.3751427430093208	0.2811872581366635
1.0589334221038615	0.27723941028286053
0.9313450066577896	0.26180253752302574
1.6996619174434087	0.5758472492555223
1.2358169107856192	0.5089329081260899
1.1871225033288948	0.24223383242952182
1.5889450066577897	0.35173945447341504
1.276944607190413	0.27416002732000405
1.588142343541944	0.1957641494971165
1.5440175765645807	0.24644349127429566
0.9048407456724368	0.344287236537439
1.6809322237017308	0.47303514363181043
1.825305725699068	0.1928445527494597
0.4118398135818908	0.4698317623924846
0.6897876165113184	0.26386322419958047
2.0761218375499335	0.3375135524859261
1.3541179760319575	0.6481393559028834
1.755748601864181	0.161803695961105
1.7224693741677761	0.1468559436881795
1.612723169107856	0.23089336104987404
1.510203595206392	0.3253300723558846
0.39453035952063914	0.36331739589078504
0.6188929427430093	0.2102768989004272
1.4733237017310252	0.19727627115612234
1.7636740346205062	0.46128469955062906
2.1862239680426097	0.1969220744192371
1.468826498002663	0.17652669723624473
1.562529693741678	0.6499760903600377
1.8553741677762983	0.19511324035814623
1.590541810918775	0.18301835546814746
1.0433027962716377	0.21686600287097899
1.7554589880159788	0.3400183086181005
0.9834440745672437	0.26559679058292823
1.2515430093209055	0.251906276932357
1.6792822902796272	0.4090429928250923
1.0523713715046603	0.3893523300688932
0.6928221038615181	0.27660614101601366
1.684853262316911	0.25583778172623034
1.5001777629826896	0.29353997570190615
0.2591814913448735	0.36283203927621815
1.2754665778961385	0.5268277143943122
1.7255753661784285	0.8958328598286072
0.7553504660452729	0.7047867945334845
2.636998535286285	0.6234668904172775
1.1517138482023968	0.25839009829604864
0.6794307589880159	0.3852075057368282
0.38333821571238347	0.26334007083440475
1.5008592543275632	0.5139769273308598
2.8996256990679092	0.6565110608268734
0.29569320905459384	0.31277352462053143
1.1074330226364846	0.6438400410067034
0.1868102529960053	0.2682780678558709
1.1925153129161117	0.7937474890312477
1.9932014647137148	0.8992723030934718
1.4271247669773635	0.4985830567716669
1.8426155792276961	0.17666232200333468
0.8702753661784288	0.5443030424952687
0.6192360852197071	0.3501837604572825
1.1231741677762983	0.4361176455622712
1.5687916111850864	0.23686647976701486
0.6133878828229028	0.2558946323700646
1.5478565912117177	0.3357437766736185
1.2488512649800265	0.28116259029043306
0.7223359520639149	0.2780686801455506
0.7311065246338216	0.26428632159899357
1.525906790945406	0.1569021948290251
1.2696210386151798	0.36525304255633195
0.9410455392809586	0.27125836010374665
1.4469327563249	0.3725260002976019
0.7754082556591213	0.2254240123957526
0.4671836218375499	0.5558981247715856
0.8529754993342211	0.4164106365771383
1.3417627163781625	0.2634930904782358
0.5018015978695073	0.2465761903629482
1.1701398135818908	0.33197534003433243
0.987987483355526	0.2886371852634993
1.8422304926764315	0.2809375345360756
1.7530138482023965	0.21300945196353108
2.4626952063914778	0.09636927398139104
1.9202758988015978	0.19902161126209034
0.5485579227696404	0.26820861549406966
1.2957609853528629	0.25733167545841584
0.7538889480692409	0.321170889544239
1.7183499334221042	0.3323600018587498
1.328555792276964	0.45503653770023256
1.6578340878828226	0.3467211375925361
2.0018350199733685	0.27273976683171397
1.612674700399467	0.2498460766080086
1.5970019973368843	0.4401626398465115
2.0902062583222367	0.2741047680400655
1.5832055925432755	0.21982692791761924
1.552320639147803	0.3932525369653509
0.8989319573901464	0.2983023491727828
1.7720739014647136	0.2529619682905378
0.3275033288948069	0.29636573614846223
0.3256163781624501	0.2678410422238013
0.518349533954727	0.299891014285496
1.1919521970705726	0.34635474362843827
1.0983478029294276	0.19291772369159688
0.6479559254327563	0.3637197828195355
2.5805463382157128	0.17037188519301288
1.552774966711052	0.4873292146737489
0.4273463382157124	0.2650789483872104
0.8846347536617842	0.2926320177631725
0.3470010652463382	0.4589343913365632
2.005310252996005	0.26092613520054864
1.2443535286284952	0.2768600071867121
2.2593761651131823	0.4872184466794756
1.2021418109187747	0.4632999689271581
0.8833038615179761	0.3791677479563389
0.7902974700399468	0.3509967703031465
0.8536050599201067	0.22930433913854759
1.4830318242343543	0.23250886743223703
0.5931760319573901	0.2626038951800766
1.3984426098535285	0.2964208004971251
1.0606623169107856	0.3085236359387196
1.741954327563249	0.26759707524250476
2.008114247669774	0.32486963497751836
1.7525888149134485	0.2175485354605243
1.6560033288948068	0.1436274844050921
1.8161059920106521	0.29407112318291506
1.2193750998668442	0.2834986853814423
1.4938985352862852	0.3416109913902073
1.6075984021304925	0.2965077927855074
1.6343901464713717	0.26559063402713323
1.285908122503329	0.2564415194349065
1.7442853528628495	0.2876626558900495
1.6278559254327563	0.3145403711365884
1.3852535286284953	0.2801135064021494
1.3902057256990679	0.3237007296110175
1.7803189081225035	0.3541808098799584
1.497091877496671	0.3792334791633151
1.2165668442077229	0.26103422023504136
1.0349035952063916	0.3033684364422542
1.601933288948069	0.25559103289351587
1.5038049267643143	0.3360796577309818
1.3220326231691077	0.31164402003035807
1.1612564580559257	0.32309134821159424
1.7738900133155795	0.20577539445436463
0.9425138482023968	0.3428996279207673
1.2561209054593876	0.37360241879027556
0.9951455392809587	0.36713909235133946
1.3843221038615179	0.4266744288328141
2.091900133155792	0.3618611380566695
1.4837699067909456	0.3623266807294674
1.5007632490013316	0.18349701705261307
1.2918743009320905	0.37291490962271645
0.8897078561917444	0.30627774216290254
1.2551368841544608	0.2528503448061464
1.9093575233022637	0.2769181944391566
1.309676431424767	0.2781137678599963
1.2583260985352862	0.3007987692990269
1.885569374167776	0.22064150851649358
1.1627420772303596	0.9264906108237435
1.5574760319573904	0.36652581419976493
1.0642560585885485	0.3712395564083317
2.0534251664447405	0.49244969174587244
1.8352131824234352	0.34469581375559405
1.8342595206391479	0.285563172797822
0.28442410119840206	0.332896304303806
0.9132376830892144	0.3722356834042453
1.5570676431424766	0.6755594914806529
1.3547249001331556	0.40122242647333384
1.4838270306258323	0.2393977577029078
1.7228451398135816	0.25975985334753376
2.150096671105193	0.2014102295353649
0.7455186418109188	0.24461287499612056
1.6834968042609855	0.5321037639367402
1.2770300932090546	0.25222569934216943
1.2685770972037285	0.39414981704557445
2.431872569906791	0.32056134734250175
0.5764980026631158	0.3177466655969941
0.7897725699067909	0.3030520459863038
0.4777555259653795	0.5307617004668979
1.2737434087882824	0.2612368875776473
1.9497926764314248	0.21701733008575705
0.9505431424766977	0.21289253336342218
1.6836282290279627	0.18991322491617602
2.166751264980027	0.14077760457472618
1.6273617842876165	0.26339598000204384
0.8511137150466046	0.3003563093309458
1.1399669773635153	0.2833664018271612
1.092828362183755	0.28799401413619047
1.1587001331557922	0.23615771200632463
0.5296171770972037	0.4789637471838539
1.154637150466045	0.24439037716203857
1.4852655126498004	0.3309376793479711
0.7964724367509985	0.234930785964
1.6805557922769638	0.2930368804979369
1.1776667110519308	0.28168267261754754
1.626448202396804	0.28307160663123726
1.4797298268974703	0.2481901554282549
1.7555396804260985	0.1656368883983879
1.402326498002663	0.2951423614668184
0.9267306258322237	0.27009172924126185
1.601771637816245	0.18937922763255313
1.5762169107856192	0.22338938935099675
1.8302247669773632	0.28152388838747217
1.7209769640479362	0.16206727266009238
0.382811051930759	0.3561683116954922
1.6547853528628496	0.18483443874320238
1.4250555259653794	0.26802698528252117
2.173344740346205	0.17899482208671294
1.485060985352863	0.17018539576176037
2.5147089214380824	0.20998366986860312
1.6134030625832223	0.18616005871469993
0.4391167776298269	0.24764482553040856
0.9169818908122503	0.3511428344961578
1.3911719041278294	0.28450551771466465
1.6912225033288948	0.19012937444686162
0.23662197070572571	0.3102191227790352
1.645942343541944	0.21576275658338848
1.7504492676431422	0.15750894666153106
1.6667829560585885	0.22628215569020238
1.4271798934753661	0.34394470490929463
1.7274316910785616	0.2580016072208951
2.361098668442077	0.2240214193400423
1.8482263648468709	0.6219415133616488
1.654462982689747	0.631604412120444
2.3110520639147802	0.6381895134615408
1.271605725699068	0.2190142119599823
1.718616910785619	0.20833131522754353
1.2139420772303595	0.577088823227373
0.6570712383488682	0.6268661202798077
2.2765237017310254	0.21677928670720642
0.8628681757656458	0.3159353073251678
1.2775230359520642	0.6060354603621383
2.6144114513981354	0.90119259649684
0.1831067909454061	0.27124110720201194
0.6986054593874833	0.24265163449382596
1.9395605858854859	0.33115012633179464
0.3415596537949401	0.26241043904283823
0.2825314247669774	0.2405205370292875
1.841169374167776	0.43466497065960635
1.0410608521970706	0.5083969980784694
0.3991427430093209	0.33396038973913195
2.010894806924101	0.8676409863904788
1.9339778961384817	0.7176555188012422
1.7238841544607193	0.9788390414175593
3.4737731025299605	0.9925140423741193
1.7582158455392811	0.5364939246257783
2.346392143808256	0.7791408708289341
2.9497312916111853	0.846107724924331
2.919397603195739	0.8205821584192284
2.468787350199734	0.8612773402746692
0.7900631158455392	0.56442809279998
2.121572969374168	0.3752383995005816
1.804455659121172	0.362730301026655
1.6298483355525963	1.0297604948457186
0.692430758988016	0.4725820212304275
2.9795475366178428	0.7667726617263397
1.2616327563249001	0.20767079196445917
0.559694673768309	0.38213948868597164
2.40614327563249	0.3268054523817608
2.3596404793608525	0.7723293715259966
0.2989877496671105	0.22006163096089174
2.3704774966711053	0.32902806316653826
2.4445475366178426	0.2125275909806057
1.742271105193076	0.2699777505824585
2.1319402130492673	0.2338913711734759
1.7750625832223703	0.6480447552998346
1.8098498002663113	0.28424552831921107
0.8440946737683088	0.39954067675488447
0.27791118508655127	0.20864941366870562
1.697377896138482	0.32020602483346305
1.0586772303595207	0.2837591969230266
1.388080825565912	0.365933654977771
2.266863914780293	0.4640662923453923
0.8147601864181092	0.8612892757589532
0.815045672436751	0.5229565315391023
2.07308655126498	0.4849717327193836
1.5790339547270305	0.5576022869080188
2.4252551264980027	0.6650658713686474
2.4155367509986685	0.7310188977191128
2.1848882822902795	0.8403155824005321
2.2240579227696404	0.8809083373212732
1.3201296937416778	0.674028229195264
1.077652862849534	0.7821235454589712
0.7112001331557923	0.39148862064329704
1.1000551264980025	0.3850402202135614
0.23304407456724366	0.30309464837518585
0.3024687083888149	0.28870582864259353
1.2295359520639146	0.28815757786233276
1.853296271637816	0.3342255084600918
1.822951930758988	0.1711087490873807
1.1663218375499333	0.3645213029742654
1.689898135818908	0.1973526066242813
1.5463699067909455	0.2572550879305786
1.9904334221038613	0.23030080801402117
1.9596655126498002	0.20277027209310186
1.1070198402130493	0.2990769151310223
0.9229789613848203	0.40249275757904235
0.740115845539281	0.2538129040354546
1.0226914780292942	0.22501030077163445
0.8661992010652463	0.33354253944367596
1.3552022636484686	0.2706750170992762
1.2576569906790946	0.24400330191605465
0.9062768308921438	0.5401713687947458
2.3161924101198403	0.2785731952207945
2.6895270306258325	0.17292535793172914
1.211885219707057	0.3213204088979605
1.5104573901464713	0.3018973928576186
1.9615660452729695	0.39853548193988014
1.2439486018641812	0.2144567080365641
1.615903994673768	0.2178503524041931
1.4024296937416778	0.18692025823824698
1.5294700399467378	0.4463716467830321
1.5372844207723038	0.25688302333952956
0.512550998668442	0.2672161448931294
1.744258588548602	0.2680599282671974
2.580214114513981	0.5039066902485141
2.361372969374168	0.22427675640545705
0.35532796271637823	0.24601547511971567
1.7824206391478028	0.24527382336663195
1.5299640479360854	0.2708786949710271
1.1886503328894809	0.23939374170001923
0.41501824234354195	0.2819858924521765
1.8409117177097203	0.3903634450059538
1.6012085219707055	0.21295208123443268
0.5157865512649801	0.31119296614157116
0.7346703062583222	0.29409792215069275
1.7852956058588547	0.3961658158597122
1.4465896138482024	0.30337997615543877
1.1118723035952065	0.19613125100739065
1.4580778961384822	0.4445068054566823
1.4297981358189082	0.309829476911901
1.1130644474034619	0.44192556955776574
1.730340479360852	0.4284877885533233
1.8419697736351532	0.2592683597137988
2.0731761651131824	0.1940331178348645
1.3564238348868178	0.2023685418130002
1.0077122503328895	0.3693467533598195
1.679990279627164	0.28686160653466714
1.3955041278295606	0.22074076461478823
1.1964894806924102	0.5758282201580226
1.2095153129161118	0.298069445375034
1.837418242343542	0.20460392246156386
1.823578428761651	0.15643096310865842
0.028420905459387486	0.17624864639264248
1.3135579227696403	0.3298618749997866
1.7338629826897471	0.28739764995957895
1.6308057256990678	0.7222612219897446
1.7217335552596538	0.5989794470557536
1.6007929427430094	0.5487244138305528
1.5029276964047935	0.29922814275509607
1.7691829560585883	0.1947484890411348
2.2681940079893477	0.19542403621903429
0.4706821571238349	0.3523341394284667
1.593388548601864	0.3017172513061023
0.9805234354194408	0.26245136643523853
2.9664342210386145	0.5283202883396246
1.2837386151797603	0.4480085419817665
1.427204926764314	0.3942629753823601
2.165103861517976	0.26891088584455114
1.4726801597869508	0.16329138241727711
1.7098716378162453	0.2410251792900034
1.4229754993342207	0.2958253844665643
2.404772969374168	0.1512468721217145
2.1815304926764316	0.1958018939304077
0.31603595206391477	0.2401922107845373
1.9844868175765646	0.20644786369789536
1.5982888149134484	0.19703996575294516
1.9455961384820244	0.37187574102476556
2.316645272969374	0.21139438552773468
2.2342536617842876	0.21720829475910275
1.046982290279627	0.28524538480615247
0.45129467376830884	0.2789383172766575
1.2553645805592542	0.24218295264885775
2.153605326231691	0.32986684340668126
2.2308223701731027	0.671391903293819
0.9559378162450067	0.22595511127568985
1.897973901464714	0.1838111134219086
1.5386424766977362	0.27614148146004286
1.378439946737683	0.23721108030606522
0.5131781624500665	0.37331668738981827
1.9453308921438082	0.43689222912663644
1.2875195739014647	0.37544310098901074
0.4145005326231691	0.3278873581382486
2.558466311584554	0.40759656831264396
2.1450549933422103	0.4397048011664283
1.5149878828229029	0.25782570460365745
0.7919336884154461	0.2683765153255275
1.3928508655126497	0.3983150906263645
1.8035601864181092	0.3133427132573798
1.4291213049267646	0.2962109231569596
1.5189364846870839	0.3295557211903126
1.029058322237017	0.24514369949639264
1.8879051930758988	0.4657060699999693
1.8066387483355524	0.4288072813403754
1.6581537949400802	0.3923011047819795
1.132470572569907	0.43756930526526266
1.7058833555259652	0.3527719588761268
1.678619174434088	0.4100920129674777
2.2438338215712386	0.3576429506286919
2.5652890812250333	0.4373852736019693
2.644879227696405	0.38137979866989735
1.8453114513981357	0.44914254977160295
2.0531085219707057	0.525302895953642
2.4466450066577896	0.4456016477084056
2.2425179760319573	0.2906055382094099
1.9441593874833554	0.2531550482290103
0.2627877496671105	0.2293858395626753
0.8071354194407456	0.3721667880573797
0.7586066577896139	0.3292014396866439
0.8243669773635153	0.25276543786538364
1.3075853528628496	0.2616889202288624
1.4146688415446074	0.4060920125754992
1.41366138482024	0.3953020296187698
1.9399444740346203	0.2339213471743679
1.850541145139814	0.1658236779491863
0.8928268974700398	0.3455643640712106
0.22821877496671103	0.2570938380791333
0.47626378162450067	0.29297890507916274
1.1420396804260984	0.35186244750954576
0.24720838881491347	0.22210868375565088
1.5288736351531291	0.35185199882696416
2.2465660452729694	0.42428876573614277
1.4865470039946738	0.28165223102617637
1.8203241011984022	0.32190443643535277
1.373601464713715	0.16168207114070282
2.008634221038615	0.15062103286052864
1.7071672436750998	0.09795100703525333
1.1009830892143808	0.20906764880760512
1.397442210386152	0.2569590187678562
1.225450998668442	0.2379770910567742
1.8099145139813584	0.34468516843917274
1.2996838881491344	0.24895105036818566
2.5595203728362184	0.2948785970108614
0.4160095872170439	0.2424054421078002
2.159858189081225	0.12521342858995008
0.39858761651131824	0.4814447026649539
0.8963147802929426	0.44019347514530965
0.6270733688415446	0.3911659264393559
0.7341492676431425	0.5579739488894416
2.6922689747003994	0.8528086726692614
2.1721669773635157	0.1416124608075746
1.1622205059920108	0.5797320995964776
0.3492050599201066	0.30968400289998865
1.1723508655126498	0.5587554416181252
1.7464917443408787	0.2882681083679171
1.4292113182423436	0.2624418895638857
1.5548838881491343	0.1451845010814049
1.5188761651131824	0.3919626819300187
1.365107190412783	0.38271754605037717
1.339279893475366	0.6495889709195615
2.6374745672436752	0.3369726588936507
2.2402861517976036	0.1854725817558865
0.5727539280958721	0.3677024452057249
1.024549533954727	0.3057693993230291
1.3550450066577897	0.3543048441783182
2.070008122503329	0.23125361168361175
1.8660030625832225	0.49985998418113115
1.8530525965379494	0.4905585494949665
2.1071974700399467	0.20390094474172668
2.1842334221038615	0.26115724250801037
1.6570247669773635	0.30745679986095276
0.8745418109187749	0.4758900348635942
2.0299764314247666	0.5968730731932131
1.8322876165113184	0.2988225988536741
1.4969311584553928	0.1869578331763828
1.2230202396804262	0.2497751467444953
0.9412478029294274	0.2274638291547357
1.5675727030625832	0.162038249789026
0.5769741677762983	0.3150044775511983
0.22480412782956058	0.23434437267178912
0.6148636484687084	0.46503501398406843
1.2598446071904128	0.26759467599347353
1.3339902796271639	0.26510122790613133
1.5335334221038617	0.22689063506698284
1.417678428761651	0.26387682866529344
1.1304565912117177	0.2565729874246248
2.299320772303595	0.331984579110105
0.9459402130492677	0.2323428926559427
2.0710081225033288	0.2424501857506189
0.23235312916111853	0.3413714616373705
1.5397504660452732	0.5664537463795251
1.5156812250332892	0.32345824342570695
1.3125083888149134	0.3215945807644016
2.2422926764314246	0.16230063599495848
0.5166501997336884	0.3409176361192498
0.4212708388814913	0.2621997501712048
0.8113402130492676	0.22460054188759124
0.514391344873502	0.23874955470498047
1.4162143808255658	0.40606440330741245
1.403793209054594	0.23849885503990953
1.1562126498002663	0.42873613718230147
0.3209697736351531	0.25495162550965494
1.7537372836218377	0.2586359031680148
1.9448237017310255	0.322585918236707
0.5787741677762983	0.3425140016554551
0.3943805592543276	0.2607105085898302
0.23269946737683087	0.23348885858559604
1.7660790945406128	0.38688815565018597
0.31586644474034614	0.42724184863249615
2.4370828229027963	0.487121806934876
1.5337490013315578	0.29772999684441165
1.6702841544607192	0.28484832145126987
2.2110131824234354	0.1791216794749167
1.109999467376831	0.2438319196352382
0.8480580559254327	0.28391703681408614
1.7984575233022635	0.2627762183406708
1.5174766977363516	0.23006278342485326
0.7454201065246339	0.5407633760743394
0.797631291611185	0.28962354912182403
1.1721448735019973	0.17142245166382977
0.4992320905459388	0.326419560090809
0.8280505992010653	0.38725348961115785
2.5671435419440747	0.33515500864795206
1.312620639147803	0.24944105070421424
1.7766259653794938	0.206569973647873
1.8787193075898803	0.24971015322947004
1.3263898801597869	0.25998260210942226
1.564187350199734	0.21326360740824057
1.6690591211717711	0.5878366827041758
1.2303780292942743	0.3761380258592778
1.6052595206391478	0.6167053229045766
1.761218641810919	0.20765534540527888
1.5147498002663116	0.15927020470200623
1.417266045272969	0.2240261536714724
1.4999252996005323	0.21518194635941176
1.7487483355525966	0.414142405529566
1.6129046604527297	0.1847173871641673
1.8021463382157126	0.2486599780228944
0.4477115845539281	0.3763417185132344
2.0103893475366177	0.2679945046706409
1.1602832223701731	0.32970151135436127
1.6001680426098532	0.23430016686529703
2.0353978695073236	0.1771371519322304
1.9000234354194407	0.34246054266976206
0.49957842876165115	0.5699956666157913
0.4552288948069241	0.2443061414761398
1.6558691078561918	0.24934458742878227
1.711453528628495	0.1691125332601282
1.229081757656458	0.28037530639636826
2.235020239680426	0.2575670848256076
2.26207603195739	0.6654368737159815
1.9107478029294271	0.3369328732607157
1.5136511318242343	0.34206034126446555
0.596402396804261	0.30978865446247295
0.8111669773635154	0.25661618098292593
0.5935541944074567	0.3622967992012004
0.5902127829560586	0.4044351101457686
0.5309981358189081	0.2977789709652469
1.1050282290279627	0.29515460193487586
1.9376480692410119	0.28177093069209563
0.9759347536617842	0.4942439963351652
1.5579762982689747	0.3268317702469502
2.1816838881491347	0.18304771599673125
0.9341037283621837	0.4533719034475264
1.2422629826897469	0.21359979126110895
1.1721412782956058	0.20903289523926047
1.994285619174434	0.2773245794667581
2.582099067909454	0.30360698018091953
1.8626861517976034	0.20088268345302904
0.19267723035952064	0.2774918293218709
1.4706221038615181	0.31675729011812376
1.427685086551265	0.24510711936622148
1.2840073235685752	0.2776231221201017
2.130600532623169	0.16807486308264225
0.296722103861518	0.26877954438435586
0.8858926764314247	0.341350651388504
0.7059077230359521	0.41292410005197916
1.4524684420772302	0.21607940618300742
1.8563985352862848	0.22292529379973347
1.1559082556591211	0.3476709550821623
0.4691798934753662	0.3118913944830559
0.30564806924101195	0.24693234056823984
1.5948155792276961	0.2619276417084995
1.1058170439414114	0.25108482946406924
0.3600733688415446	0.23435338824602597
1.2184334221038615	0.22996645089394652
1.0218246338215713	0.5056654197096261
2.274143675099867	0.19715366068639517
0.7204809587217045	0.4223791564710369
1.775774434087883	0.5040918928036093
1.194284154460719	0.44327846433064133
0.5065380825565912	0.28417125219431844
0.37050252996005323	0.2548683512423047
2.99306844207723	0.8871270980822875
0.2579141145139814	0.2187833032526447
1.1910113182423434	0.26004603042757335
1.8654737683089215	0.2814449500543569
2.1003758988015977	0.10006996735885086
1.1115235685752332	0.3145451719285116
1.5820801597869507	0.1744870878529542
0.917030758988016	0.49322267448937224
1.35231344873502	0.34154352787063114
0.37309853528628495	0.288455134128882
0.8600597869507324	0.44399829165223265
2.1597113182423433	0.2939246949531838
2.3004161118508657	0.4134046207685215
1.1750768308921438	0.5011903966932061
0.3482743009320905	0.509533523558399
0.6215868175765646	0.30477785833087295
1.7939404793608522	0.11442590535137837
2.108082689747004	0.33937430669772306
0.9573470039946739	0.24545796174979434
0.8404532623169108	0.22400053972467826
1.673682689747004	0.18449515553730214
1.6998415446071906	0.2698908555938248
1.6941288948069244	0.5746562936656232
0.7317637816245006	0.20869076472005416
1.0989331557922768	0.2616090845296021
1.2500372836218376	0.2327686802458761
1.4913998668442079	0.2688782876480686
0.570944740346205	0.6389332732912525
1.8923723035952065	0.2726292347841803
1.6838918774966714	0.1768932229646721
1.6384740346205062	0.2711219641028888
2.0219695073235684	0.3648290513560278
1.7144747003994674	0.5412229050909462
1.3102579227696405	0.3118192162706331
0.35585632490013314	0.422164287171229
0.33612982689747	0.2519800938280427
1.5470011984021306	0.2821915076962347
0.3906950732356858	0.25646394620185126
0.47369786950732357	0.37464154627838303
0.35229387483355523	0.31745121812321825
0.5741021304926764	0.3129871776781498
1.9130993342210385	0.2022848473817284
1.4687564580559251	0.4296497533505235
0.6877031957390145	0.23388219157742124
2.5475223701731027	0.229762309196421
1.9512270306258326	0.5281853973335775
1.8580214380825566	0.2590090925426547
2.2258893475366177	0.33083826332172755
1.558541677762983	0.35462837773119393
0.9741691078561919	0.3330668575360675
1.5726675099866845	0.1939908439066959
0.9383238348868176	0.36995952440531893
0.9454989347536618	0.28026363758099304
0.7724529960053262	0.4051121298488577
0.3527608521970706	0.30717161684604216
0.9771122503328894	0.2738246876810375
1.308911584553928	0.3940605296114067
0.9781684420772304	0.26763691823581803
2.001329560585886	0.30035008987794076
1.049579360852197	0.23681980775475184
0.8448145139813582	0.31557203564767855
0.8961342210386151	0.255338783726104
1.2054972037283622	0.48635801595730127
1.8539537949400797	0.20816194890745193
0.938925033288948	0.43977336502156317
1.4758860186418106	0.3526695153938648
2.730138215712384	0.2576388274769814
1.507288681757656	0.34241447866310953
1.5085162450066578	0.1987812833014214
1.612107190412783	0.16469247960298203
1.4737448735019973	0.2042720593832917
1.883898135818908	0.21274882084004235
1.6599893475366179	0.22976462116302734
1.5765463382157123	0.2939692386495745
0.35615059920106523	0.29229205643437234
1.68907017310253	0.22112735144051385
1.2989524633821572	0.1542934437412953
1.1108857523302265	0.22083921065061232
1.3569693741677764	0.1688341633709824
1.6865320905459387	0.16540020446976159
1.531609187749667	0.22338387238760588
1.4098781624500665	0.18195795589147135
1.7823607190412782	0.2009518388393226
1.5399049267643143	0.19750857822147003
2.1405703062583226	0.23055735446704137
1.842187483355526	0.24183981311916372
0.9619940079893475	0.36839605869584313
1.6246159786950733	0.16932709553985228
1.8899215712383488	0.1289687920969565
1.419129294274301	0.23202597883476103
1.5695109187749667	0.31537823290070494
1.8042928095872173	0.3047418214454849
2.0561600532623165	0.498981471576679
1.5461934753661783	0.6840752450397574
2.158252862849534	0.2783803879848107
2.787991344873502	0.25625084418357696
1.4203908122503326	0.3437850564167269
2.720325832223702	0.8303444305150863
2.282462050599201	0.32822215859191334
0.37652689747004	0.2687989744722346
0.6610498002663117	0.2957342088997179
2.269223701731025	0.15297647851932014
0.9800934753661783	0.26267176161812733
1.4842719041278296	0.19113057254632745
2.6065877496671104	0.4785433753732025
0.39648175765645804	0.48355790103003704
1.6470158455392812	0.272548314194915
0.7783802929427431	0.31504862818347107
1.7224085219707057	0.21601865785133623
1.507665912117177	0.26019201607561726
1.8798632490013316	0.2803399450212733
0.4330585885486019	0.28533648228942743
2.5813065246338214	0.20510558944182553
0.27346404793608525	0.24293429284110568
0.31268295605858853	0.2826370207323617
2.110196138482024	0.3035036296446203
0.6719513981358188	0.3192114902287362
1.3805169107856192	0.28739357471000965
2.206458588548602	0.5588832538204533
1.9494797603195737	0.4362072680605677
1.18924327563249	0.7348026261830193
1.2949491344873503	0.32074150012543273
0.7271268974700399	0.41313745644559635
0.29440306258322235	0.2955729534134599
0.2599960053262317	0.27574916400373056
0.3002814913448735	0.24948333821902358
0.775744740346205	0.2634872097263546
0.6194798934753661	0.25808531394899975
2.162705193075899	0.31044203575371704
1.0549323568575235	0.3285437734663776
0.7799380825565913	0.38706871259518216
1.4406029294274303	0.2705819461923996
1.3216731025299602	0.23482650817920156
1.4387247669773633	0.14457731817682892
1.3485083888149136	0.2574431495092233
0.6890501997336883	0.3603851926118611
0.6586351531291611	0.260224564016645
2.003509187749667	0.23972095297466026
2.357781091877497	0.25297039613410477
1.7504520639147803	0.2998551890938345
1.8054737683089215	0.15448830211484346
0.9161455392809588	0.3208403886204405
1.3188561917443409	0.2787896140098685
1.2353259653794941	0.23947717126584353
2.0086829560585886	0.26079001711162814
1.6747516644474034	0.2381204162121968
1.7424017310253	0.2910407321778472
1.5140809587217046	0.44362922306831787
0.9025063914780294	0.35716524317350123
1.376200932090546	0.7912821756178572
0.8281167776298269	0.32684382868123196
2.2115892143808256	0.2909619766470804
1.4124535286284952	0.24476630324983475
0.5649810918774967	0.6058958456541561
0.29459334221038613	0.26111202346352885
1.6033498002663116	0.18690128819225088
2.0845294274300934	0.25095857605790056
2.0414099866844206	0.3185457701647912
1.616701065246338	0.41631103782138
1.9177383488681758	0.22078838612000443
0.9262912117177098	0.42994360151305944
2.069614380825566	0.12095453671929303
0.23248335552596539	0.23416900136651472
0.41017523302263653	0.29232642066273956
1.6605561917443405	0.37311799215554353
0.9506366178428761	0.38539612115814137
0.8876736351531292	0.5899576075609242
0.5483422103861517	0.3008939924010176
0.7645227696404793	0.4954451588557581
0.7657218375499334	0.3568429692309576
1.2106354194407458	0.4289071840314314
0.41483275632490013	0.26778611955158027
1.9969992010652464	0.31533296615899836
0.8661458055925433	0.29300324944751227
1.5918284953395474	0.45237794064847203
1.7361996005326235	0.4910973838380972
1.243390412782956	0.3881943722421052
3.0296332889480695	0.33689052473490577
0.7419231691078562	0.28477137903597793
2.3914659121171766	0.366849653779986
0.4957777629826898	0.31108696550115394
1.683503994673768	0.2508458073238459
1.4881619174434089	0.2194689412640107
1.9622266311584553	0.11053799707840271
2.028200133155792	0.5198899352045709
2.4000929427430093	0.32719838921097866
1.7676897470039945	0.7706178591115662
1.3498780292942745	0.26395562509750947
1.3201876165113182	0.3349187000237679
1.4400844207723036	0.15602793233714546
0.8946320905459387	0.5544234319419669
1.7215295605858856	0.14727840473178525
1.3926137150466043	0.2137513181331096
1.460401597869507	0.3002553474282033
1.3083187749667111	0.28462361575158507
1.0973039946737684	0.4239284932165724
0.5622254327563249	0.49342077791698796
1.7821936085219707	0.3340866577290954
2.4243663115845537	0.2298150076907459
0.9752051930758988	0.4732672992903263
0.8271378162450066	0.55274045937262
1.537938482023968	0.22678182978228248
1.9932382157123836	0.3062809653971213
1.1534790945406124	0.19061361787820463
1.6086484687083886	0.31122334048734185
1.6736972037283624	0.44939913250743957
0.8692820239680425	0.3639820663397335
0.20834580559254326	0.31199949939418253
1.9796336884154464	0.3532022221673002
1.443193209054594	0.48833973864517194
0.6463766977363515	0.30784809256972084
0.675736085219707	0.3745093704986997
1.1317569906790945	0.2597302302730822
1.8762130492676432	0.2734655461715407
1.823749533954727	0.31489683923041545
0.6369648468708389	0.30585089796646664
0.4187814913448735	0.30135405123880815
2.162734620505992	0.30704342189542205
1.9240328894806924	0.1723677592946182
2.104133954727031	0.19821459273350503
0.8770788282290279	0.23619552439345765
1.5330227696404792	0.34694797478091643
1.6048039946737684	0.42653911740790645
0.7972416777629827	0.21367827417446023
1.1752957390146472	0.23609314995261313
1.7617870838881493	0.2207308640867221
1.5395925432756323	0.1806062698562113
0.6134968042609854	0.37496680988023184
1.5113615179760322	0.23752266289761217
0.7602400798934753	0.26769109625482157
1.171754860186418	0.5291401633937131
0.2860500665778961	0.3410691688978918
0.266055792276964	0.40115620102346505
0.43878655126497995	0.324260489543184
0.40241478029294275	0.29278360192784225
1.4887568575233021	0.1776204069102901
1.3107175765645804	0.2493359283185074
1.3563350199733688	0.2072271176292452
1.355143808255659	0.2254961465940667
0.2743701731025299	0.24323232906277406
2.148538482023968	0.3313586066116163
0.41208841544607194	0.2772101005119607
1.752955659121172	0.39659273917153376
1.7758328894806927	0.2415564564953853
1.5608830892143808	0.28505073245572615
1.389727962716378	0.275502228218526
1.2688075898801598	0.2551491680534593
1.7992352862849534	0.35016779910472184
1.7014291611185084	0.5622543459347071
0.8738402130492676	0.31479286002247
1.547922103861518	0.22086825836690333
0.8470195739014647	0.22184507430568134
1.4857972037283624	0.24837966922715296
1.3925026631158457	0.2552622487796207
1.0913498002663116	0.3325147537098373
0.6995362183754993	0.23726307954377168
1.6595918774966714	0.1820011201164399
1.4682596537949402	0.2507482667915136
0.23887896138482023	0.3384749955609127
1.544927962716378	0.307602156832263
0.2956177097203728	0.2644200254257471
2.094400532623169	0.24096436664313453
2.08959414114514	0.3031790509413897
1.7486886817576561	0.23464131176076708
1.9883374167776298	0.4503552676890446
2.119863515312916	0.15803191413733983
2.3128989347536617	0.2535503666223169
1.9388154460719043	0.2638423722438186
2.2453213049267644	0.5088380206808852
1.2664892143808255	0.34190398353666146
0.17244114513981357	0.26904829191116075
1.2861439414114515	0.36416215540974
0.9556125166444741	0.3298639406442323
1.692186684420772	0.12899226252274965
1.8529430093209054	0.24612098780927164
0.7749459387483356	0.3328849173251533
1.5965608521970707	0.29647975562941115
1.477700399467377	0.33849125491456256
1.7822415446071906	0.44640855736081536
1.0533227696404792	0.24109792569511299
1.9578656458055927	0.2576188352570068
0.5196476697736352	0.3613512536483191
2.1141849533954726	0.21738231571370079
1.6759147802929428	0.31625258021913116
1.7590308921438085	0.4257600672811093
1.466459121171771	0.24363552577733588
2.339550332889481	0.1531386460803562
1.521599467376831	0.2045174117056904
1.6349508655126501	0.24522990831464098
0.7407252996005327	0.32702734164413994
0.9273797603195738	0.29267133152863495
0.9911470039946738	0.3139927721244818
1.4734246338215715	0.24529874314363823
1.4841266311584553	0.487619696183096
1.622064447403462	0.3851338119107328
2.288248069241012	0.4712954347439829
1.4670966711051932	0.4926288407944941
3.013282956058589	0.568038439747179
1.1924882822902796	0.4254663038771293
1.3587539280958723	0.16968786463977956
0.49547350199733686	0.5810558568833938
0.5506527296937417	0.3514540892067014
1.1502565912117177	0.4715463319218654
1.9088836218375496	0.12731694552797507
1.0367699067909453	0.3298405805058862
1.7033881491344873	0.3081362832589214
1.6676209054593873	0.24260448055164618
1.2135993342210385	0.3597473617330052
1.4616627163781626	0.32674175258793065
2.2416649800266315	0.41294386564890817
2.351014780292943	0.34235641648245674
1.525668708388815	0.3863868398115505
2.763365645805592	0.5029474902157579
1.7430094540612517	0.5248882174863776
2.4830641810918777	0.2787971833836889
1.1450970705725698	0.2488144990379346
0.18181211717709722	0.2727486247992311
1.8434838881491344	0.610017483710769
1.5484842876165112	0.24922493253443986
2.195063914780293	0.30410615558436443
3.1033486018641816	0.7062150368245212
2.2239238348868176	0.30384320581430596
2.0817704394141145	0.37525177150235073
0.9473564580559254	0.30741152583025716
1.2099877496671105	0.28044445158087766
2.3353575233022634	0.5257335697462929
2.0424717709720372	0.24703623345818024
2.0257238348868176	0.17371843681875862
1.5222636484687087	0.27606694603280874
0.994059121171771	0.2627029396625591
0.8867263648468708	0.3071045193029017
2.3450693741677764	0.28956835927730157
0.9534790945406124	0.29668085688371837
1.2467394141145138	0.19593168370179095
0.40355565912117175	0.2476408685540966
1.6336476697736353	0.330912625864624
1.8069468708388816	0.24221124653821474
0.2582195739014647	0.262528180979884
1.5012573901464714	0.35483805532660806
1.6293505992010653	0.26467678165008657
0.9791231691078562	0.2480800431287149
1.51297603195739	0.26498719143121524
1.3307139813581892	0.4725450099151755
2.0922354194407458	0.4198113977937003
0.6902774966711053	0.3149740575407654
1.21597017310253	0.4911259646956563
1.565535552596538	0.4204863860814297
1.411212516644474	0.33173136903452877
1.723734620505992	0.8029278888544239
1.6667591211717712	0.22550271903380184
0.5572770972037284	0.24378419028487486
1.377711984021305	0.27074335062376403
0.8598455392809587	0.24924507408198984
0.3702328894806924	0.2966773384772619
1.1005213049267644	0.16947026589974237
1.2051527296937417	0.25948423716433433
1.3599089214380826	0.2740151538040967
1.2557406125166444	0.20932503790301865
1.3837613848202397	0.2790453651633026
1.6075358189081224	0.2852433257217484
1.3731090545938747	0.2437899239138125
1.934876964047936	0.24036257613162493
1.5289507323568574	0.3519258278837848
2.283951930758988	0.36110075885944726
1.6636512649800266	0.3042298192559342
1.7801006657789615	0.30959513119429144
2.448379227696405	0.2375251897383849
1.1156105193075898	0.3265408774864751
2.5113242343541944	0.7127464224497796
1.8519501997336887	0.4920996048178433
2.38010878828229	0.2772842697683765
2.068052463382157	0.40759303754061865
1.2853993342210388	0.3559509404728758
0.47279347536617844	0.2892172055417817
0.8197636484687083	0.23556257210410683
0.7316078561917443	0.23146367850178393
0.9185913448735019	0.6865203457326294
2.604790412782956	0.3808131076665672
1.309097603195739	0.3937595685319918
1.2628320905459387	0.3576691241808562
1.0534419440745673	0.2843853258174464
1.6778037283621838	0.5181442635299319
0.8402218375499335	0.27406211718705215
0.2955379494007989	0.32823912069929473
2.5300214380825565	0.477095457491528
1.9835308921438082	0.3258994134302343
0.6790853528628495	0.3312960106253926
1.6531599201065246	0.1870963097248137
1.1710753661784288	0.2444375557495574
0.21425885486018642	0.3100999857195995
1.9286055925432757	0.2819064527779702
1.942953262316911	0.17420833499204957
2.011209587217044	0.34345330938425006
2.281632490013316	0.7266471726257603
1.7043103861517976	0.358372093967993
1.7511739014647134	0.14352083944901547
1.8772455392809588	0.352924135864694
2.0967576564580557	0.29461889932054824
1.199854327563249	0.24565765414602192
2.147564181091877	0.26971787209587095
1.076516777629827	0.3964240020301768
0.6030007989347537	0.4076111203162726
1.5405073235685753	0.23561536607781872
2.0236992010652464	0.10666363072388786
1.184964447403462	0.30005039807641176
1.411468841544607	0.20667430011031387
1.3985910785619173	0.17379132462318933
1.6402227696404792	0.31446171343302176
1.260147137150466	0.3366241747237541
1.8610070572569908	0.17286634936795434
1.9645209054593875	0.146681684588048
1.8521284953395472	0.31526354040240195
1.3011750998668443	0.16140410387026036
1.8724616511318244	0.18167782416046602
0.19724221038615178	0.31295829144843873
2.1371138482023966	0.3285179782273923
1.8588476697736351	0.22902204161136475
1.5967037283621837	0.36705448219877546
1.6028223701731024	0.5570404732815589
2.0399882822902793	0.47050381354221615
1.4269454061251663	0.6934455176250804
1.3061503328894806	0.19091226949491077
2.1934892143808256	0.2501074216685377
1.7152280958721706	0.3325616087555488
0.8160350199733689	0.27143089830604394
1.3895852197070573	0.20546272004627322
1.3613595206391478	0.7550528754682677
1.324006790945406	0.4918507799263946
2.032189081225033	0.14894111317462502
1.5180556591211718	0.3372139487945047
1.961686018641811	0.35452951141615047
0.5171940079893474	0.232516929621552
0.3296334221038615	0.2810913216731891
0.5342326231691079	0.4071781787563066
0.9502774966711053	0.5753563599819068
1.9398796271637817	0.2694380437846077
1.657972037283622	0.17584361914075977
1.8719423435419442	0.24008301342144647
1.4388652463382157	0.24314506183712264
1.3064768308921437	0.20332897980965753
1.6277315579227698	0.2113005837675379
2.5515541944074567	0.3209212223860343
1.2844338215712383	0.3474384661359594
1.1979559254327563	0.2812471180763886
1.9493464713715047	0.3543417471958267
1.909283089214381	0.2890827323543385
1.3682739014647136	0.15806816859631717
0.8040910785619174	0.27879813321026103
2.010705592543276	0.23051339111651709
0.7129415446071905	0.21499107058473255
0.946002396804261	0.2955821808567981
2.2965263648468706	0.31423807977857193
1.9269113182423436	0.1664174335883226
1.3603661784287617	0.3550246595229927
1.6977611185086552	0.28563000753528645
1.815209986684421	0.24444253449411504
1.1089601864181093	0.20321396134940004
1.3029953395472704	0.32250357182486855
1.732027030625832	0.4147369111710709
1.4192332889480692	0.6296496983192932
1.8765758988015977	0.2409953395402442
1.4401014647137151	0.3166177592048913
1.6945102529960057	0.1547961454490219
1.5666315579227699	0.2324995532606771
1.6304556591211716	0.3098629151249071
1.614624633821571	0.5045224082685581
0.7674094540612516	0.3118531481255888
1.1821181091877497	0.319595020146461
1.615258721704394	0.22715912505635477
1.7108311584553928	0.2168255422687773
2.0523704394141142	0.4589228700962833
0.39199786950732357	0.31137486122547536
1.276866977363515	0.34431575334864667
2.142769773635153	0.4426063479355422
0.180908655126498	0.2780617405833111
1.556488149134487	0.14422180194118658
1.8801239680426098	0.17946639574536288
0.6047126498002663	0.33133066191204186
1.3483531291611186	0.27006309533066997
0.33268748335552595	0.25700261492383264
1.5250498002663113	0.25231997961677216
1.298372569906791	0.24279808808517492
1.9510422103861518	0.296279290611377
1.6660488681757657	0.23938466361170108
2.103409720372836	0.27807273421062556
1.0194715046604528	0.4291325235672799
1.4199267643142475	0.38183169055161426
1.7013833555259652	0.30753321391200444
0.2082648468708389	0.2763466437753653
0.8644628495339548	0.568137389932708
0.8027565912117178	0.5031628730713162
0.6251954727030625	0.38390295566326
1.3406439414114515	0.21303714088248565
2.4239286284953394	0.1369025155635436
2.397019573901465	0.34527258237730984
1.623534221038615	0.2877218031236113
1.8336251664447403	0.3352228811885844
0.4269109187749667	0.26786368572176805
0.5796531291611186	0.3747350659874535
0.8392173102529958	0.7341297939743043
0.8329756324900135	0.35208966712165946
2.2729516644474033	0.2748396136469167
1.7151093209054593	0.2068048328766441
1.3447792276964048	0.20533494353345763
0.9021362183754994	0.21038060549297344
1.2741511318242345	0.5456952561811026
0.20897669773635155	0.3647653934425196
0.5853426098535287	0.3675529896604956
1.9686202396804262	0.23807504437495536
0.9321512649800265	0.39392251030234426
1.4743310252996007	0.3063251572760125
1.2893171770972036	0.3314254945132256
0.5812214380825566	0.25319332819909857
0.3764798934753662	0.36017218667804807
2.678690945406125	0.3389114081602007
1.331578828229028	0.3440421767438603
2.010465912117177	0.3345218387027094
1.4601612516644473	0.24256615927974706
0.3854319573901464	0.2693726007225002
2.1097864181091874	0.29569977784423535
1.7694054593874833	0.2456413394090114
1.5690174434087885	0.2556341630173603
1.5459834886817576	0.4887572668300431
2.2163419440745673	0.14219611974214547
1.2249133155792278	0.2590758401084293
1.5116411451398133	0.35104796095448243
0.7605577896138483	0.6193691852675826
1.3289073235685753	0.3302175945846357
1.8433862849533955	0.21752264956600362
1.6219968042609854	0.3183196126673557
0.346774034620506	0.4135979824138706
0.23843328894806926	0.2653842110558415
1.7755977363515312	0.4800539350054153
1.8662873501997337	0.30837406368818016
0.5662735019973368	0.28083784276994694
2.2034440745672437	0.4374400942986849
2.020047403462051	0.4204076080116576
0.6608254327563248	0.47284207516701404
1.6296271637816244	0.257434614572526
1.7812664447403461	0.2455596813195459
1.5184921438082557	0.2133058360319385
0.7138402130492677	0.3147594592454825
1.4475933422103864	0.30448268710489806
1.161381225033289	0.19754478278462176
2.4147322237017312	0.19727943864233252
0.9546370173102531	0.46604876471577616
1.4102292942743007	0.3129680751332811
1.2666154460719041	0.3676964767156673
1.6164813581890811	0.32360419684711056
0.9711440745672437	0.5062775436456858
1.5658753661784288	0.26935995398836776
0.45217190412782954	0.3417278568861584
0.5900134487350199	0.24614679763150424
0.9791498002663116	0.3818029379911603
2.381852596537949	0.37611760894110624
1.2970900133155792	0.331845033890985
0.4898651131824234	0.31381302299843444
1.6318837549933425	0.3547396292817742
2.1206367509986683	0.45032982747043365
0.1528549933422104	0.28282103316873336
0.9870380825565913	0.2952939714054239
0.4067905459387483	0.4271652973913505
2.5426195739014643	0.339546538215602
1.6302344873501995	0.8147269987868946
1.2480296937416777	0.8178468270406377
1.0926237017310254	0.4102879208882179
1.404637949400799	0.5569946736334034
0.819206657789614	0.45705608901345546
0.3160387483355526	0.24098268587192012
2.240536085219707	0.589573921701585
2.018316777629827	0.3160360267614874
0.3776135818908123	0.39462024402281926
1.1982772303595206	0.4237806900546177
1.8916151797603196	0.24468827781118443
0.7512022636484688	0.2980045454620578
0.6602930758988016	0.3004376854328064
1.2314491344873502	0.5752911811524383
0.1960278295605859	0.28437218047559604
0.3897207723035952	0.31213562327645095
1.6365411451398137	0.17444233755783997
0.4075306258322237	0.37524593078324237
1.322333688415446	0.2619811792207402
0.3461428761651132	0.3933987729938405
1.5362426098535285	0.37830230018889477
1.9775568575233022	0.5356976873448396
1.539260186418109	0.4734651506650088
1.3983099866844206	0.4555884655624289
1.9683774966711054	0.32673896561433263
1.7240828229027962	0.2660109203739757
2.2672169107856193	0.2938002678869271
0.5393784287616512	0.29516015420765285
1.273274966711052	0.27097631607577854
1.9284659121171768	0.37099889711550227
0.9071500665778961	0.3953272177296824
1.7646584553928095	0.7247959214712574
2.209441145139814	0.36534669877311654
1.6028404793608524	0.4805428677120887
0.2253728362183755	0.3479036031791064
1.9093655126498004	0.3125719686753246
1.7132059920106524	0.4095959658782009
1.7723925432756327	0.23027648107006307
1.9327278295605859	0.2139622534388268
1.9081743009320906	0.29013075782566616
1.7042997336884156	0.1981818001534103
1.245334620505992	0.15392716575276832
1.1565765645805592	0.3786092105117576
0.6225284953395472	0.49937816430598847
2.1893946737683088	0.4424770447733889
1.1162074567243674	0.24497643718927853
1.3805968042609853	0.22126647331552285
0.2327616511318242	0.2388826181211522
0.7638487350199733	0.25291594456468003
0.3781311584553928	0.42619939512937444
2.5943420772303596	0.2521409768051074
2.009084021304927	0.4496201312305724
1.954954460719041	0.20892762800807846
1.7987083888149134	0.25411349346198575
1.9859298268974703	0.32602192240806316
1.1955868175765647	0.3255723011073386
2.1649861517976032	0.285903797141064
0.9947741677762982	0.25867190102901366
0.32571930758988016	0.4141677953476293
2.061211850865513	0.2311692540701148
0.22928508655126495	0.24110904609287354
1.687214780292943	0.20309391196803603
1.6274368841544609	0.25379353453843906
1.5316454061251663	0.23006956101360923
1.4674065246338217	0.25103446407714564
1.2584729693741679	0.2666120501802247
1.3671747003994674	0.24522491667731808
1.193731291611185	0.2826691261051669
1.045484553928096	0.2686504242824577
1.7715150466045273	0.3264367176433999
1.3604896138482023	0.36224185507736517
1.8726727030625832	0.2874018465934355
2.055670838881491	0.1296039085740541
1.1493398135818906	0.23819618339452933
1.066443808255659	0.19857818347360218
1.0973745672436752	0.2739829058209101
0.5108949400798934	0.32893698513156966
1.7949704394141148	0.19662231487142923
1.5758968042609853	0.21382696749257535
1.31157017310253	0.22663058595986843
1.128465379494008	0.22087454772346768
1.5404616511318243	0.17143503766116855
2.2177944074567244	0.19295154920746213
2.2253151797603192	0.20607004105442905
1.3893323568575233	0.2620478794231268
0.9852535286284955	0.22811755194969577
1.7334517976031956	0.2493012128873454
1.39074620505992	0.23071719803319427
0.8982215712383489	0.21774524050147806
1.6148199733688415	0.25426157636361957
1.4518957390146472	0.18384608802757377
1.42592689747004	0.1735778521429373
1.6947418109187748	0.39069201857517527
1.521793741677763	0.32576889858773367
0.9005629826897469	0.22391961776702474
0.9196320905459388	0.6298229974931545
1.6059615179760318	0.38359753067042035
1.052907190412783	0.3841137361405342
1.5264328894806922	0.22605917675462722
1.4747233022636486	0.28339973294172066
1.7818328894806925	0.16698298898996788
1.4651857523302263	0.1775751207575276
1.6360050599201064	0.28041719324013786
1.5557712383488684	0.21253422639302078
1.0790387483355526	0.5631501473839516
1.6441852197070574	0.2737282827261967
1.0151031957390146	0.2170492812913575
0.7840165113182422	0.288772414121345
2.060906657789614	0.27106561753617464
0.594807190412783	0.2439120751985412
2.267168175765646	0.9326256263763625
0.37654340878828224	0.2869466366941501
0.5582356857523302	0.3356715154578596
0.5007627163781625	0.3831260519539625
1.706416910785619	0.25991402612980574
1.5360529960053264	0.18490759728838985
1.8016455392809585	0.16254940743334892
0.9887972037283622	0.22672788997103147
1.1463106524633822	0.5989365676627164
1.0839258322237018	0.41245699135649044
1.627724900133156	0.24234316647825058
0.8108864181091877	0.45878246913249476
1.2084303595206394	0.296961070961916
1.3171271637816244	0.17691526256273543
0.6838311584553928	0.39552379632992823
1.735001464713715	0.14339431285528528
1.8356901464713715	0.4108098775372078
2.250854860186418	0.27457920043210454
1.2495624500665778	0.2865633264301561
1.1249483355525964	0.2562386916615444
2.4904081225033288	0.46631299007674865
2.078845406125166	0.23480775126784229
1.7197509986684423	0.40750257783366217
1.509131691078562	0.19161147067284853
1.4670363515312914	0.22300335537414398
1.8709969374167776	0.24842045332145424
1.655985086551265	0.21153586341000039
0.6644559254327563	0.320155601048925
1.2974949400798936	0.33999534911202245
1.715323169107856	0.32690157572098805
1.4597696404793612	0.4717915924376046
1.963197603195739	0.4653161003338925
1.452477363515313	0.287309029760866
2.136923169107856	0.3860004276107163
1.6709402130492677	0.35304857307103116
1.0243082556591212	0.6488901755345144
1.0313620505992012	0.3223528975060542
1.0432456724367511	0.42823297659287257
0.4163924101198402	0.30043562997527223
1.3002367509986683	0.2995696911367474
1.2822858854860186	0.45037030180602466
2.473594673768309	0.13321154076181704
2.395095206391478	0.5216718354659687
2.1179123834886817	0.20335472033714933
1.989918774966711	0.26202743527713546
1.0640559254327562	0.2732439815200447
1.74572689747004	0.6126775463606248
1.6796073235685751	0.26929506893756594
2.138077363515313	0.48041265420034324
1.0163555259653796	0.2552068092588836
1.516292276964048	0.2226377525528696
1.9927653794940081	0.20491993227022504
1.5163420772303595	0.20048401157021387
1.462216245006658	0.8000579826039965
0.31385672436751	0.3103593203923211
1.6170324900133155	0.2998764309809088
1.7611858854860185	0.6505154312533894
0.6849330226364848	0.4589790859428574
0.4102311584553928	0.29492305361080434
1.8275693741677763	0.25347833939559966
1.8423177097203731	0.22034192359804744
0.8883583222370174	0.4140102571554737
2.611897203728362	0.25118047512507485
1.9083479360852198	0.13535748404780176
2.2025271637816246	0.24251350259842247
1.906186684420772	0.2502510302042755
0.3490423435419441	0.23161634565778383
0.2777501997336884	0.23772104145803094
1.819333555259654	0.23517471776399798
1.2565162450066578	0.2257411754009136
2.2686744340878833	0.15600352111638924
1.876292676431425	0.12688719992295563
2.1391448735019973	0.1605226632072445
1.8528724367509988	0.28700162468035284
1.7627246338215712	0.3368211514858413
1.9526199733688416	0.20153203239293102
1.517785619174434	0.27662308015592174
1.5292197070572568	0.22626172944365328
1.9895848202396804	0.16991938735275774
1.8521279627163783	0.23566329298421448
1.6172113182423433	0.2105234921903995
2.07246138482024	0.31777731678456217
1.174080825565912	0.23318756405908195
1.75141344873502	0.4709410992685285
1.853465912117177	0.1951746113899687
1.5318508655126495	0.4649631723986326
1.1994358189081225	0.5809665952091938
1.4922205059920106	0.27525235728694664
1.7931828229027962	0.3126856144115694
1.8256331557922771	0.5787843371245402
0.6543531291611185	0.25668548939556424
0.9313482023968044	0.20148183668198807
0.42886937416777626	0.2709532147340352
1.9634226364846872	0.2379524564379893
1.6585082556591209	0.14095226486459617
0.9003573901464714	0.2626377265134024
0.422874034620506	0.28987539130045403
2.223372037283622	0.1974068181225147
2.2637039946737687	0.35860027167338987
1.7246475366178429	0.39456331335574263
2.4879155792276966	0.2557146008362765
1.7476932090545938	0.19297165952193612
0.2937246338215712	0.21430915917141616
1.4001842876165111	0.35663712257213187
1.507752862849534	0.3501120258064659
2.6382195739014644	0.6269699622031437
1.7263410119840212	0.3111900766477553
0.5758290279627163	0.37352422543516234
0.7610249001331558	0.6219884178047951
1.5899918774966708	0.43267972093231066
0.763932223701731	0.39457224285776044
1.7987604527296936	0.21689474339944023
1.2017447403462052	0.21902527010303524
0.8179181091877497	0.25208337659052876
1.5198878828229028	0.1827644481702016
0.8724199733688416	0.5672804256322077
1.6487170439414114	0.19015867087506538
1.6272805592543276	0.3622919021154566
2.086947270306258	0.223234973957357
1.811065379494008	0.17379775418766175
1.4248904127829563	0.22012419334087463
1.5453463382157124	0.2214996516227842
0.8257916111850865	0.6729855295266491
1.718468708388815	0.439971387240968
1.4395166444740346	0.30432590978002655
0.940952862849534	0.30517026617935744
1.4631625832223702	0.6138723596152422
1.4372525965379495	0.21701978308037112
1.7365492676431424	0.6298245454717459
2.197985885486019	0.19883094650179367
0.4282440745672437	0.2834249752686492
1.0469170439414115	0.21345111160729102
1.7598035952063915	0.2651194399080681
0.932430758988016	0.22310108866820122
1.3770525965379494	0.20599443282471486
1.949584687083888	0.30170423430660903
2.264326498002663	0.22109673031965507
2.0033411451398133	0.22201518709408077
1.696861517976032	0.22341699405561988
0.7158727030625831	0.3803226391378282
1.4174781624500665	0.19885261717666236
0.2141011984021305	0.2930504873471169
1.4331877496671106	0.22847411379737367
1.4320171770972037	0.28439775129788947
1.112182157123835	0.6499175823206057
0.8544015978695074	0.24543622134025445
0.21910332889480694	0.23629084895914731
1.3055382157123836	0.4586348968618206
1.6274881491344875	0.17755537379932035
0.7836954727030626	0.40865973511061177
1.9222229027962714	0.21478996921084964
1.6143035952063916	0.2092460827419877
1.7806786950732358	0.15907389961307528
1.4817414114513983	0.24907645108445195
2.1963185086551262	0.48486687043034643
1.518048202396804	0.2904141606519124
1.1693162450066579	0.19000880707673945
2.2585687083888146	0.28011700996874694
1.505424101198402	0.26611653673442837
2.336422103861518	0.18597291060652332
0.277628362183755	0.2241066355756457
1.7797744340878827	0.13052516003556391
1.041734087882823	0.2818032705371244
1.8995415446071902	0.2700537754896286
0.32732982689747003	0.3469575949482112
0.5690065246338215	0.2345480603640648
0.26312809587217045	0.4062601035223012
0.7608844207723037	0.39148854356669505
1.2677380825565914	0.5371327181171855
1.386618774966711	0.43399139431549877
1.7898675099866845	0.2558915905382212
2.41552982689747	0.2272588075484839
2.0076798934753666	0.2681379810706888
2.573128229027963	0.38663534150280954
0.5205806924101198	0.2937323995011406
0.44447896138482024	0.2334706811247614
0.31874527296937416	0.30003475187248524
2.3451327563249	0.2491005805291628
0.7179794940079894	0.3741568830514333
0.6713098535286285	0.29631974832116464
2.103321704394141	0.3240669052672691
1.1299974700399467	0.7837103340711739
0.3349391478029294	0.3927853307732422
0.591334620505992	0.2763354011967155
1.5956541944074567	0.2457888619110532
1.7991484687083887	0.4233127809161952
0.995560053262317	0.3601008368940864
3.2248676431424763	0.3607474557026147
0.9627492676431425	0.28807985525797475
0.7874850865512649	0.3516525408287714
0.7171423435419441	0.3168550965163455
0.8614198402130492	0.4501482062118728
1.3162535286284953	0.3897213503641108
1.5153042609853529	0.2954534300968797
1.0010350199733689	0.3142743500020441
1.8187371504660452	0.5106110116951228
1.935200532623169	0.17203558800916857
2.15678242343542	0.2129882124730127
2.199507190412783	0.34369896146687895
1.3473057256990681	0.2451034408806425
1.8836093209054594	0.29236654067715784
2.1279330226364843	0.2486365209470509
2.077305193075899	0.29180424669370053
2.339131691078562	0.23769518694847783
1.4816022636484687	0.3382014668093557
1.5808557922769637	0.3331742443731008
2.2125238348868175	0.19039523012128426
2.022443808255659	0.2295618560155297
2.4081958721704395	0.21695737386294792
2.045426364846871	0.2962901034067776
2.352709587217044	0.19833494934526036
1.9030531291611186	0.3410326797273334
2.635918774966711	0.2027300809764558
2.1695346205059916	0.24639959615465193
2.1632059920106523	0.2514241668875948
2.393930093209055	0.3234814215166554
2.0642202396804263	0.27093289584521546
1.5739078561917446	0.19948605818031545
1.376717576564581	0.21904543651863556
1.695746071904128	0.2408277983330611
1.561070972037284	0.25525272828289103
0.6298332889480693	0.31153289936567774
1.4363304926764313	0.28860058949226564
0.7636762982689747	0.23898194182710328
1.2984865512649801	0.3041620114455697
1.4888126498002665	0.47275481495135474
2.0547400798934756	0.27227046337143196
0.9847752330226365	0.6423334337234883
0.9635704394141145	0.41608617613467946
2.365051930758988	0.2535328910361553
1.3748444740346208	0.27317949210402803
1.102182290279627	0.5470433568437927
1.6173776298268974	0.2375567265471647
0.8464790945406124	0.2978076205493003
1.7843794940079893	0.4124389569879263
1.9019264980026631	0.3097029903643148
0.7512055925432756	0.3518718350540095
0.6340364846870838	0.4210638558534219
0.7884185086551265	0.3657641479802378
1.5024370173102528	0.3157155502921841
1.4204973368841545	0.5474818635945351
2.4380002663115845	0.1971794545168206
0.9922703062583224	0.36746492244132134
1.98768828229028	0.3304309043140655
2.1168689747003993	0.4542897697464534
2.011070306258322	0.9577446864819769
0.7383065246338216	0.345488911447909
0.5657262316910786	0.33739237205468453
1.8406810918774967	0.6009196598480396
1.8994302263648468	0.574632308911147
2.8727821571238352	0.3471873693391448
0.6626922769640479	0.5170420563257845
1.7159817576564582	0.29808421905769883
1.8996390146471371	0.4480851958042085
2.021571105193076	0.24002009503917254
1.7893150466045271	0.642478622523296
1.5944318242343545	0.17523565046799452
1.2819806924101198	0.249513636648491
1.842442743009321	0.41847823087663993
2.113971105193076	0.2403475567726485
1.5981531291611184	0.3375389701033212
1.533495206391478	0.3396603658923325
1.6984288948069244	0.2588952900094132
1.0938966711051932	0.5715055887084602
1.6597507323568574	0.28249659460162396
1.0099255659121171	0.49103100383093434
1.1517974700399467	0.3126539942387423
1.8382523302263647	0.4588439269644381
1.0026179760319573	0.44574380045295275
1.9067990679094537	0.2979331116661824
1.6991314247669775	0.19808015357807046
2.1326049267643143	0.6524893678792276
0.9400620505992011	0.3256098756841772
1.4631712383488684	0.35218014742932346
1.6302093209054591	0.6651312836728633
2.0535905459387487	0.2763585141431007
0.7706774966711053	0.5598648027186213
0.23960199733688417	0.22227843627238428
0.5867648468708389	0.31292696716683943
0.20923435419440747	0.28036624922876663
1.4243557922769643	0.3215847632633123
1.5135170439414114	0.53830723596789
0.8943655126498002	0.3705986904948642
1.1305516644474034	0.21215618224868554
0.7721577896138482	0.34571093304995043
0.8431440745672436	0.2162269845703058
1.3161087882822902	0.6253584770962664
1.3135948069241012	0.29780741994421644
2.289145272969374	0.16037718150398614
2.1063456724367513	0.17523680247593892
1.500302396804261	0.15519164277198041
1.1607628495339546	0.18688552493998353
1.481073501997337	0.22054691377426375
0.9707548601864182	0.2581050810474881
0.2975339547270306	0.23666337351265285
1.3051921438082557	0.3940806551978031
1.5052724367509989	0.20478582394216346
1.5647484687083888	0.1606953666822864
0.3812079893475366	0.24069296372288135
0.7425932090545939	0.299034021274028
2.249356324900133	0.2710355685097667
1.5524021304926763	0.3627599795894424
2.1684073235685752	0.14357034608138475
3.005965912117177	0.9294103633049159
1.0454528628495339	0.4042065504267786
0.9809338215712383	0.2869246107921124
1.6290720372836218	0.34630760591295096
0.8402038615179761	0.3426872170169075
1.7860697736351532	0.27501604825189246
1.1971989347536616	0.48227690210616925
0.7175864181091878	0.31851805614830736
0.45224700399467377	0.38300587057965657
1.7078517976031957	0.22227959874912245
1.7374517976031953	0.20294549278736734
1.9454299600532623	0.4901065505445553
1.5118992010652461	0.18172009379640716
1.0557035952063916	0.2889248458999091
1.9872753661784288	0.3084006452571703
1.313455259653795	0.19614446256617085
1.8166632490013317	0.25677222635232316
1.4045777629826897	0.3532538859059381
0.16975685752330225	0.29081646616652723
1.9808557922769638	0.14835330688883094
2.0384992010652465	0.16649477721010708
1.185864447403462	0.37212939504798936
1.6438181091877495	0.20225472612352224
1.9194869507323569	0.24119783657335322
1.1269	0.5137050932162067
1.720236085219707	0.25122290575957246
1.4825271637816244	0.4727430171324394
1.7385597869507323	0.3438352052504151
2.279308122503329	0.12922477728046608
2.3080580559254327	0.17094640522807628
1.7632580559254327	0.2154378698155951
1.343899067909454	0.5486868456897366
1.2176707057256992	0.2629219052298642
1.0396766977363514	0.26223828381762715
1.3882205059920105	0.2705997494450872
0.08303648468708388	0.206493011654011
1.4393645805592543	0.43262125053588946
1.4885198402130493	0.6113650714739517
0.9861675099866843	0.22263311775840494
0.5537723035952063	0.2666387012342579
1.2948299600532622	0.5226109512432607
0.6917544607190411	0.2403318001663129
1.4233483355525967	0.29721313440729197
2.035457656458056	0.12922781354739968
0.6149252996005327	0.26889412416859093
0.7575728362183756	0.5243732593623548
1.7849717709720372	0.3249036372179033
1.8202785619174433	0.21003187585371333
1.7077089214380825	0.4073637600592649
1.2641937416777629	0.2673564080440531
0.3209973368841545	0.2782656164683072
0.9194624500665779	0.25409373670376
1.4565631158455394	0.2509608077271399
1.281846604527297	0.24266130854389706
1.4689464713715046	0.3232951687483398
2.1745777629826897	0.1472115295494187
0.6506723035952063	0.2601501958984176
1.5102185086551265	0.2489601464711404
1.2798227696404794	0.5176556037065446
2.3742055925432757	0.36743004344534314
1.6891157123834888	0.2667696819639961
2.0633754993342213	0.29384059572834104
1.9361810918774969	0.23447003042702128
1.697427829560586	0.1480886878816595
1.4826129161118509	0.3499444076921147
1.990369241011984	0.3688372258152554
2.0743387483355527	0.20750646515018695
1.8785464713715045	0.20219361872125619
1.404619707057257	0.5892807875388135
1.3536781624500667	0.5465300890084309
0.5897275632490013	0.26812876842538036
2.2155841544607187	0.3895163873752583
1.9447925432756328	0.21011697318659195
0.8132897470039947	0.42902718832684456
0.5445105193075899	0.33953240256663725
0.4164436750998668	0.21752636795478728
0.8729580559254327	0.2556351120334276
2.3772194407456726	0.2811259485171145
0.4905575233022636	0.28165140851550186
0.6440509986684421	0.3583198671755694
1.2130972037283623	0.33057852799993576
1.7875993342210388	0.17151554723202136
0.3294378162450067	0.2802508672301429
0.6002953395472702	0.30330779994845464
1.563309720372836	0.13959640378887747
2.332538881491345	0.1942110795371725
1.426616777629827	0.3219982868936612
2.0219246338215715	0.252725781230107
2.216199600532623	0.24512743681495056
2.2271239680426103	0.3109920119383257
1.7086474034620505	0.27254555971510847
2.16681344873502	0.1745818778761988
0.9306158455392809	0.2562824482692152
1.0257055925432756	0.3745665320688529
2.1772838881491343	0.1914060805977936
2.4724627163781627	0.18087085665108457
1.837742743009321	0.24542855341386985
1.3701039946737683	0.2526528189198446
1.0073881491344874	0.28032648267722193
2.391705459387483	0.29435170469255784
1.8602565912117177	0.1564741838330625
1.0999247669773635	0.30309959523716795
1.7167813581890812	0.19877295574291076
0.7318924101198402	0.3263579563425607
2.2872015978695073	0.2162780655743403
2.360357523302264	0.3474995196137908
0.9152981358189083	0.5384794135817869
1.3101599201065246	0.26890092023814344
1.919196671105193	0.27614251907505216
0.5370069241011983	0.4010778342995754
2.2585990679094543	0.31111032430197544
1.0935503328894807	0.23329931015556737
1.2213540612516645	0.4037714024208917
1.7239913448735023	0.5213994852708124
1.8814684420772307	0.37024563531365395
0.7678729693741676	0.3436526922119943
1.196276964047936	0.2657857471676026
0.9920504660452729	0.331272331995678
1.4320311584553929	0.46672149085704107
1.1903247669773636	0.183120931713454
1.4198384820239678	0.4919790114901552
1.9391472703062584	0.2542093458035726
0.2701252996005326	0.30128416993099516
1.566266311584554	0.34536955432045363
1.2225041278295607	0.584515540438051
0.559457656458056	0.389388882552511
0.574265912117177	0.35327536000003745
1.299970705725699	0.3926282095224661
0.9305070572569907	0.2565367418848215
1.573597603195739	0.40043528851388466
1.8623371504660455	0.22957441095307216
1.1626521970705725	0.36496627572322266
0.7586197070572571	0.28990541730560426
1.3231492676431424	0.30956390445518817
0.21384327563249003	0.2569442024522526
1.372799600532623	0.5310700732260027
2.447839813581891	0.25465885987509124
2.0879637816245005	0.6617825540221421
0.2467790945406125	0.28050192909510907
0.46255805592543275	0.38004113546494966
1.4498218375499337	0.3525653560813095
0.9050689747003994	0.3005835062294522
2.2236992010652465	0.19777889421783648
1.4262175765645806	0.23138495954717167
1.846779360852197	0.18184652837017234
1.4718624500665778	0.3166074665222626
2.1482249001331555	0.25620329317928137
0.4165402130492676	0.24229522738002846
1.9823434087882823	0.2839318023668787
1.0027972037283621	0.5725988195539972
1.5971178428761652	0.19573606199825613
1.1439392809587217	0.29387141410982415
1.4300215712383486	0.21619033105515828
1.7550315579227693	0.2953445138595722
1.8021708388814914	0.13545442957629533
0.3264515312916112	0.29699314440553476
1.6033286284953394	0.21832589499206081
0.8988499334221038	0.3609121713327322
1.3518965379494008	0.26885411839637735
2.041576697736352	0.3873032954495212
1.998445539280959	0.17595668280699903
1.6762398135818908	0.1615483733649132
1.5684002663115846	0.22713977506528157
1.6400583222370175	0.41030745058063317
1.5815623169107855	0.2182665452416589
1.8466928095872173	0.3402594994690432
1.9895380825565911	0.4696444774445803
2.4793689747003995	0.296149632814437
0.5251246338215713	0.2590525980201275
1.3729058588548602	0.5576488522499983
1.091283754993342	0.22202563923215257
1.063169773635153	0.21660724962712424
2.0548553928095874	0.16705549097468314
1.7991475366178427	0.172900246068274
1.6502009320905462	0.2819096869041033
2.44252689747004	0.28147311043809353
1.0646250332889482	0.21542554878597672
0.35513821571238346	0.4142262603914454
1.703949001331558	0.5729067522380829
0.4920203728362184	0.3168809555197335
1.4644872170439414	0.34362426650970446
1.0347737683089213	0.25654225213041104
0.6461047936085219	0.2930296259449127
1.615894274300932	0.1907235932140926
1.1594191744340878	0.43371902992140304
1.6008231691078563	0.5252467390220894
1.017281225033289	0.2505662061853536
1.1221978695073236	0.26705258736105386
1.6148035952063915	0.20371491470130892
1.5673894806924102	0.3821887619438703
0.3360858854860186	0.2726404780905743
1.152961917443409	0.27386910076770515
1.3617324900133156	0.237499826300991
2.5437360852197073	0.4515986236400888
2.0049179760319573	0.3079859923132055
0.9896122503328895	0.329968297608261
0.7329138482023969	0.30806264251342635
1.7633440745672437	0.2668158965990192
1.4859581890812248	0.24515364140131884
0.815320639147803	0.21635183645459213
1.2524717709720374	0.308407755971649
0.677632223701731	0.5619221821822638
2.09770466045273	0.4347694902574309
0.8901001331557923	0.3181463989608451
1.3986928095872169	0.5042228899450812
1.3445575233022635	0.3519764580157713
0.5460424766977363	0.36134149668103843
0.4446608521970705	0.3518549805468516
0.3485547270306258	0.3304823327772931
0.6835251664447403	0.33779899118836204
1.9964246338215714	0.27122837502212577
0.2395270306258322	0.31106370030511066
1.9692065246338215	0.18002742311457634
1.810714913448735	0.3175061524571794
2.0345410119840217	0.3149986103087535
1.212533155792277	0.462732794379113
1.2983862849533956	0.3344088727581962
1.4901487350199736	0.34765385810456795
1.5050611185086553	0.33806325294077055
1.6467308921438082	0.12822041609768703
1.9855521970705725	0.23758243173547292
1.1144006657789614	0.4194744092784487
1.2611332889480693	0.39008614379936135
1.1364439414114513	0.3012419253520192
0.25007310252996	0.2905538052362163
0.7927822902796272	0.2456333368750432
1.9555704394141145	0.16940160471524426
1.5632604527296936	0.22494494942888435
2.087115845539281	0.3151223493742559
1.6205640479360852	0.34205364027000656
1.4075623169107858	0.24356889597943313
1.1232629826897471	0.19831539048299254
1.2475705725699069	0.1894905541692757
1.5109141145139813	0.1705659623054532
1.475088948069241	0.31527369471764916
2.1523841544607194	0.21943422110523544
1.1465660452729693	0.36458455996342054
1.3611017310252997	0.17172778930284144
1.1206118508655125	0.361023844214268
1.1454414114513982	0.2979373498297481
1.1573150466045272	0.19308388454590414
1.674190013315579	0.28301588413474205
0.5547563249001332	0.6331966943625076
1.3123034620505991	0.21682754378308938
1.4297568575233022	0.22814605339709643
1.6178444740346205	0.36416836497517385
1.0399681757656458	0.5477960205396187
0.49725339547270303	0.39456303955415345
1.2072027962716378	0.24447812741795408
1.3002342210386153	0.6000209924540238
1.2313645805592541	0.35268289083604915
1.4763001331557921	0.1864149779603871
1.032555792276964	0.4885612066189055
1.282295739014647	0.3585013538712461
1.4236711051930757	0.3967680782104258
1.87448069241012	0.5694567685304008
2.268680292942743	0.7428915108156718
0.8790773635153128	0.3188562306731999
1.7243005326231693	0.3177467338890934
0.7531765645805591	0.29885659634092093
1.0088299600532624	0.37339874963131586
0.3378922769640479	0.23056788341352488
0.8526611185086552	0.26838479933147796
1.4297344873501996	0.20205286238203723
1.2137280958721706	0.4727875972218255
0.5443223701731026	0.35035061932815714
0.7185229027962716	0.42139148054383974
0.3135814913448735	0.28607782221478717
2.325443941411451	0.23070597467536472
0.2975735019973369	0.2317757528390625
0.5144205059920106	0.27519494923689336
2.6290231691078563	0.27744155871907644
1.7364577896138482	0.2547215063976323
0.48988082556591217	0.2564108157299268
1.5997491344873505	0.4106953617735902
0.5758640479360851	0.5073655913782876
1.7085766977363512	0.2630448280190098
1.5109046604527299	0.31633479999940517
0.2756194407456724	0.3047691021752356
1.012417310252996	0.4036026103448614
2.0894624500665775	0.1849430357510804
1.4366716378162452	0.16118692395861497
0.9648756324900134	0.347048374706252
1.3393893475366179	0.4086030671907438
1.6927487350199732	0.2959201936902687
0.9547462050599201	0.4840001200419738
2.162790013315579	0.3824283279066626
1.7649225033288947	0.4145798953479968
0.9447194407456724	0.43684879700680396
0.38306697736351536	0.31459821953576184
0.23840079893475363	0.2249000077842574
0.3005833555259653	0.35276801380016215
1.0607715046604527	0.3342632570996556
2.0140814913448737	0.30440842910147686
1.6396824234354197	0.33382035603576865
0.5786878828229028	0.30263827168474106
1.9981342210386153	0.15198771470132785
1.8360504660452728	0.197407914979585
2.1722276964047933	0.2064115815965683
0.523682689747004	0.44968203276593
1.2312844207723035	0.18598310751764927
1.2756866844207724	0.32027529587673015
1.7152873501997339	0.25106609601261015
1.8392142476697737	0.28664901906319756
1.2556617842876165	0.4013900367333835
1.6371098535286284	0.13931882482102875
1.094322103861518	0.21446524235222422
2.0718800266311583	0.3486810278391499
1.9448459387483357	0.22339446170274296
0.21608548601864178	0.2756686035872151
1.2995657789613848	0.2346935452892243
1.8464555259653797	0.3294407587433505
1.9004209054593877	0.29486904114732504
0.7200804260985354	0.3933534987722321
1.943964447403462	0.27050699497158326
1.897194673768309	0.15899559725036447
1.560170306258322	0.19080350021993267
1.2618968042609855	0.2332161798440499
1.6069549933422105	0.22620093090769677
1.3132645805592544	0.14379657169678342
0.39518362183755	0.32016636643335594
1.2661367509986685	0.25534621677310226
1.9471334221038614	0.31740154444213814
1.8421439414114513	0.1668265104645727
1.915503462050599	0.3325336741375491
1.098441810918775	0.232643168717491
1.444810119840213	0.2842187225848465
1.8368739014647135	0.21234509512911073
1.0830013315579228	0.3030384883217842
1.3223145139813581	0.3998900847847875
0.6583512649800266	0.4679585008065298
1.603756591211718	0.24644481226535891
1.4726551264980026	0.28237980829992665
1.7840825565912117	0.33669508477034593
1.168770572569907	0.2734961023041662
1.0934296937416779	0.23103478882103154
1.3089998668442078	0.26850333651128433
1.9092327563249	0.27913060813365337
1.3048344873501998	0.18401580273126109
2.081431691078562	0.2959732203169909
0.2521733688415446	0.3739678212823881
1.9574444740346204	0.599698550543569
1.0094704394141145	0.23636864272710492
0.8016850865512649	0.31655527048462967
1.7380362183754992	0.16938723902394393
1.287452330226365	0.31481286994094687
1.388471504660453	0.3993863939904064
1.5236030625832222	0.25474762337482415
1.7880416777629828	0.1738483621721569
1.903363515312916	0.16550985826484466
1.4265936085219706	0.20558093986387482
1.0697403462050599	0.34654714200884795
1.241564447403462	0.23311126407592464
1.831751398135819	0.20104600521545266
1.8436099866844207	0.2775254114997322
1.671182822902796	0.3106884062264569
1.5560513981358188	0.20114085973293394
1.9859145139813583	0.2576956096497438
1.262577363515313	0.2483600475705932
1.3237278295605857	0.20225141566286436
1.880711584553928	0.4831970572662374
1.8340647137150465	0.16944903626762992
0.5874117177097204	0.42755068254845374
0.9594352862849533	0.302851608103996
1.941274034620506	0.43141343890118605
0.6320195739014647	0.327425895097874
0.9426451398135819	0.32966390878591145
1.079124101198402	0.30909204863974526
1.1636021304926765	0.4058575772584485
0.8586672436750998	0.572943658170977
1.31382982689747	0.38011868756173833
1.2065717709720374	0.4350765713428892
1.8637173102529958	0.15266978523006014
1.0452677762982692	0.21930922322843108
1.0554094540612515	0.2788155993828584
1.0271327563249002	0.2847809039266342
1.5238794940079894	0.18654567638991426
1.6208902796271636	0.2109958302231578
1.5137374167776299	0.2182417242978194
1.7660556591211718	0.29545228884647146
0.2562641810918775	0.24137945161594007
0.6805190412782955	0.2679118822326184
2.6756347536617846	0.22853328877532905
2.3756386151797604	0.23232555656786225
2.773053262316911	0.19949552411141738
2.8710993342210385	0.180422896212166
2.6308459387483354	0.4942972826433968
2.775413049267643	0.2579513944659865
2.586332623169108	0.24176761556171514
2.886184687083888	0.2565497870866323
2.697007323568575	0.33594398653670465
2.9659840213049264	0.19339762014660292
1.1965295605858854	0.3157127150755775
2.8016988015978694	0.327847689801658
2.593749667110519	0.2174632958834212
2.577519041278296	0.18733411501756358
2.554338348868176	0.2647459646019924
2.5272089214380826	0.3601592646488753
2.755158988015979	0.33936811376476456
2.6371968042609857	0.34353103177159056
2.4852444740346207	0.2924569416326857
2.3752794940079895	0.19444214158384496
2.3526226364846874	0.35119771760520435
3.1274539280958717	0.1722028159123382
2.979333821571238	0.15747803702437171
2.9259398135818913	0.2292522635561919
3.087829161118509	0.28171164496215917
3.260387483355525	0.2842419289927649
2.4090828229027963	0.19309996875705415
2.4491804260985357	0.19253163795646488
0.35753089214380823	0.29220076786247007
1.086499600532623	0.31590594074077355
1.601017842876165	0.16162020669744048
1.0588185086551265	0.20028835475443718
1.1762310252996007	0.33443113336758384
1.4650075898801596	0.3156170414281582
1.4315990679094541	0.28309917834466447
2.752519174434088	0.32399679948586135
2.7905002663115845	0.42515613831156623
2.580147137150466	0.19510337111703507
2.006813049267643	0.46363100437581994
2.747677496671105	0.2067267522748733
2.4829890812250333	0.33282110690532507
2.7121925432756324	0.26465580581248566
2.813132623169108	0.17743127163150463
1.8049003994673767	0.3141396148472073
2.8927488681757656	0.22430990462074854
2.9196151797603194	0.19669735459209817
1.6931270306258321	0.3695690059355269
3.001331158455393	0.19996070250042525
3.0952838881491345	0.19350003910391814
2.6235027962716377	0.3211245476115647
3.177029960053262	0.1635553138450388
1.7060256990679095	0.5322168664758714
1.9447504660452728	0.21470618488687654
1.876958588548602	0.27871135478082004
1.6386234354194409	0.32285134667106324
1.43803741677763	0.3219996044993241
2.0035882822902797	0.13103009319268136
3.0098673768308917	0.1761117527075375
2.8348190412782954	0.1851056452149035
3.2082055925432758	0.3374435850201533
1.53253568575233	0.33799789767549104
0.971228894806924	0.19087391981695281
1.2800556591211716	0.2628154109971259
1.3738548601864182	0.25991242097594525
2.354161118508655	0.7401907463023738
1.8610999999999998	0.1534273607280441
1.9567896138482024	0.3089527887414018
1.3691045272969378	0.3975361790009265
1.1543814913448733	0.38975065205325615
2.63778362183755	0.48373628396214274
2.0060996005326235	0.19129296627923795
0.3983037283621837	0.22513137425035107
2.136231158455393	0.22366384584893528
1.6958231691078562	0.19012759797338347
2.2366009320905462	0.29951317897541135
1.5318925432756327	0.4933206379714162
2.1673624500665776	0.30542081262482745
1.0843512649800267	0.18804397195305284
1.2748878828229029	0.42491265827629443
0.26542796271637814	0.3192904387096104
1.3224213049267644	0.20405582980300457
1.6323693741677763	0.35368907109040854
1.759100399467377	0.35545582024537425
1.4697284953395473	0.36127635723713625
1.6826155792276962	0.25033697642965197
1.5605673768308923	0.4218281507627743
2.098742876165113	0.4003182723454158
1.298011984021305	0.28802019124031725
1.9996613848202396	0.288339274889186
1.8410179760319574	0.2675128150976002
1.9313078561917443	0.1944936020281681
2.0484209054593876	0.27434668902929604
0.9549605858854859	0.3045586737288318
0.366776964047936	0.26163328986226475
0.17539094540612518	0.2735796113618505
2.054890013315579	0.5568660078981866
2.159449001331558	0.2418677748859838
0.3242769640479361	0.2983744537251634
0.8466593874833555	0.42420678259063294
1.0274127829560586	0.2977285702911653
1.0514509986684422	0.3212948256700247
1.584066711051931	0.769654289424844
2.1134888149134485	0.2715248417030099
0.23310932090545938	0.25186810535743326
1.4382182423435421	0.13121341587695365
1.4444737683089215	0.3744058736629761
1.6178133155792278	0.563553596588194
1.0215411451398135	0.5298045344638929
1.7215728362183755	0.35642247898121454
1.8623274300932091	0.16984706285432136
1.4754307589880158	0.20196033940940983
0.6397181091877496	0.22357508279790322
1.245244740346205	0.3006687778552946
0.296238482023968	0.2428725644867808
2.3396472703062585	0.21045245283120037
1.6844946737683089	0.19188767679101862
1.4706011984021303	0.5174575795847125
0.9398153129161118	0.2806617788484806
1.8187222370173104	0.16039932649360764
3.047987483355526	0.8063488520412286
1.465860452729694	0.4457828311975172
1.6854390146471372	0.3166581071756115
1.7829507323568576	0.535552912064378
1.5240872170439415	0.4713314038974893
2.4084712383488682	0.9397513931799655
0.5848886817576564	0.340851243689424
1.0992922769640479	0.320130281891238
1.7805252996005327	0.19662310069633274
1.866629693741678	0.30638858230350474
1.8943853528628496	0.2704866878562272
2.2363716378162453	0.3103277111218512
1.1719760319573902	0.32135700364710107
1.4805633821571238	0.1942662161751662
1.392606258322237	0.4636170021557277
0.8638789613848203	0.7419203121611669
1.6550553928095872	0.2853163628179953
1.5854010652463382	0.39983148763888066
1.1804238348868175	0.24907518542362989
0.4998656458055925	0.38515082036216436
1.083591877496671	0.25602528586957485
2.517340878828229	0.15365036171500895
0.9139031957390146	0.35904122446958026
1.748571637816245	0.33132359750877854
2.0285671105193077	0.3089724494365563
2.064304793608522	0.1735472537129171
1.699346071904128	0.605937485718687
0.7615378162450066	0.36625243291370035
0.9471130492676431	0.37154189146493083
0.9938774966711051	0.3291833395513925
0.884674567243675	0.36804242128748726
0.4297957390146472	0.30673821840289345
1.9884571238348865	0.2276287171880233
2.0495303595206393	0.22386849427011432
1.72516258322237	0.20614174605231567
0.2685600532623169	0.5137487641107245
0.7976459387483356	0.5453209356727226
1.670758055925433	0.32105835299880997
2.304079760319574	0.45702879703732086
1.048537017310253	0.2587590853970626
1.908054327563249	0.23432192612833858
2.2953772303595206	0.21784997250437893
0.28456031957390143	0.22443340080041105
1.97789533954727	0.2545540798445337
1.781169773635153	0.28463818887679015
1.5831980026631158	0.3030549533934458
1.4577199733688415	0.25929213169920484
2.025310119840213	0.38938907122875926
1.884847669773635	0.2503389584790715
2.29541344873502	0.1585057217488406
1.1349948069241012	0.7008659933625875
1.5987595206391478	0.23356248299178572
0.9565239680426099	0.23106254342234536
0.8108013315579229	0.3726771882689046
0.268217310252996	0.2911210844743499
0.3848600532623169	0.28061063788697804
1.2404151797603196	0.28955388544994887
1.3864532623169108	0.26305341275501515
1.1003323568575234	0.3164423811967689
0.8291696404793609	0.3112952429222926
0.8993190412782956	0.411997375784614
0.26378229027962713	0.20126912362749513
2.1108219707057256	0.7391584691660676
0.9299737683089214	0.5998247474782928
0.359676431424767	0.355308079468135
0.8537275632490013	0.4739739675516987
0.9609039946737682	0.27722245983032373
0.8411406125166445	0.32540234276280744
1.7690416777629825	0.1807376524007129
0.300765379494008	0.2580327732357606
2.364572037283622	0.435376638563862
0.26228934753661787	0.34259638008426857
2.1754315579227694	0.3838747053101229
1.3733312916111853	0.40941466842949
0.2562785619174434	0.2664904123477955
1.4488335552596538	0.2992664681860786
0.6845732356857522	0.39046113809473204
1.7037179760319576	0.16487106372221366
1.839598668442077	0.20136558944055857
1.4910705725699067	0.19804283931664615
1.401528362183755	0.2243278849835787
1.700935952063915	0.23186056220349033
2.461737949400799	0.3347709178945589
1.0588194407456726	0.26761779778998546
1.8999332889480696	0.1643898222077867
1.7723054593874834	0.16573245379777884
2.248882689747004	0.21816965782122524
0.6584760319573901	0.3699354734617914
1.7095862849533956	0.21081260902394347
2.148260452729694	0.45757551575352595
1.810190945406125	0.3228134449042621
0.8407869507323569	0.35521222184223167
0.6706094540612517	0.33835899151785553
0.9971905459387485	0.29916348024664347
0.2993278295605859	0.36051942614646665
1.932260186418109	0.3132358101001965
1.9135330226364846	0.22271453087984952
1.9321892143808257	0.16670676593678846
0.4533294274300932	0.3857872141738824
2.096164181091878	0.2922525788346691
0.8225854860186418	0.38966800074079516
0.956158189081225	0.23844614152111537
1.65282809587217	0.23142199727296248
0.9493507323568575	0.2843459014309546
1.7296561917443407	0.34205726482815063
1.9343841544607192	0.21751383451245507
2.0713054593874833	0.335613915855904
1.751833155792277	0.23250745968137104
2.1653452729693745	0.11607465755333457
1.9901950732356855	0.43204948592105563
2.188283488681758	0.3013256256004262
1.2079857523302264	0.6062106591543653
2.656697869507324	0.34965996047328235
1.350118242343542	0.3842371729284226
1.718152463382157	0.43371038535652123
1.8221026631158457	0.2332653166010606
1.6337315579227698	0.12439124963378936
1.6007255659121171	0.33304086246398
0.22203022636484682	0.25271579291600105
1.351427430093209	0.39099087997329346
1.0098042609853528	0.6467269590039395
1.3455141145139813	0.44773040417281684
2.1797430093209056	0.7288770668384219
1.2907786950732358	0.5104680570898465
1.6498844207723036	0.594857930277484
0.7084981358189081	0.26903288533559894
1.1922431424766977	0.39622795783507186
2.068128495339547	0.24657332709106225
0.9994640479360852	0.45420267769190403
1.449040745672437	0.33650553338527933
1.1399695073235685	0.47813390306128134
0.8943973368841543	0.4177242880718152
1.4580877496671107	0.2695573535025392
1.112882689747004	0.22001149181633056
0.5718685752330226	0.2413177850745974
0.7450628495339547	0.3404917821422334
0.987453395472703	0.3181144780268287
1.5566640479360851	0.518108735752424
1.5230026631158458	0.31945474200577834
2.23718655126498	0.4915028733990044
1.2180585885486017	0.25587249857842637
1.915948468708389	0.22804657038267637
1.3841326231691078	0.2518561037675479
0.5431123834886817	0.2930871032412201
1.9114153129161118	0.1340504112198256
1.4157533954727028	0.23457973869606283
1.3050657789613846	0.2007712540979485
2.860015579227696	0.3744808605928527
2.1483834886817577	0.3146920340036045
1.3385667110519308	0.4704643141364361
2.070005326231691	0.13649173106112575
1.2507580559254328	0.5336421786851683
0.24907150466045272	0.3100340281358324
2.2464117177097203	0.9796407181004838
0.2775177097203728	0.32508207615559304
1.321447137150466	0.4317431308857584
2.080963914780293	0.6148973282403206
1.9619039946737684	0.47313195338116226
2.211464846870839	0.4990618051058631
0.27903834886817575	0.2392585591013742
1.8501099866844206	0.3357242470937782
2.641704527296937	0.48888354322309086
0.49592929427430094	0.2884815185506821
1.3986881491344874	0.3476487758895938
1.137785619174434	0.20985044628617647
0.9173989347536619	0.5061523155896468
1.8410487350199733	0.38390724886889743
1.3749335552596538	0.4145852289736082
1.0597157123834886	0.3502630677228821
0.9114776298268974	0.46121885141478586
1.685236085219707	0.25295896477289637
1.9335861517976032	0.2837710981755517
2.23385552596538	0.2345940636358163
1.821621704394141	0.128622705905005
1.5879282290279628	0.3481250339791947
1.652425033288948	0.1252423874666285
1.3338733688415445	0.3139012881966671
0.8549588548601865	0.3032907169030085
2.3525161118508655	0.12677420093496364
2.1232794940079893	0.10881412696263955
2.864836617842876	0.27553624043119596
2.304597736351531	0.17655012621193014
2.238275233022636	0.1734259107623405
1.3209386151797604	0.29818165724815143
0.6021055925432757	0.2956346920674399
1.1064288948069243	0.20294823116072866
1.1064507323568575	0.21840677717440146
1.4135324900133157	0.16046962597900713
1.2489101198402128	0.24342563284464902
1.0399868175765645	0.21510731691167573
0.7665884154460719	0.43969869048520027
2.0804916111850864	0.9199567630356661
1.744029427430093	0.13314919057309874
1.6515790945406126	0.23130128161888985
1.1754018641810917	0.39175256348260606
1.200942743009321	0.42892615164599696
0.4675532623169108	0.3064402985964334
1.7893921438082556	0.5905382389109474
2.1339275632490016	0.28997603656775317
1.2008022636484688	0.2853157527311225
1.3684499334221039	0.6149761200450752
0.9339350199733688	0.3193350236802009
0.8030692410119841	0.29631676558237957
1.481918641810919	0.20460279475248008
2.09968655126498	0.1651665182995657
0.7032656458055926	0.3581098755980924
0.6540886817576566	0.4081479671731603
1.3659916111850865	0.3016941516525395
1.6604797603195738	0.1632673751307948
1.9587280958721707	0.27660664335725976
1.4191507323568577	0.2268270195554219
0.27357816245006655	0.2862867185105836
1.5518420772303594	0.2999132151667165
0.8827193075898803	0.28379924467543743
0.8357370173102531	0.29604504594557873
0.22125938748335552	0.2872959460224881
1.7274599201065246	0.4986437068384941
1.160111051930759	0.3011023449397027
1.7505720372836218	0.17465298244807215
1.3982737683089212	0.26686175316801963
0.8648962716378162	0.3487034495075763
1.669513848202397	0.27093578677225294
0.2093041278295606	0.2646198098742819
0.5854363515312916	0.3917125002086496
2.160449933422104	0.21120551523049105
1.2703929427430094	0.24358648270662625
1.7575498002663117	0.28746204769466
1.1626772303595208	0.27710050112529033
0.886327430093209	0.5231931152186261
1.2152174434087883	0.320774268938721
1.2605006657789612	0.4140337709031617
0.35171877496671106	0.2720343941334904
0.2133316910785619	0.2686939786240189
0.2596704394141145	0.2645411433337322
0.543621171770972	0.24547681754879952
0.5450256990679094	0.32148904981840326
1.8064695073235688	0.5021279668989777
1.692318242343542	0.2857202798117632
1.979618641810919	0.2082525766573856
0.9284719041278294	0.37469581000618074
1.4416102529960053	0.20398444188555354
1.6117396804260984	0.15019167379782902
1.2962070572569906	0.29346630443886973
0.7646744340878828	0.2524799797975697
1.1912816245006657	0.3398864126986758
0.9347747003994674	0.3074167492760106
2.1918388814913445	0.2810940053548256
0.9104789613848203	0.28009810091336357
1.7221885486018644	0.3813637072477527
0.31974367509986684	0.4101400527374314
1.6339715046604526	0.2600462272491648
1.4166928095872169	0.21947467440372903
1.9238717709720377	0.17774504580151734
1.3607901464713716	0.1428665734139601
1.5890314247669772	0.1916646327553287
0.6160416777629827	0.5255609652137794
2.2974950732356856	0.3187182333441352
1.8677271637816248	0.46083397535774184
1.4950925432756323	0.21463185282709663
1.546444873501997	0.2087080793688293
1.5427964047936087	0.35180487340066696
1.2792817576564581	0.3241119399435241
0.6281011984021305	0.24490035547764688
1.709248601864181	0.3451552486835225
1.037603328894807	0.2779544853526685
1.4889455392809587	0.26399816638429474
2.096686950732357	0.4415481233521911
0.47982583222370173	0.31268739965861453
1.6042940079893477	0.28160127321199224
1.2054888149134486	0.19225654972850476
0.28556151797603196	0.23876082645085647
2.1839669773635153	0.4637330650355243
2.1500021304926764	0.1764439676228904
1.841913981358189	0.26752594493987497
1.6650198402130494	0.19219007262036888
2.212617842876165	0.19926914933335574
1.1891454061251663	0.23011117524269165
0.662822103861518	0.2873243301042825
1.7592696404793606	0.30219813107160837
0.8121284953395472	0.5066166644784759
0.24445672436751	0.26176019779534115
0.9356772303595208	0.4412891428727455
0.32469800266311577	0.28164648745808163
1.488490279627164	0.7020086990965606
1.1033822902796273	0.2383678331503084
0.5149685752330226	0.27562294720469044
1.2050640479360855	0.25413280383114967
1.9011270306258323	0.7821623212815829
1.4246262316910785	0.26607378463968273
1.7488918774966713	0.2746757001755241
1.985058055925433	0.17373695848616524
1.4460017310252997	0.29657380115404375
1.5744073235685752	0.1726765877423882
0.4479728362183756	0.32914931358523847
1.4730065246338218	0.5179034316851975
0.6262676431424767	0.3893637802541552
1.9724431424766975	0.3104102038433095
1.5274584553928097	0.31303302107291325
1.5834531291611187	0.33299676623819513
1.102100932090546	0.4893313937696606
1.1920832223701732	0.27502769972734153
1.5839151797603197	0.44971426929099
0.40049507323568573	0.26709756614872254
1.3324608521970707	0.3182345651676598
1.4706596537949401	0.3395119325839042
1.4883727030625833	0.5325365654011295
2.046887350199734	0.2907952266595377
1.6645700399467376	0.4342979900663034
0.2526862849533955	0.3338015396426789
0.40230758988015974	0.2625099155231784
1.2966886817576564	0.3732803903483748
0.8397621837549935	0.3014305420807466
0.2702611185086551	0.3980594702015321
1.1341138482023967	0.30851406344743043
0.5850715046604527	0.34933778374337354
0.868805326231691	0.30087111258766674
0.2891444740346205	0.2497911490197058
1.2555006657789616	0.2870833743840962
2.0511183754993345	0.48426486277531955
1.9104302263648472	0.5176750296823994
1.3052703062583222	0.28777295373246287
0.8924070572569907	0.23047483738845853
1.7330872170439413	0.34358875392046423
0.5781280958721704	0.27654230593817763
1.6623454061251661	0.34316645288114067
1.7097824234354195	0.2051971599333825
0.6915187749667111	0.33660769637470517
0.3998657789613848	0.25012740798852157
2.080352862849534	0.20450428757594277
1.2985243675099867	0.2712569599616986
1.1364479360852198	0.22631799186354226
1.708362450066578	0.22479917986156875
2.7251695073235687	0.6573452007368081
0.9493965379494008	0.2463882286468057
0.6317446071904128	0.2214289085436386
1.3180343541944075	0.5167428847498817
1.0672046604527294	0.28907634120336884
1.9388857523302263	0.21940422883168775
2.023788015978695	0.26775929536778104
0.800986950732357	0.4060902048849306
0.8975659121171771	0.27926253312356725
0.7897233022636484	0.30487356590565506
1.51905672436751	0.24309830477335231
0.3300226364846871	0.31474844996901225
1.8542163781624503	0.46076294260609335
0.49034966711051925	0.41398336393596147
1.5137264980026632	0.22018809203894746
1.4048042609853528	0.21520315551658176
1.325133155792277	0.4611414830714632
3.28693568575233	0.3341156488738581
0.5470675099866844	0.5303765591260274
1.834818641810919	0.38015361331843317
1.1839909454061253	0.4157052329039012
0.8591234354194407	0.47062743663245327
0.6525054593874834	0.3178898005333156
2.467148868175766	0.7781647926174923
1.423375632490013	0.7645922817003746
1.963937017310253	0.35990532493606603
0.7580069241011984	0.5274104061260132
0.9739529960053261	0.3234468966940899
1.0562589880159787	0.5230739187436273
2.0385334221038613	0.3583452091715826
0.27461810918774965	0.23329093662236403
0.9341592543275632	0.34522192093104614
1.022588015978695	0.25099196530432727
1.0794721704394141	0.4099555667657004
2.0423230359520637	0.17598820015324834
1.8519179760319573	0.2964019959539591
0.6384272969374168	0.33560436203481425
1.6102111850865515	0.18906416113415012
0.18853475366178432	0.3087098690134005
1.1215752330226365	0.2715443747453404
1.249442876165113	0.34846525788268806
1.191596138482024	0.33697822508212033
1.2137641810918773	0.21857490248874537
1.559129427430093	0.2123260496133541
1.7675459387483357	0.2475956778444135
0.6513338215712383	0.288099658377155
0.7518974700399467	0.3592455953381998
0.760665912117177	0.36546301564188977
2.0157468708388815	0.2035848637248804
1.6999119840213046	0.23765250973290522
0.7044504660452731	0.2896613461311775
0.9989777629826898	0.39112672725834186
1.7150121171770971	0.6673773465908583
1.5721649800266313	0.27886735371977844
1.1153342210386152	0.4852402759665898
1.2174733688415447	0.29806780944018396
2.047453262316911	0.31855837407883153
0.8905782956058589	0.629299262200756
1.0998490013315578	0.45883168597456553
1.4473757656458053	0.23557155979772323
1.4596245006657789	0.2772811213406251
1.917747536617843	0.15902419094647857
1.671707190412783	0.2582987227507384
1.2955256990679094	0.2671364402355876
0.43925645805592545	0.3025937649931906
1.7224090545938748	0.36646386276723925
2.3589938748335553	0.29992706643814154
1.4797948069241014	0.2512176961359613
1.6945271637816244	0.18222912504808542
0.8902439414114515	0.2737512759394434
2.125933688415446	0.30572195116098855
1.4915312916111851	0.2811043977178368
1.1002627163781624	0.42701898584144093
1.4866359520639147	0.24869746761583172
1.1531888149134488	0.3039413372118139
1.8762175765645808	0.3529293687386021
1.538038348868176	0.3530665876012101
1.4936977363515311	0.3111008616724774
2.364736218375499	0.24118907792725275
0.2657878828229028	0.23062863786075996
0.9457302263648468	0.35347779120238604
1.161681757656458	0.37691311681862877
1.2229187749667112	0.43003513089276946
1.6285551264980025	0.24133215900301924
1.0570608521970706	0.375667928108226
1.34514327563249	0.21678687203689068
1.864181757656458	0.24731645679245184
1.3425624500665778	0.377815739407713
0.7544034620505993	0.3564236914369958
0.7041865512649801	0.34051281756636964
0.7309809587217044	0.24066598203817485
0.47232090545938743	0.2585478339221029
0.4738018641810919	0.4641696799886429
1.7660980026631157	0.3779361370801385
0.9704103861517975	0.3259663776519055
1.2237559254327564	0.512416333505336
2.5410968042609854	0.41515823690196757
0.8154041278295606	0.3237589677687051
1.0853125166444741	0.8000109611618784
0.8853768308921438	0.5121446678378584
1.570823568575233	0.40460625855823784
0.9789944074567243	0.28657188973223136
1.100284687083888	0.22829714703009144
1.1537683089214381	0.46195260486563655
1.3073066577896137	0.4138221265781799
0.2600179760319574	0.2500455860098063
1.780235286284953	0.6180469025579983
1.3913810918774967	0.2374146962413049
1.4790603195739016	0.3185749946042767
0.4790402130492676	0.43886009036540774
1.75744327563249	0.3983728512752992
0.8357998668442077	0.236043677010647
0.7092380825565912	0.3429219709354469
1.1561279627163783	0.32121425994081404
1.4396074567243675	0.25709349177482593
0.2784463382157124	0.2418047337781805
1.091984154460719	0.5362466178246842
1.6568174434087886	0.3127933314576617
1.4231078561917443	0.37596563301528835
0.9338037283621838	0.4969651259570676
0.678359121171771	0.42461600284672335
1.3702494007989348	0.33200063517103173
0.27660412782956056	0.304453097927778
1.2002458055925433	0.29736789738838193
1.521650066577896	0.46200642209596865
0.22265952063914785	0.2593413496116885
1.7695073235685754	0.36152286943722617
0.7406411451398134	0.7199428621900461
2.1763352862849534	0.3006199184785276
1.4560023968042608	0.22157288988848858
1.9147274300932093	0.22452681426981477
1.258658588548602	0.2700528864269277
1.6550051930758987	0.260919493146432
1.576229161118509	0.23537185863942225
0.7150371504660452	0.4109518696138886
0.7771655126498003	0.24705636800214162
1.2222679094540612	0.30994476187691444
0.37781997336884154	0.2360814980937932
1.2927157123834887	0.16129890141802047
1.763733555259654	0.3009728403776935
1.4510873501997337	0.2934845934020218
2.291961651131824	0.3309173094895114
2.184688814913449	0.22460568432288952
2.245602396804261	0.23634817428586857
1.2364356857523302	0.27986699190975517
1.4288045272969376	0.1502422644778393
1.6705966711051932	0.21282609475052944
2.0898450066577894	0.2599052683581838
2.254272170439414	0.2604319340789427
1.2720607190412783	0.16030120753994317
1.648330758988016	0.18294596664136303
1.7221627163781625	0.44612697901629217
1.9793957390146473	0.3109103429286859
0.9979300932090547	0.45117736849573287
2.0357027962716376	0.38995928136666413
1.9154386151797604	0.3465741426857682
1.837200932090546	0.294552525658782
1.759960719041278	0.3132704609747353
1.136821704394141	0.3453078724644284
1.865155792276964	0.4467322812322217
1.9727103861517976	0.22258620305011345
1.8775500665778961	0.15572851619293973
1.5777233022636483	0.2398085873459512
0.5731908122503327	0.28496755188612044
0.5348181091877496	0.5315194028169234
1.647025033288948	0.24015175969010902
0.3474388814913449	0.4372892659138068
0.6774527296937416	0.5618912062481433
0.6973764314247669	0.29967551891159716
1.3465065246338215	0.2133242471719138
1.4721061251664447	0.30645105571640535
1.50335086551265	0.5247348094123081
0.9062992010652464	0.24932166625000446
1.640812916111851	0.32458597215815693
1.7451905459387484	0.20427079173332902
1.6313790945406126	0.32071954314515777
2.0608242343541945	0.8893245422285573
2.0451484687083887	0.16896114916674884
1.3426339547270307	0.2812938218303761
1.3704368841544607	0.21350230329685235
1.6061589880159788	0.7019889474860587
2.038345938748335	0.33568864157337186
0.8377406125166444	0.2441237884004895
1.2285093209054594	0.26831354195656093
1.2342334221038616	0.1965772459449699
0.7677926764314248	0.6733645472661451
1.1339844207723035	0.4003188793991105
1.2481007989347537	0.24503316724196614
1.6668299600532621	0.17882306900356731
0.9900155792276965	0.2626532736151909
1.1152850865512651	0.258428475768136
0.5013258322237018	0.30947642684612003
2.216868575233023	0.2281143639940723
1.97164327563249	0.17390334920553635
1.6756057256990677	0.2135824383149605
0.7036844207723035	0.45048818039551564
0.2872043941411451	0.20785010294346173
1.5971344873501998	0.2802724983617187
1.5564709720372836	0.3864362807468832
1.3455010652463382	0.4184728437834624
1.653808122503329	0.16165211780553826
2.214582290279627	0.2563418659063046
1.0491601864181093	0.2207520214316138
1.620916245006658	0.35911750392721326
1.952152330226365	0.29933959066114174
1.9206936085219708	0.2020124073305249
1.651494673768309	0.2708679423790282
1.8526142476697736	0.24527933085200834
1.7595153129161119	0.2103335027728196
1.9815724367509984	0.5176305983525188
2.1353407456724365	0.547492525206844
1.5043858854860186	0.20428556548166257
1.8332039946737684	0.12298218337406182
2.096456324900133	0.6984381378238065
1.8471647137150466	0.17163848537066936
1.2452238348868176	0.287383237734388
1.3645267643142476	0.21849982211974733
1.8941006657789612	0.17310333955377613
1.9123936085219706	0.24219821066245945
2.042059920106525	0.22187225455579473
1.0795501997336887	0.6776558480812428
1.2774470039946737	0.3384283952862564
0.5014130492676431	0.2353750756159085
1.3862231691078564	0.23515041013918137
1.4371256990679095	0.23683469757064626
1.416249533954727	0.2603199858182757
0.8052772303595206	0.31081443036109385
0.2501966711051931	0.2622844211007727
1.3251201065246339	0.32249030441229604
1.97464034620506	0.13385851219961914
2.091229161118509	0.24224371324423166
1.3688784287616513	0.3619626925522321
1.881922103861518	0.2052032489661235
1.849106657789614	0.20320814097259496
1.3827070572569906	0.46488365835878764
0.49141065246338217	0.3511887292254604
0.9893941411451398	0.31913899787658956
0.2662684420772304	0.29017075004875637
1.5697435419440744	0.719727502626877
0.9346897470039947	0.23339058862542852
1.190511051930759	0.24957964115952422
1.312747137150466	0.24546663133508495
0.5353238348868176	0.2615830918832391
3.165632623169108	0.4393418082029788
0.9254676431424768	0.7411382206683563
1.5107821571238351	0.3308115127861858
1.5681555259653794	0.6069184583335736
0.8977805592543275	0.2856849596787307
0.7470548601864181	0.46882284222276044
0.2848651131824234	0.3739318746493566
1.5059564580559255	0.22660533353238652
2.5184133155792274	0.7588371517209843
2.1261925432756326	0.2310130009952211
1.714452463382157	0.2683585403318322
1.8600801597869507	0.2995597122293315
0.3398848202396804	0.35261633372669104
0.5077941411451398	0.3317573060017127
1.212614913448735	0.2905510771036383
1.2951809587217045	0.305596416444883
0.23581744340878827	0.26789576739049237
0.6019661784287615	0.3362601335147948
0.6515973368841546	0.47519691601928493
0.5903378162450067	0.379399181175258
0.5379515312916112	0.3934537950118663
0.8833015978695073	0.36877585320115225
2.1287288948069243	0.20178641390059882
1.3705352862849534	0.35219267649689595
1.3755744340878828	0.2695903618601787
1.5268848202396805	0.4374976143544631
1.573971637816245	0.21192205349806217
2.0757814913448738	0.23905446708368097
1.4428439414114516	0.20866551758481638
0.6104443408788283	0.34092682318386647
0.5544114513981359	0.26312175145213856
0.40473861517976034	0.40844276444129496
0.5768890812250332	0.28047277650924396
1.9134147802929429	0.277058492879421
3.3226528628495346	0.5674658562572461
2.489507723035952	0.3329229904500162
1.575153395472703	0.21043374408806406
0.530528362183755	0.3551059691914141
0.7830733688415449	0.3682920546701014
0.1794560585885486	0.32068559659593765
1.0617042609853529	0.32115618130658985
1.28358655126498	0.225738802888171
0.7487166444740346	0.26753171008572096
0.4905366178428762	0.24940806269050803
1.8095892143808254	0.13326557129853137
1.805035153129161	0.2801690082284517
0.9692496671105194	0.5328941507173172
0.7475097203728361	0.39112958631081784
2.0593021304926764	0.17890189143710933
1.7149323568575232	0.5105443722507593
1.1948233022636483	0.32355232235690073
0.8758824234354194	0.2505919616076222
1.5374086551264978	0.25124374734021176
1.980029294274301	0.6931666444740058
1.6479612516644473	0.2271150053365751
1.4941637816245006	0.22614330583382075
1.7894087882822902	0.28591470393358437
1.592634753661784	0.3950736940524677
1.4380258322237018	0.3303790526862561
0.29828322237017313	0.28566821850423724
1.936596138482024	0.7142118216259109
0.3130468708388815	0.3313632151578018
0.6717106524633821	0.28857102247631
0.0910723035952064	0.3677322013856983
0.4762201065246338	0.6044649226147258
1.5236455392809585	0.6749802694187458
1.5181613848202398	0.2600102861843178
1.1862788282290277	0.23217893053299904
0.4548563249001331	0.32483200863138517
1.5279679094540612	0.32628642645081396
0.30377483355525964	0.3116651747697411
1.6238027962716377	0.41051825162706856
1.2141693741677764	0.6918965278617305
0.5070358189081225	0.48861819276836477
1.9197237017310254	0.1538106456800468
1.8168527296937418	0.2192872558428906
1.4635077230359521	0.2584352823179262
2.610231424766978	1.0363291036392674
0.9178005326231691	0.5295761052622148
2.5738288948069243	0.2425696515426258
1.1508387483355527	0.22522041431273568
1.1783568575233023	0.19309871571529713
1.2800599201065246	0.37527238722290457
1.056384553928096	0.30606430831879955
1.1494230359520639	0.26366202908495523
1.1978376830892143	0.28021575562143797
0.6080664447403462	0.301293362608727
1.6921171770972037	0.3281041028415909
0.9527006657789614	0.3389594489839192
1.9175491344873503	0.23987686259892346
0.513995206391478	0.27342801783237763
1.1821440745672438	0.22367731332029078
2.524466311584554	0.19445098409784908
0.8140470039946738	0.419529533138544
0.8904603195739014	0.4658694968471045
0.4507796271637816	0.2667910751643397
1.2377794940079894	0.5008699010673497
1.257596138482024	0.3422364597845487
2.5546960053262318	0.33180457704431665
1.620687483355526	0.2119425023225334
1.183774966711052	0.2541087489326569
1.4266247669773635	0.3266682476057127
0.5325324900133156	0.344000932954878
1.4923977363515313	0.19841774498811215
1.9879283621837551	0.6663092633419512
1.9467681757656456	0.2090968751120532
1.099849933422104	0.3186580037472661
0.6459251664447403	0.3426807099820675
1.6272383488681754	0.19698336961157933
1.8277038615179761	0.3371625776684428
1.5499933422103862	0.4293978255404223
1.9176592543275632	0.24512957684657977
2.123231291611185	0.16968955328345386
1.0401252996005326	0.6209793418102865
1.5259472703062584	0.18043753596012396
1.6922392809587217	0.31747932210093105
1.80591344873502	0.3719590136316025
0.8803033288948069	0.2541465249956159
2.910737683089214	0.28868294903695274
1.6121731025299597	0.30880760418156966
2.391101597869507	0.3017385727453489
0.463152862849534	0.26063459110732834
1.6478625832223701	0.23133539240623144
1.9763747003994674	0.34420173945302307
2.0012512649800267	0.3202521626232125
1.9652929427430093	0.22327752494582642
1.7667665778961383	0.23087305332686686
1.8416713715046604	0.33877384597156257
1.8812929427430094	0.3477420231109249
1.3553651131824234	0.30127759248072067
0.37380306258322243	0.3463097232219698
2.0355805592543277	0.5263064405291182
1.5317559254327564	0.2593831330456249
1.3461974700399466	0.1937611369599077
1.7862143808255657	0.187382318594419
1.3126740346205061	0.34381409231075954
0.2943035952063915	0.2774666331118093
1.4326223701731022	0.4543868800737948
1.7637011984021307	0.4772095334757138
1.4193456724367512	0.27582478769423857
0.9616744340878828	0.3336428260156516
1.414811984021305	0.38005213923636966
1.9827920106524632	0.12755852019623132
2.135865113182424	0.2839084798100902
0.2470296937416778	0.20600315824964344
1.9338123834886816	0.13878124810894243
1.271025432756325	0.2478190486715388
0.23474474034620504	0.22726535554982472
1.6689760319573899	0.3510099090952508
1.305765778961385	0.3474379200226512
1.34854620505992	0.3112486575068977
1.3432018641810919	0.22724006234657032
0.2201749667110519	0.24894119185695512
0.7592118508655128	0.3182970563241465
0.37102636484687085	0.2739022538870187
2.1043182423435423	0.33876190457230265
1.7190985352862849	0.32295867055605626
1.5091439414114514	0.22451963413421602
0.3006663115845539	0.20380938438491894
1.0410419440745673	0.5564469255886131
0.702561517976032	0.4620071613308586
0.33371957390146473	0.3236234670803269
1.4300131824234352	0.37773863504296173
0.5137777629826897	0.31646200395138935
1.961731691078562	0.6719159829003181
1.8464047936085222	0.15474283938802527
2.209179893475366	0.2223931581968555
0.491177896138482	0.34885001709168373
1.1622708388814913	0.23208883352350296
2.188665645805593	0.17603732223534113
1.4779427430093208	0.1863692208188922
0.4960568575233022	0.2876698474317676
0.24396684420772308	0.2598220657772187
1.4612709720372838	0.4737868774627603
1.8501420772303594	0.1862293112410761
1.7268829560585883	0.1994356385000222
1.7405298268974703	0.26222023263273825
0.8893358189081224	0.1773742539022091
0.556649533954727	0.2258530556345502
1.833669241011984	0.29969013655556226
1.6262525965379495	0.17225784204032574
1.7686249001331558	0.2856156399792485
2.633724500665779	0.23256369426402454
1.7689075898801596	0.20398979109052992
1.8152352862849535	0.31799507343811173
2.310330892143808	0.15269388348914426
2.4857996005326233	0.6342852175823708
1.4080406125166447	0.39233527200708895
0.7467789613848201	0.4092229821152905
1.2502545938748335	0.3827249462423807
1.7187684420772305	0.4930428627986557
0.5792494007989347	0.3095508451321222
2.04075086551265	0.2763456223257603
1.6774960053262318	0.1630981673137781
2.113307989347537	0.22087811429440646
2.1837616511318245	0.1869325834440482
1.2702101198402131	0.2001303329763282
1.4273065246338217	0.295972003790902
1.7509747003994673	0.5111069808086187
1.7974218375499336	0.16214108937999583
2.131690945406125	0.29073111210391317
0.5786170439414113	0.37241490446502423
0.7278066577896137	0.24705891092677398
1.6695793608521972	0.13364498069750605
1.226117709720373	0.2272477309699109
1.561887882822903	0.30846829786100316
1.8396529960053263	0.3545145366348627
1.0636459387483355	0.23088768294844395
1.8946189081225033	0.3523680693351158
1.7336901464713717	0.3546182568321513
0.33739161118508654	0.31208057752292845
2.3173270306258327	0.2629152267045918
1.2428560585885486	0.2650727464653549
0.6552820239680426	0.3219815825536606
1.2948800266311586	0.1835855397718319
1.5029844207723035	0.29738821258581194
2.219871637816245	0.20842631260024522
1.1621304926764313	0.2383683228797127
1.547887483355526	0.2018998643127628
1.3120223701731026	0.3817293930080048
1.2606179760319574	0.3860426092392312
1.8145296937416777	0.15056261663640663
2.326701997336884	0.24320513106217975
2.3131525965379494	0.177846225384191
1.913576431424767	0.2228708444504131
1.3518387483355527	0.48332599516932945
2.053148069241012	0.18987931016752266
0.8959969374167776	0.2611950931806961
1.2250258322237018	0.16695462414413384
0.3328422103861518	0.22286065655379425
1.415474966711052	0.22449544400720525
1.03328362183755	0.2094039738059838
1.116699600532623	0.2495912580034496
1.6905279627163783	0.4688284516333908
1.6894691078561916	0.18110249300816186
0.2059984021304927	0.27434831175452856
0.6925856191744341	0.22307647523031468
2.4018011984021306	0.3449611413090045
2.247939946737683	0.25523795117465853
0.6280555259653795	0.35955136076975314
1.4554862849533956	0.3823546501182168
2.025666844207723	0.16126177238757772
0.9009635153129161	0.21720646985383352
0.5402593874833554	0.24560572680152917
1.6398391478029297	0.16128208372712793
1.7773539280958721	0.24989793353481243
1.7681644474034623	0.4759352019540568
1.5700986684420772	0.35858304707467525
1.2916679094540613	0.33642449284048836
0.046792942743009325	0.20620493146006666
1.998424900133156	0.2558533754962392
1.9051993342210387	0.32405310378720953
1.8966338215712382	0.23697309094803326
1.866446471371505	0.2186395322689178
1.6459623169107853	0.21260488268907135
1.2687256990679094	0.3483006167749581
1.297264447403462	0.3207601762689493
1.769980292942743	0.2274375823955505
1.3568282290279627	0.20653497590891123
0.9734960053262316	0.3551068519600019
1.5625272969374169	0.19430546685040312
0.7832275632490013	0.292143059549479
0.46486245006657795	0.3631217612273053
0.3498475366178429	0.36554010975742235
0.8683876165113182	0.2401163402962719
1.9131688415446073	0.43726700693518006
2.540614513981358	0.42525759122818785
0.2802085219707057	0.4315520521586198
2.014280958721704	0.2958072822395999
0.5216644474034621	0.27789530982613414
1.1948632490013316	0.31787226028037674
0.24645725699067908	0.2862471041444631
1.01965965379494	0.4336422145460066
1.1006825565912117	0.3728917574466165
0.5561784287616511	0.24825851526220472
1.8008	0.25694581858519405
1.4620508655126498	0.36582397919069676
2.203463115845539	0.2860266281224269
2.2267492676431426	0.3413089615190007
0.5979707057256991	0.3458049795508904
1.9019043941411449	0.3540896389016428
1.4943420772303595	0.2762211756123532
0.7790651131824234	0.24679395926598421
1.7003539280958722	0.29342781749936314
1.5213316910785621	0.34403014570354057
1.6273699067909455	0.3580488592994869
2.429324101198402	0.7417328489373836
2.1916089214380823	0.5843341192016354
1.6264026631158455	0.7294659686786524
0.25323954727030623	0.24996411128670643
1.8536976031957393	0.8088009989276879
0.9350388814913448	0.26580917718289515
0.28576498002663114	0.24847940698919632
0.23243102529960052	0.26007619058576126
0.23660519307589878	0.28235503075938956
1.1231133155792277	0.27523463924490305
0.46166591211717706	0.3045678136949936
0.5123930758988016	0.34124451597900474
1.0908873501997336	0.3309844479428942
2.0429760319573904	0.24189625343976712
1.658731158455393	0.29442476152817315
1.860591344873502	0.2039003567701658
2.175091078561917	0.2206545094868732
2.370250599201065	0.4632158658176339
1.7922723035952064	0.6835399707915113
1.1449446071904128	0.4321566850964829
0.9392989347536619	0.21095671367716598
1.046738482023968	0.2664924045851162
1.6972696404793608	0.17153984248658816
1.373438881491345	0.2853210203729448
1.0930367509986685	0.33447359592709264
1.359530226364847	0.45191837641314775
1.022628362183755	0.2539620188371315
1.3826584553928094	0.29936299837935787
1.078665912117177	0.30652357778505296
1.5638042609853529	0.258188299420938
1.4296936085219707	0.30195269585105367
1.53392982689747	0.16276558463563776
0.9534956058588548	0.2636808818453311
0.8649	0.23945435265201315
1.136208655126498	0.19897612692533567
1.6313051930758988	0.1975539160836421
1.2796406125166446	0.23226666647616426
1.5814877496671105	0.24441730791657057
1.2425997336884154	0.14370524519515698
1.374971105193076	0.22471174084889986
1.5132057256990679	0.695056061467272
2.256064447403462	0.5350603200072548
2.386795206391478	0.362025016686299
0.5319973368841544	0.29571795563878445
0.876730758988016	0.4558200388335513
1.0988267643142478	0.23959874255263938
1.2657013315579229	0.306762483532706
1.0969025299600532	0.41402657155186245
1.5716993342210386	0.3908062298043422
1.7910083888149138	0.21843528921727226
1.3374041278295605	0.3251904432642782
1.9791946737683088	0.1799022913482491
1.8459197070572568	0.23791244371955814
1.8329299600532623	0.29808529757161895
2.0681475366178432	0.452440329356722
1.6180564580559251	0.16548686821065597
1.539125565912117	0.3102170003547525
1.618717310252996	0.2665135318948081
0.9075584553928097	0.3658573591198008
1.178252862849534	0.2853403189496747
2.1489157123834888	0.25619248239441234
1.260038482023968	0.23914029772186035
2.2236063914780297	0.22452888339763363
1.13757310252996	0.2210228566566708
0.7092209054593875	0.46033620629413746
1.000190945406125	0.2895314154926234
1.0468709720372837	0.20134165260775228
1.7575816245006657	0.2365226416403852
0.4894970705725699	0.28273843811119775
1.8645356857523303	0.3423937467999362
1.0884613848202396	0.19994143616657165
1.1870266311584556	0.5919579188756098
1.7466430093209055	0.1365102951922453
0.2120069241011984	0.2988458013335528
1.6943862849533957	0.2588819483999806
1.5174418109187748	0.20757463139647797
1.6682952063914782	0.3424356732437653
0.9102296937416777	0.3579448106442526
0.6725515312916112	0.30530600360927324
1.9788343541944076	0.2708703094572906
1.6445700399467376	0.23913282097287092
1.5524395472703063	0.17734974359118466
1.9524069241011983	0.29457875587711246
2.0887331557922773	0.1505048644626649
1.800657656458056	0.21049661529637995
1.4389643142476698	0.2011694492918626
1.117496138482024	0.23630348464618026
1.9897070572569906	0.1619933382620214
1.4923235685752332	0.19699966215181958
1.0387816245006658	0.24759509735099322
0.9763472703062583	0.25400187285527415
1.5441414114513983	0.33843697362431285
1.217328761651132	0.1849519923989502
1.7464926764314248	0.282272154490472
1.2170138482023969	0.17374846212417988
1.2127231691078564	0.19864623748158244
1.4904061251664449	0.14889776352849382
0.5069399467376831	0.6027192352497779
1.5718229027962718	0.47695355200173645
0.9484010652463382	0.33633444525765527
0.30433209054593874	0.2620130808492373
0.8803633821571238	0.35734651461664985
0.6456878828229028	0.35502177863042295
0.2615318242343542	0.22483801699746256
1.0727809587217043	0.3133062489685706
0.38815952063914777	0.3381600602142981
0.6077033288948068	0.45648113397452783
1.5966443408788282	0.5555340898612203
1.8561631158455396	0.23721251981785052
2.7355470039946734	0.8869036070303585
1.8445435419440743	0.17478399804789463
0.8115430093209054	0.3006955101559737
2.0322314247669775	0.6636162182599598
0.7225126498002663	0.28627760853334727
1.1344661784287617	0.17957000119026795
1.8338174434087882	0.33030613859730446
1.5362344873501996	0.3092553029335366
1.1307063914780293	0.3997873962114553
0.9091732356857523	0.2372222099639551
2.1649733688415447	0.12751477420146096
1.4918633821571239	0.3459389367216305
0.4495484687083888	0.22982341897445208
1.3646640479360854	0.24415818536299924
1.4076170439414115	0.21965347591863693
0.9988917443408788	0.25569680277981083
1.169967776298269	0.4880779678937142
1.9885972037283621	0.5693613939929053
1.4603009320905456	0.21740890235842947
2.377346604527297	0.16419098468709753
0.8679081225033288	0.3584030892093388
0.8858374167776298	0.19184936153509305
1.0280009320905459	0.20571777536630415
1.0674981358189082	0.29802154645872275
1.0095631158455394	0.2018926265638844
1.7739082556591212	0.2982052135904678
1.3437727030625832	0.22771493617607405
0.2101896138482024	0.3296884389282808
0.8473082556591213	0.3221697663664388
1.6518628495339547	0.25913609037252594
0.5253769640479361	0.23629466988053732
1.5631275632490012	0.4158259718369158
1.532540878828229	0.2158605293143518
1.5480307589880162	0.2313889749656243
1.6661926764314248	0.3561384267027753
0.7565444740346204	0.3315034391865334
1.6631436750998667	0.26477096075865436
1.8812977363515315	0.4692970733669396
0.8664388814913448	0.49182481336023653
1.712752996005326	0.2670748219014422
1.3557660452729694	0.22763990428783287
0.2297556591211718	0.31011691183475265
1.2909954727030626	0.3773031352969868
1.0905260985352865	0.2866167882153958
1.7686786950732358	0.22768740707025734
1.0482748335552596	0.27810332524642967
1.3049740346205059	0.2606074312331638
1.3041107856191745	0.26414979414186257
1.8982173102529958	0.14082091570344304
1.7237474034620506	0.2550508299315726
0.32583555259653796	0.27210372288213763
1.4457355525965379	0.23937285787562498
0.742037549933422	0.29428022882509913
1.035809587217044	0.4684492121125379
1.4082438082556592	0.16869692538622283
0.6881222370173102	0.3407265056258578
1.8451199733688417	0.39077102530966973
0.9211218375499334	0.23139698257416053
0.34629400798934756	0.454523399005731
0.6291532623169108	0.3161498751877577
0.9508151797603197	0.31367036321631336
0.26465765645805595	0.35884543693326154
0.8486672436750999	0.2684799877591556
0.7191075898801598	0.2282388941261495
1.8019118508655125	0.36065215331643413
1.9188820239680426	0.1721585585365854
1.7178920106524633	0.11006870927623454
1.232211051930759	0.3592993321233327
1.7046521970705726	0.43816258012637554
0.5681757656458056	0.3899563357695797
1.9197735019973372	0.12325323742687136
1.6700844207723038	0.3999408436744681
2.049647536617843	0.6374403686300217
1.6472343541944072	0.40195653105082124
0.27718308921438084	0.3969214155054644
1.602776830892144	0.3575560647458819
1.6346086551264978	0.3854233780029963
1.7854866844207726	0.32012926909383266
2.64068189081225	0.6264609168053294
2.226470705725699	0.2984681987077487
2.524768308921438	0.27124683317658355
2.0673609853528627	0.29567692635057996
1.4194758988015979	0.22678644997699235
1.363564047936085	0.27719317051595044
1.9884969374167778	0.3672726133187029
1.2879704394141145	0.2897384877263979
1.4393197070572568	0.2057521292870927
0.4719058588548602	0.23136497787761723
1.1894801597869509	0.3039814464833333
1.8470282290279625	0.2819213074552243
0.937727430093209	0.3569906781801313
1.6618045272969375	0.345911205682211
1.0002607190412782	0.2421331461565284
1.6152973368841546	0.3467232908516622
2.718918242343542	0.8244904217470952
2.386610119840213	0.9160182238337792
1.6118938748335554	0.46151469431103953
1.257495739014647	0.2606090751970335
0.37450958721704397	0.3609914130293427
1.6551601864181091	0.5185152316042005
0.7845415446071904	0.29006129336148184
1.4128672436751	0.21933197844796673
1.275110652463382	0.42237091835196355
1.3347616511318245	0.2186015161054744
1.4786395472703067	0.23276541975363088
1.8967045272969374	0.11950021413330485
1.8068784287616515	0.14376915126544754
1.7561873501997336	0.25648827890726983
1.3571834886817575	0.40746065558841726
0.241940878828229	0.3765423031196386
1.2146693741677763	0.2583163201821452
0.6363161118508656	0.2986511784421456
0.8757183754993343	0.4473949409834678
0.8803268974700401	0.23176903201957422
1.6758840213049266	0.20070478810527426
2.405606657789614	0.5620340018272929
1.3087810918774967	0.2477359147373238
1.5399965379494007	0.15837767428223637
1.7409529960053263	0.12472574425236452
1.4598901464713716	0.3733415067672112
1.1989027962716379	0.3400803872309187
1.81635672436751	0.28030112004923347
0.35615406125166443	0.32227842893861003
1.7858909454061254	0.2930902850277848
1.1731950732356857	0.32288550573839647
0.8487728362183755	0.3373826239566604
0.9333482023968042	0.4520596407500205
1.3400087882822902	0.2790776108757925
0.5985794940079893	0.3789029387889636
0.5567900133155793	0.27450932017750157
1.922520239680426	0.3570748622816293
1.1659649800266312	0.40215514139235103
1.3582210386151796	0.3522979439551601
1.8023262316910786	0.4351325349213174
1.7603752330226365	0.31081879671804696
1.1202081225033291	0.39556900139013584
1.2256135818908123	0.31890074513598826
2.426964447403462	0.6937132908542144
0.526791877496671	0.4237835734166752
1.9134885486018642	0.36993075895379457
1.5236877496671106	0.24293372772899371
1.5340525965379495	0.3582241851236536
1.2867700399467377	0.2587734796873109
0.5594636484687083	0.2502726399304179
1.4758260985352865	0.2059444434297403
1.983942210386152	0.27629856637136063
1.6434470039946736	0.2076539265782875
0.31273675099866843	0.2759208038928358
1.4243260985352861	0.37519204607246615
0.9383358189081225	0.23533997032615958
1.6990613848202398	0.17376890135687306
1.269954327563249	0.4021845877054426
1.2900218375499333	0.31849767741977314
0.9947541944074567	0.437869541072511
2.218266311584554	0.4105889910167895
1.6310505992010653	0.21864795329402834
1.3630681757656458	0.423393611067382
0.32335992010652465	0.2801062334700091
2.9089910785619177	0.3397371352269754
2.1310527296937414	0.3639127218492193
1.737673901464714	0.6286708991399166
0.8103230359520639	0.35952626788442804
2.032537549933422	0.4925108001696452
1.2227414114513981	0.6946679365184271
1.2667607190412782	0.28978341329250773
1.2706097203728361	0.24167921872949846
1.1588599201065246	0.25044653538964234
2.2813675099866844	0.28553907418392055
1.270452330226365	0.36110297558903764
0.5722569906790945	0.3526409559443138
1.5978299600532622	0.16946250776837396
2.3785129161118506	0.24986918314997197
2.5349263648468705	0.3252677441792071
1.9883524633821572	0.13517146842469704
1.2982545938748336	0.35158711205861043
0.7732865512649801	0.6201675931880856
1.7661821571238348	0.26589763566268493
2.83525965379494	0.20882946740041342
0.3764210386151798	0.42530348886405017
0.8067492676431425	0.5207711824753752
1.8772307589880157	0.20165596686929743
1.3744074567243674	0.19838679538604648
1.5923179760319572	0.14530174584854755
1.3053752330226365	0.2635658758095541
1.1817314247669775	0.27413782784023694
2.701929027962717	0.3127970369443403
1.9484011984021303	0.44302651928469156
1.4993494007989345	0.3409765972758063
1.515974434087883	0.21057962810415132
0.710099600532623	0.39440622013924614
2.2573665778961387	0.20496819489922477
0.7981292942743009	0.30029153800427344
0.4683387483355526	0.2405694724090272
0.5636093209054593	0.3668947876971713
0.9786326231691078	0.3722161355613342
1.6812412782956059	0.28543651239872936
2.1307774966711053	0.28590277185257873
1.228500133155792	0.1933067113349131
1.3107355525965378	0.34116632401241
1.6040171770972038	0.7281703081658129
1.6025359520639149	0.3580965525819783
1.6261778961384818	0.15798392236069017
0.6829094540612517	0.48821802406146064
1.0929339547270307	0.3593242131816814
1.485232223701731	0.24271017380603685
1.227558189081225	0.3034912630053054
1.5613631158455392	0.1820367514886902
2.1050656458055927	0.20201460499356996
1.84165965379494	0.3329496987546501
0.5267772303595206	0.3027285396784899
0.26529427430093205	0.28090764560621334
1.5163780292942743	0.34504915589424845
0.9370027962716379	0.23654222990859428
1.1827444740346207	0.39513815628126475
0.25241651131824233	0.23667653586735765
1.4111822902796272	0.6445986505665351
0.5379138482023968	0.3274025905002635
1.9193332889480692	0.27372814297284315
0.5957013315579228	0.512201650872664
1.1551573901464713	0.39475228828111353
1.0446888149134488	0.30955142367012106
1.032051398135819	0.5199125970999467
0.7462901464713715	0.38432254001436655
1.5247458055925434	0.3925867980973503
0.9653998668442078	0.3124168779997384
1.924823568575233	0.3923303967366157
0.2983352862849534	0.34728864316442876
1.7727002663115845	0.1845127111046375
0.8226688415446072	0.22463475645910988
0.43973501997336883	0.2583804124450083
1.3174968042609851	0.36429121790290986
1.249258189081225	0.3580920340588078
1.203920639147803	0.3373474799823722
0.7538989347536618	0.26696600939439424
1.162344740346205	0.20440656178060235
1.7573478029294274	0.6882631950334476
1.9697229027962715	0.279497061781878
1.5906608521970709	0.2190872479685727
1.5424902796271636	0.40895896606402476
1.478327430093209	0.1567607428936531
1.4292744340878827	0.2903985085255103
1.2979724367509986	0.18900479206629206
0.8659728362183756	0.23835327305795884
0.5881227696404794	0.3140087225175378
0.41013555259653794	0.29143494463040165
0.5850149134487349	0.22949813228070517
0.5494017310252995	0.2630522832797338
1.0126772303595206	0.2932102241625411
1.4416656458055925	0.15189162727517486
2.019331691078562	0.28262980983692876
0.9764494007989347	0.28536745568352645
1.0178105193075897	0.215121995509356
1.3913197070572572	0.3470098579326589
1.0594262316910787	0.3965250170570722
0.8307410119840213	0.21848971960333677
0.2636247669773635	0.39687911574654305
0.431355792276964	0.274853718102191
1.2248565912117177	0.39374956556080865
1.5376142476697736	0.19012488340127598
0.44071584553928095	0.23332040662085934
0.9992914780292943	0.41968349885161643
0.3051382157123835	0.26032848857100366
1.0771315579227696	0.3704306460657784
1.6906467376830892	0.28677978660406006
1.0590466045272968	0.4608142807213116
0.39486431424766977	0.30177056862796015
0.28749800266311587	0.20637820867519907
0.6772022636484687	0.3328401310205527
2.228460585885486	0.24500764974427225
1.3232628495339547	0.5662304588310241
1.5693034620505992	0.20177367774800462
1.092465379494008	0.3113244208963171
0.35563768308921434	0.3442827984825606
0.868148069241012	0.2446420917221951
2.1875906790945407	0.26406013189296695
1.1972580559254327	0.2734270985608029
0.4377659121171771	0.2502686212441098
0.7047157123834888	0.37458261276751953
1.7919689747003995	0.7853231210507376
1.4212681757656458	0.4588459720404993
1.3223611185086552	0.2256134369571837
0.9039379494007991	0.31984638982977426
1.0298402130492676	0.3120254708216931
1.7585324900133157	0.2276214562232962
0.353232223701731	0.2677747182501302
1.7559169107856192	0.2608546263831703
2.087324500665779	0.22745874640725686
1.461147003994674	0.38371571247953057
0.9293486018641812	0.29747562658167875
0.9978766977363513	0.7057797140538403
1.2816525965379495	0.3667759687532829
0.8565717709720373	0.43281958995113134
2.377013049267643	0.11986907544966449
0.677125033288948	0.4541552208144716
0.26122543275632487	0.3046274968818537
1.1610050599201065	0.4255098611295299
1.8640781624500664	0.23622761970481712
1.8661078561917446	0.2114630363535736
0.6045856191744341	0.24750386852129289
1.3167720372836218	0.4031685038793955
1.1036968042609854	0.27318098436046406
1.2764378162450067	0.24749233676825802
1.1014727030625833	0.32470076920326013
1.6291154460719042	0.2523513333044627
1.0679802929427429	0.4192062833186254
0.4170464713715047	0.5337818743753387
1.3337786950732355	0.3180217000508361
0.23554593874833551	0.22160031884393863
1.4238448735019973	0.26733229151171417
1.095407190412783	0.2909106116025535
0.7937661784287617	0.37631976359909103
0.8432260985352863	0.249580572764701
0.8905796271637816	0.2566068398881013
1.7169966711051932	0.31710876744168687
1.5468372836218371	0.6964762033496203
0.32938828229027967	0.25277091520797795
2.046787616511318	0.2440013587169215
2.109949533954727	0.7766199821625698
0.5213025299600532	0.6337591386211928
0.38636564580559263	0.4334294611673338
0.7664537949400799	0.8703342988797489
1.2759099866844208	0.41332066982589444
1.21008655126498	0.34325733704172984
1.0664796271637818	0.29329970496941743
0.9995326231691078	0.42359881050898107
1.780178428761651	0.1798305464786193
1.2804324900133157	0.23767734943212573
1.4793230359520637	0.3680085412505977
1.087601464713715	0.3319162821155467
2.690891744340879	0.8352610596542378
0.4167129161118509	0.44041600129954867
1.3534838881491345	0.23657577198903076
1.6448242343541943	0.5393369834123602
1.140572170439414	0.4114201308383813
0.729233688415446	0.40997501388202595
0.3996774966711052	0.2889114812203738
0.7897616511318244	0.33640091221005297
0.6737001331557922	0.35137453378978334
1.05580292942743	0.3507783924416313
0.8825857523302264	0.36944981330441307
0.2267636484687084	0.237060710022747
0.6220946737683088	0.26898928950381973
1.8809183754993342	0.4503900283809624
1.770655792276964	0.8075276305515904
0.5276266311584554	0.31918581860848405
0.30687003994673767	0.304254657765775
1.9036741677762987	0.26251135920855273
1.3709167776298268	0.17185468100391837
0.3194721704394141	0.347380591614695
0.33975352862849534	0.26832221023648156
1.2274484687083886	0.5885338146329092
1.6529516644474036	0.32572436378888164
1.6144170439414116	0.37297194434357506
1.2221372836218376	0.3328181729809681
2.0251752330226367	0.21748525498891988
2.119173901464714	0.1908914227275033
0.472593741677763	0.6115414404134772
1.6405672436751	1.1452781833115335
2.9749491344873493	0.7912359778172754
2.728813049267643	0.9192183760921896
2.72927310252996	0.72159973036378
2.855798135818908	0.8681954760327395
0.9939897470039947	0.4943590769391547
3.076849400798935	0.8430008762667205
1.546169640479361	0.7491667380820325
3.343400266311585	0.9419862462066732
1.8373685752330227	0.2848657107836257
1.5317973368841544	0.22524931999458067
2.0280392809587218	0.09449472069185019
2.2357094540612517	0.21846490271637772
2.0125516644474035	0.16409612344675378
2.08407896138482	0.2512423445517469
1.5559998668442074	0.22965485354687962
2.1151512649800264	0.36205978597956207
1.9368131824234351	0.42215733976796543
0.20946018641810918	0.254377044820328
1.9183548601864182	0.31956668969215074
1.1790482023968043	0.33832350369022846
1.2859611185086552	0.22271308510094406
1.90548362183755	0.19816973043828404
1.9705608521970706	0.2793716220040335
1.583297736351531	0.22371663801046507
1.0036808255659122	0.2432232815041151
1.6419042609853527	0.25767169830944486
1.4481592543275634	0.32990124885927813
1.5226536617842876	0.33831922957729005
0.8888782956058588	0.33973007158562185
2.159302663115845	0.42818508774486247
2.3659595206391475	0.2375148373511726
1.5727447403462052	0.1870830772284125
0.3144704394141145	0.24938164070632418
1.8832171770972037	0.1716995285581117
1.726980292942743	0.22497450119853146
1.345890412782956	0.19099022190018194
2.3156964047936084	0.25789332562874157
1.7161560585885487	0.20304226295490824
1.221963914780293	0.22760534761681026
0.8143842876165113	0.3053628823649389
1.6471588548601863	0.20984650016931225
0.4949011984021305	0.3516601763999932
1.839929427430093	0.17369365129504527
0.9460045272969374	0.4572508309774517
1.348778828229028	0.25292943699319553
1.4125404793608523	0.2793478290109645
0.7247969374167776	0.46984315515217445
1.2008147802929428	0.17995942139859802
2.953118508655127	0.29714488168124387
1.0678789613848203	0.19108167859041134
3.4280158455392815	0.524757691062721
3.7424976031957393	0.7424857589058597
3.300741810918775	0.32233780290859093
2.507692676431425	0.5752887540695385
1.6475900133155792	0.35052374401739633
0.1780866844207723	0.2812118102892031
1.5282857523302265	0.3633379834576925
2.3214608521970703	0.2926306252512876
1.3371568575233022	0.24959019173670158
1.1667752330226364	0.3226570097866975
1.311697203728362	0.3417238113659886
1.5688022636484686	0.39245481785312253
3.47130585885486	0.19549858767244027
1.370400932090546	0.3744291886983852
1.6223656458055926	0.5951049593934022
1.9105717709720371	0.2345158873371016
0.2952627163781624	0.23941387826927285
1.2645498002663116	0.3584760461765661
0.8787085219707058	0.43117639193952995
1.3360684420772304	0.2669656569176486
1.0975897470039946	0.4372214442129941
1.2940595206391479	0.2925262341551801
1.033697603195739	0.22858326158669373
0.9844226364846872	0.2708589147716783
1.8066002663115848	0.15777319206089757
1.8622793608521973	0.2168120539188069
0.7349241011984021	0.33034743840126873
2.0438130492676434	0.39979850569499165
1.7974065246338216	0.3264498795918372
2.3292155792276965	0.20776913429591976
1.70785672436751	0.5732670403270673
1.9542147802929426	0.28913385582771856
1.0704241011984021	0.2525916072338201
2.109435153129161	0.14427154264991093
1.338411584553928	0.2902235986086705
1.0654636484687083	0.2905578714151151
1.7861608521970704	0.16480552849477734
0.5363021304926764	0.2554640746123902
1.0846340878828231	0.24423959920681573
1.569016777629827	0.3946306564432065
0.846561118508655	0.3651113926746186
1.8312556591211717	0.24226254621010523
1.6724535286284954	0.22773427769197224
1.0604800266311585	0.2288438049364433
1.2265260985352862	0.6558932073531653
0.8304596537949399	0.40694562900146186
0.5726033288948069	0.4468587811995234
1.1128992010652465	0.24182862156855597
0.5749451398135818	0.49298380871870634
2.3420159786950734	0.34870599294866794
0.652487483355526	0.392000914837555
1.0759058588548602	0.23894584100248506
1.2048996005326231	0.4778744403977468
1.3271238348868175	0.22686140804434077
1.6926098535286287	0.13248537827060206
2.1208577896138485	0.28098649154600397
1.4262125166444741	0.38214081160822894
2.145524101198402	0.16062055406611697
0.05217656458055926	0.25199485486984513
1.3554097203728361	0.29859773763403075
1.0516667110519307	0.2377272362713511
1.305495206391478	0.3030605764963318
0.7247673768308921	0.27236182563315814
1.3717556591211721	0.30872919533122417
1.2165082556591211	0.22924002733287607
1.1709079893475367	0.26180839939179906
1.2431323568575232	0.4394470935705166
2.145223035952064	0.7719399326647427
1.3425452729693743	0.5713692389031274
0.5808894806924101	0.2891273007076824
1.862824500665779	0.7520097395652857
1.3131648468708388	0.20430984241342978
1.1093593874833556	0.2886576471279263
0.39283754993342207	0.25627090204406067
1.236826498002663	0.3858333219588582
1.815443675099867	0.2975705297847002
2.0181768308921435	0.23238922861808034
2.6530564580559255	0.14666538973519394
1.5157222370173105	0.11243320549223615
1.181462050599201	0.29948521120240784
1.0376732356857523	0.23568077196570486
1.3680395472703062	0.18925840230613314
1.3531482023968044	0.3037454909005911
1.3468278295605858	0.21930795774597106
1.3489440745672436	0.18888550823505268
1.0042153129161118	0.29824230002773616
0.8538467376830892	0.2879026695311783
1.3187091877496673	0.21217364081571657
1.1954788282290278	0.18885073863375568
1.2287924101198402	0.16551175292158762
1.516413049267643	0.23549973205453806
1.3532865512649799	0.3221206584197646
1.31994327563249	0.22921128852002304
1.3902272969374168	0.2543916227988193
0.7937424766977363	0.4824366430533413
0.738120239680426	0.29854245552819686
0.42221917443408785	0.2979868071948287
0.38776085219707057	0.27638279618198436
2.183619840213049	0.25424287531081907
1.2585122503328896	0.28626176461278163
0.3047676431424767	0.2699900430272556
1.8775029294274301	0.27120284543783013
1.1838507323568577	0.4557031855988899
0.9278414114513981	0.5556552280801601
0.45844007989347535	0.257343282377477
1.6689861517976035	0.3922060473652233
1.065179760319574	0.22272608404000063
1.230544740346205	0.20746855631593766
1.6574989347536617	0.21197356943734846
1.54114327563249	0.29510374993735083
1.9392597869507324	0.26561075478353463
1.2826926764314248	0.31999380854887544
1.6072571238348867	0.33427494627363513
1.3531122503328896	0.23042687904758946
1.4361856191744342	0.21225676077867212
1.7981657789613847	0.15085410827920065
0.4489378162450066	0.25220720811848796
1.4834408788282292	0.30103446771483966
1.0632693741677761	0.3509887705678367
1.4105436750998668	0.19015994461827654
0.341225965379494	0.23816095779076046
0.8629842876165112	0.30409849404540673
1.963982689747004	0.28335378223241536
1.516313049267643	0.22864842883958003
1.4962383488681756	0.29408026933869214
1.8984984021304925	0.2569114761456618
0.8109785619174434	0.3388037438360828
0.7133360852197071	0.25202699687384633
2.0571146471371504	0.3592506249168832
1.411482689747004	0.21855894656238395
0.5873427430093209	0.34213179077793693
0.45462849533954725	0.28882387302200235
1.109813981358189	0.3021298039910133
1.1212964047936085	0.2705864280047383
1.722021571238349	0.5592007579190008
1.8675159786950732	0.29450559443040547
0.9105135818908121	0.27955608724201936
0.5703402130492677	0.32222978441189815
0.583387483355526	0.28112742201105645
1.1501051930758988	0.3868957119738311
1.9637416777629826	0.2675953740538651
0.5272691078561917	0.25821674496675856
0.6635627163781623	0.4084895525086696
1.1918165113182424	0.22071570984922484
0.2922065246338215	0.28094764982368237
0.18229400798934756	0.2869047942484828
1.0636969374167777	0.2872956596189604
1.4401817576564582	0.23152250657773457
1.7675171770972038	0.24741331497446076
1.669298535286285	0.1666515326264641
0.7202885486018642	0.25896726520822033
1.4542284953395475	0.24806907158000752
0.38383129161118507	0.4838198956405569
1.0886275632490015	0.1723803199314086
1.062884154460719	0.28623258912141814
1.296967776298269	0.34311219382321817
0.71795672436751	0.6569576903440483
0.5639986684420772	0.2560974361497747
1.9569352862849534	0.1880987054073385
1.6325386151797605	0.2017870265274257
1.0635709720372837	0.3146560812436901
0.8221644474034621	0.24963170229748127
1.182690412782956	0.2682808499477698
1.6641363515312915	0.1525045952794946
1.286456191744341	0.21241784741967418
1.8067512649800268	0.17948199935075132
0.5587249001331558	0.20574438792250901
1.397088015978695	0.3927878531634281
1.8527657789613847	0.11894169957096616
1.4632597869507322	0.2663511167067385
1.0610577896138482	0.184831627241307
0.6478896138482023	0.4014700819940828
2.0333440745672435	0.3042201657175334
1.0274757656458056	0.2723676715286179
1.6385896138482026	0.25722677580893466
1.0906288948069243	0.25411759967521075
1.1883909454061252	0.22148671747206336
1.1189595206391478	0.30063319491044316
3.5933828229027966	0.951999419980756
0.38547509986684425	0.2968906191503935
1.1375070572569905	0.2930467574308596
1.4725288948069242	0.30726326472940757
1.5082073235685753	0.3629803146194371
0.5892805592543277	0.30720688058415807
3.340224633821571	0.5005248458075497
2.6287299600532625	0.5564828652846295
1.9438857523302264	0.6591978271224979
1.0008426098535286	0.41542413309151865
2.074127829560586	0.32211281184249535
0.7785832223701733	0.4132577315202392
2.3975491344873503	0.21645336451663008
2.1305520639147804	0.406477695390454
1.7536649800266313	0.26876775298617817
2.1306945406125166	0.24842647902919868
1.645541810918775	0.23567502543269042
1.0285384820239682	0.21600129622419392
1.5973962716378163	0.17924326628375756
1.6396178428761652	0.1958066843369566
2.0923948069241014	0.3504350837873741
1.4159093209054594	0.18942468562546383
1.6346127829560586	0.2765001796935235
0.2874356857523302	0.3937062499078982
1.667101864181092	0.3808782995801486
2.3135564580559254	0.3928827215226911
1.3142166444740346	0.412455032035401
1.911613049267643	0.323228146706098
0.350236085219707	0.28674311086281457
1.0524350199733687	0.27799300020159645
0.5784294274300933	0.4180497323539909
2.0264973368841543	0.20097590250669484
1.8880067909454061	0.8165999893483242
1.5048661784287618	0.24306526552246163
2.1484920106524634	0.1845990214973205
0.5401347536617843	0.416576200875332
2.2673820239680427	0.3774449114526817
1.3566655126498004	0.19764373527699913
2.9537003994673774	0.23140911889141005
2.133520772303595	0.26073596032498847
0.7505576564580558	0.26341939497267497
1.306145139813582	0.22508798575499042
1.519226631158455	0.20247254153687255
1.886009187749667	0.2578899182123746
1.5274599201065249	0.17602851816070167
1.0400053262316913	0.2791327231779328
1.8906842876165113	0.7072767378527175
1.0576933422103862	0.3033850017989123
0.9975544607190412	0.26828086288109426
1.0748295605858855	0.2972465598486956
2.1491182423435418	0.1538595094728723
1.9870691078561917	0.22921876171779315
2.122754460719041	0.3450920531826964
1.9044498002663115	0.24931916330219606
2.4448801597869507	0.24178273840176367
1.7318247669773639	0.2670806451201246
1.929009587217044	0.2273096096292228
1.8630451398135819	0.23826482971875199
1.5668448735019973	0.2544430269792817
1.5643206391478028	0.36099660803407574
2.262951131824234	0.3601825559775809
0.6750933422103861	0.40382868641498526
1.451877496671105	0.21606974169287257
0.7629069241011983	0.3902539373764334
2.216044740346205	0.2026225255291969
0.9948505992010653	0.5471876020104214
1.4553888149134488	0.19003017121875443
0.7317548601864181	0.4638678323170682
1.6150890812250334	0.2547379168326898
1.446279360852197	0.20935820796218163
2.0043940079893474	0.1813697212776143
1.411204793608522	0.21196102216469234
1.0752729693741678	0.22064893699534296
2.0475254327563253	0.2265967594144783
1.6963420772303595	0.18991529582341643
1.2403864181091877	0.1588457479436154
1.7457238348868176	0.24147833640970867
1.4724853528628494	0.24853373630368017
1.7224241011984023	0.12611971335030722
1.183720239680426	0.34756843384893027
1.3913822902796273	0.6882029690992657
1.590675499334221	0.18563719139711898
1.7783303595206392	0.32994413300214
0.9034691078561918	0.2790658159733587
2.0266528628495344	0.11412035282347795
1.2113392809587216	0.2436128663885706
1.9668946737683088	0.2781276288822511
2.1712900133155792	0.1659439574398099
1.764009187749667	0.24692051985333224
2.0490537949400798	0.1525337717148604
1.9951912117177095	0.1537427127823783
1.5502777629826898	0.23369323621645108
0.8679391478029294	0.33478664575294337
1.6376237017310251	0.28440763266033897
1.7814279627163778	0.40563041975892156
1.8437403462050597	0.2893909166160084
0.9531223701731026	0.34142939766144653
1.2098691078561918	0.32200479709459884
2.464460985352863	0.20324057408538052
2.0127472703062588	0.20533138112436586
1.4370945406125164	0.35218921169693396
1.0908242343541943	0.3108113848664966
1.964882157123835	0.18751415989464001
2.3000165113182427	0.19737196654061942
2.5415151797603195	0.31309109931026663
2.1708872170439415	0.22042803372599507
1.0661423435419441	0.29242109744964645
2.04350758988016	0.3227807255087737
0.4022593874833555	0.2620561564301192
1.9349516644474034	0.20435406917026144
2.458893342210386	0.3008136576466883
1.5051511318242343	0.24212149060702062
1.8078426098535287	0.3203780326067061
2.0662165113182422	0.2240993405340048
1.051846604527297	0.271828911564313
1.8473018641810917	0.30594088995369567
1.8416166444740345	0.3237803395589036
1.8263063914780293	0.4982366325716922
1.7747762982689748	0.5171540870422338
1.6268673768308923	0.3509011612894967
1.875034620505992	0.2546043595854738
1.5422740346205062	0.22061777082508194
2.313673901464714	0.42533373851498396
2.1152896138482022	0.5102306745746948
1.7319623169107856	0.37409556289517026
2.3905275632490013	0.2570110905487043
1.377932623169108	0.2994605692423215
1.722365379494008	0.35686617423259276
1.3705676431424767	0.23703134073293264
1.3595505992010652	0.2042314454205711
2.191227962716378	0.2616529028852147
2.0442910785619173	0.18849729907337634
1.4987700399467376	0.2167826262683336
0.8796747003994673	0.42753148056010665
1.5703454061251665	0.29429772646047025
0.17191957390146473	0.29720133863892084
1.0491665778961385	0.4874025842524422
1.9043717709720371	0.13580760624565147
0.8501371504660452	0.30688690013104164
1.7336346205059918	0.423841230888589
0.780094274300932	0.24089935344285812
1.2204885486018642	0.3743176103580022
0.7852135818908124	0.3731198601190587
1.7741013315579228	0.22325178294198583
1.1463355525965377	0.5123035131523206
1.5525521970705725	0.5398411388531217
1.259584687083888	0.22096812169208885
1.4694386151797605	0.571127001834018
0.6694338215712383	0.3261883967908344
1.7130366178428764	0.4771927301504092
2.2836968042609858	0.4355019927190047
2.375972037283622	0.45978864928829866
2.2561439414114512	0.47670420322957324
1.3188547270306257	0.27817687741337427
1.6757914780292944	0.15069509937832634
1.9435818908122504	0.21043898291645532
1.8132705725699068	0.24092374469638111
1.5767716378162449	0.33571492917298323
1.2941416777629828	0.2094345702958357
1.408784287616511	0.27252343310378085
2.4298404793608523	0.19196783320976868
1.4881496671105194	0.4911732399683514
0.21244647137150466	0.2528930950701369
1.254172569906791	0.2975283046767288
2.2702603195739015	0.18386467284247884
1.7843565912117179	0.26778481793200704
1.9127601864181092	0.18380834066485643
2.3263840213049267	0.1954438106639308
2.0479539280958723	0.2724025418410791
1.928552330226365	0.7051404124495608
1.9978205059920107	0.3666265206965251
1.8587656458055926	0.2562440520011494
2.120733422103861	0.1940335620038324
1.7320964047936085	0.3826989545678007
1.4861327563249003	0.19460816459907598
1.3031772303595206	0.23354581321807066
2.1979661784287616	0.3905663124174719
2.095969906790945	0.5072982877783191
1.8186805592543278	0.15469432793338117
1.5174930758988017	0.15811972854113115
1.065695605858855	0.38566718905430414
1.7984332889480692	0.37404516821708356
1.7775098535286287	0.23721970036471188
2.006963115845539	0.28964995350191297
0.7608551264980027	0.3558013944987395
1.6397900133155794	0.2115030576035068
0.8635723035952063	0.3423440540208857
1.5504474034620506	0.25904558953969675
1.4741022636484686	0.18358803947212748
2.009877896138482	0.12309336963150458
1.796508521970706	0.14745955280797088
0.46588521970705726	0.2461658691500627
0.558746604527297	0.2371002816398941
2.4055070572569908	0.31338273178551745
0.6491098535286285	0.2832513455392204
2.0079869507323567	0.19233028692970405
1.4157837549933423	0.3847768023745114
1.3744127829560586	0.3983556745653733
1.0238681757656458	0.32052474645246426
1.964332090545939	0.3238390335068647
1.2413195739014646	0.23647737198247648
1.6944037283621838	0.2052886313053481
1.6421109187749667	0.24494714218378366
1.5837850865512648	0.22031017679314696
1.7575998668442077	0.18308220760174504
1.659116777629827	0.2542200500216793
1.5814094540612518	0.13587289403234404
1.635967776298269	0.12791025763494332
1.7010777629826896	0.27799554518133596
1.328817177097204	0.23427900772357022
1.6109163781624496	0.29018859340965036
2.2472464713715046	0.10796806592623755
0.9937924101198401	0.4454420360036363
1.2265195739014647	0.3072412494807756
1.011438348868176	0.2601550445109431
1.89443861517976	0.18178191708667496
1.7518833555259652	0.22880851919887393
1.329300932090546	0.4563637788587715
1.2599838881491345	0.5364965695645432
2.3310031957390147	0.4846930853853943
1.5365981358189083	0.24452818276624932
1.7928659121171773	0.5911675893784195
1.4400680426098535	0.28212179612164134
1.1227829560585887	0.3242037497428435
1.3567295605858856	0.41111343496630415
2.7963151797603194	0.2536979435480711
0.47813408788282286	0.22722386706091738
2.5307067909454064	0.3636687333050643
2.2681607190412785	0.2847561632898813
1.377	0.4145566190033885
1.6949615179760318	0.24836757315579452
1.578105725699068	0.28045697535831854
1.4018046604527297	0.26643482869361607
0.23647150466045275	0.2665256875376988
1.1456446071904127	0.689394848832957
1.074943808255659	0.38730495626325656
1.662789347536618	0.37828480431478223
1.641101864181092	0.27579991733860537
3.555575632490013	0.46027082200878494
1.1486070572569909	0.6350168438507463
1.5297541944074566	0.3289851619501084
1.421614247669774	0.4504666020295044
1.8245785619174433	0.34003297268027227
1.4048945406125168	0.2666751806365414
0.27093222370173103	0.22360474294051672
1.7295439414114515	0.2212938807055622
1.7728227696404792	0.3560974564397716
1.7840495339547269	0.40939872941943634
1.7339110519307588	0.1333636114558412
1.5523007989347537	0.1991434092375906
2.0190111850865513	0.17710523974969788
1.7919873501997337	0.4291969153006939
1.3842033288948068	0.16801745899420054
1.5305603195739015	0.21764449640245606
2.1432958721704396	0.1493455164104671
2.0994491344873505	0.20285390371950998
1.5814784287616515	0.1804825416587519
0.9111034620505993	0.32582624185520964
2.030435552596538	0.14811184279801823
1.5101838881491343	0.21207753894121914
1.7584957390146474	0.28018531832523474
1.4805420772303595	0.21747430070054816
1.6596392809587215	0.22768497845867652
1.9134078561917442	0.12308028700323849
1.1258651131824235	0.284824140257556
1.8483223701731024	0.19886046504897714
1.8362960053262318	0.14389481561221912
1.0719334221038614	0.25680902464922295
1.246588415446072	0.210207531875073
1.3572520639147803	0.22718882065826168
1.198475499334221	0.2690321192917979
0.7928585885486019	0.32169423437310773
1.1257183754993343	0.24613459653018854
1.0121869507323569	0.2780534491820237
0.7278837549933421	0.47999666363383725
0.255904793608522	0.34888255014917635
1.0490378162450067	0.35691968512890243
0.6679822902796271	0.4383777256265578
1.749241944074567	0.32247158173031415
0.5884948069241013	0.30840494604551266
2.679711451398136	0.3465653053814895
1.0876944074567245	0.17042122747958235
2.067782689747004	0.27030568146337663
1.2310205059920107	0.2724916001446854
1.8078207723035953	0.22907417395181662
1.364058189081225	0.409620657493559
1.849678828229028	0.1571140271939576
1.2855202396804262	0.2658709540814433
1.7184760319573904	0.22774837578901472
0.9790488681757655	0.2043477310903685
1.281963382157124	0.27808842395054617
1.833010652463382	0.1568332043108469
1.9525632490013316	0.6853591979640442
1.2873243675099866	0.2522404715308956
2.750439946737683	0.14922306773263677
1.3002994673768309	0.30945364155452126
0.8524652463382157	0.36714373871469286
1.4604151797603195	0.19833113961591067
1.2452906790945406	0.2110782099729175
1.366967776298269	0.2732851427378741
2.2667770972037284	0.1556591986785604
1.8493656458055925	0.30491302777274315
1.2194247669773635	0.29813033128684063
1.8874645805592545	0.16572016543804624
1.096172037283622	0.21943126029135684
1.4700190412782956	0.21749538439692848
1.7977994673768307	0.362458115124249
1.5476754993342214	0.2452875110996245
1.5744926764314247	0.29020110830585155
1.3768416777629826	0.23942666044741973
2.0060964047936083	0.19335461113248803
0.8198291611185086	0.30667464621373836
1.3156467376830892	0.18523961245006126
1.2695604527296938	0.24855941988515187
1.7254452729693743	0.19481897828982045
1.6474306258322235	0.1585505096029254
1.4236159786950733	0.35220571073466245
2.0314113182423434	0.21431561682148867
1.4540047936085219	0.15009252930726502
1.6740973368841545	0.21074953926836767
1.092269107856192	0.3062227728450718
0.9673480692410119	0.2655283054182664
1.6986580559254327	0.3204064798272061
1.8651354194407457	0.12371555224237164
1.587438348868176	0.23702525599205526
2.138374034620506	0.307748273764279
1.1598314247669772	0.2470443912798202
1.1208824234354193	0.4314322337759021
0.4390547270306258	0.4006540002758523
2.069893075898802	0.2996797655767426
0.4183660452729694	0.27102743800091567
1.7613688415446072	0.5296117116099527
0.9724300932090545	0.2680455732161298
1.2417691078561919	0.5072204783847086
1.671790013315579	0.17997619754999203
2.395549800266312	0.3600096847666634
1.3419780292942742	0.845567307737292
1.587927962716378	0.25617489295921847
0.604281225033289	0.4676005247993638
1.0708699067909455	0.4841335810092536
0.2753439414114514	0.26867232417241943
0.5384095872170439	0.4011479605079276
0.41035512649800265	0.27041393179901557
0.41470039946737675	0.41587341579206144
0.2244219707057257	0.32512254092033027
1.2495194407456724	0.4155499301435353
0.3174659121171771	0.2952012166394188
1.9868042609853531	0.2341253219964752
1.3215960053262317	0.22904665393273976
1.8913668442077232	0.2513710651395168
0.2568647137150466	0.27490882796839755
0.6398584553928096	0.5086021796344425
1.7673254327563248	0.21309983695824428
1.4756882822902797	0.25278395489437777
0.816430758988016	0.257997575932489
1.7415468708388817	0.18452198729456368
1.6098242343541944	0.2830272194965443
0.9533302263648469	0.4280479263145493
1.4342729693741676	0.29227744024972657
1.7654169107856195	0.20930349696518424
1.8568407456724367	0.8181687515154202
2.7556523302263645	0.8742162915655626
1.5041540612516644	0.4332041485655138
1.0417828229027963	0.33900334397797555
1.4829089214380826	0.3056351427214264
1.9473344873501994	0.12563301435785626
1.6560635153129162	0.193586657275906
2.3226239680426097	0.4978729696280488
2.388640745672437	0.29675831467341596
1.2498697736351532	0.288246872210893
1.2980866844207724	0.19091561582534566
0.37707909454061245	0.22197805760547892
1.6156017310252992	0.17304330887960453
1.826536085219707	0.20533798902412603
1.989651398135819	0.14363445955183693
0.3022446071904128	0.20470631268951844
0.47868854860186416	0.2378023171725214
1.305616245006658	0.34647276569151386
2.1706237017310253	0.2531959895653358
0.9085488681757656	0.29635213951411105
2.7907934753661783	0.5846728837643832
1.7611886817576563	0.30113737886628966
1.5239023968042609	0.2725083159426585
1.7451256990679092	0.42502523755881616
1.3329872170439414	0.17109093429902245
1.3367059920106523	0.25686544639942516
1.6661266311584557	0.27349918187541333
1.6473308921438083	0.34767327018433386
1.6423705725699067	0.42063459043210066
0.9932191744340879	0.7321869467459823
2.2860617842876163	0.20201719394335493
0.37848948069241006	0.25382241453104987
2.249253528628495	0.20409796898289212
1.4499037283621838	0.23173033063864756
2.095281358189081	0.22911489572867114
1.5184330226364848	0.2863859715287515
1.7818728362183753	0.17772897987505742
1.8612451398135816	0.10925247345364515
2.0170556591211715	0.2352193350835247
1.777534620505992	0.2635890975679385
1.3542073235685754	0.3270922039218787
0.43087922769640474	0.3030709963624935
1.4732440745672437	0.29849514466122784
2.052460985352863	0.2859925570224945
0.9260146471371505	0.5756045407644995
1.6922535286284952	0.25018481602202575
1.1076857523302264	0.31960358934827504
1.3006805592543274	0.6734435543931023
1.4533568575233022	0.22762265478700042
1.4522984021304928	0.32305528604299755
1.371944340878828	0.15700151828015957
0.905532223701731	0.2659125822741369
0.6106785619174434	0.32160096567790736
0.4306548601864181	0.260874259061639
0.9164230359520639	0.29800766693029623
1.7321302263648468	0.21601541803933288
2.017111584553928	0.21603676300187447
1.4363250332889481	0.2926747721894231
1.0307074567243675	0.337767647384259
0.5012664447403463	0.31819527585186436
0.9143256990679094	0.29615882919338804
1.2372640479360852	0.20943597564697133
0.9904027962716379	0.2080662339622093
0.9323002663115846	0.24545580633339806
1.358254327563249	0.22703647337873903
1.3388122503328894	0.3463390558507455
1.6727181091877497	0.3149126002093162
1.0785801597869507	0.26145696240157146
1.0483503328894805	0.2150763226170849
0.8027231691078562	0.2585880506569344
0.8938712383488681	0.33652655945413934
0.23393368841544607	0.23889515820702137
2.248801997336884	0.4144549305253302
1.9322021304926766	0.18394321504287095
1.5327652463382158	0.44904950750481715
1.7079736351531292	0.2199712721165182
2.0706944074567244	0.1758853636335168
0.8023793608521971	0.39395253529670554
1.2331792276964046	0.4247955091591722
0.48263848202396803	0.2752618192406104
0.8890479360852196	0.21860360880375515
1.2395256990679095	0.31093861882870893
1.4625623169107855	0.2951625404829554
1.470542743009321	0.3041622852408157
0.6542268974700399	0.2658313578839954
1.2826018641810921	0.26498494336390904
1.3347010652463382	0.21852401166454255
1.5860982689747005	0.15277600474822756
0.6828011984021306	0.40176853269025664
1.099827962716378	0.6515948321541468
1.4302539280958722	0.44852186539368905
1.0759328894806923	0.38184377557440063
1.2902536617842875	0.19030134945685484
0.5990354194407457	0.24233114680297024
0.5061535286284953	0.25312922718772846
1.3768890812250332	0.2475237326594129
1.6891255659121172	0.3142495512988427
1.4306185086551264	0.36936879508326714
0.35800292942743006	0.4196230546979376
0.5269828229027963	0.2360360289488408
0.8350668442077229	0.21369784848074774
0.464041810918775	0.37621184842628375
0.4159498002663116	0.2880907714936394
1.2969360852197072	0.17866988548385998
0.9011905459387483	0.27148763735056025
2.316521704394141	0.12994045197786133
1.770461118508655	0.18783675479241543
1.7717796271637813	0.19402922926365831
1.5551143808255656	0.396984498224396
1.348313981358189	0.2725413242544315
1.8912732356857522	0.2877444613009441
1.958482689747004	0.34952167409057316
1.6255764314247667	0.30643898855319895
0.9973090545938749	0.27663733169414406
1.7373294274300932	0.3151780785491611
1.323734087882823	0.26488887579720194
2.2222715046604526	0.2725054093458867
1.8326452729693743	0.25484372042196246
1.8344268974700397	0.2756744820897663
1.2445195739014647	0.42836144105662227
0.8819142476697738	0.27500772301841553
1.1478186418109189	0.28937917555063125
0.8537585885486018	0.307956770839454
0.9658077230359521	0.27295023249861344
1.2917474034620506	0.15383053290156226
0.8182825565912116	0.2435884268728298
1.1947524633821571	0.27171230941041935
1.4445997336884153	0.2570428903573966
0.4938263648468708	0.2818745133487605
0.5454892143808255	0.3614264384209634
1.1749287616511317	0.2376551062057302
1.7451302263648467	0.23011047576560392
1.3727728362183758	0.14786682921546498
0.38709267643142475	0.26442187559888747
1.9633949400798933	0.22599099866821612
1.8120455392809587	0.2424743851079892
1.1771765645805594	0.30664660925256293
1.3729752330226364	0.2450877099971697
1.000778828229028	0.3363161897458673
1.2516346205059918	0.24673841742011143
0.7033459387483356	0.2221436065347187
0.9593094540612516	0.2488757452392867
0.8508440745672436	0.31310968254554306
0.7314121171770973	0.3204591923802524
0.39531944074567243	0.266460882967871
0.7206830892143807	0.303216240652635
1.6960308921438083	0.3518363025414257
1.3010527296937417	0.22098957718613255
1.685381091877497	0.3143678946252486
1.0896892143808257	0.20781671833362375
1.7579339547270305	0.16371631672618778
2.4807107856191744	0.3311832748214901
1.0911388814913447	0.3471370267954487
1.096320639147803	0.39540050199448107
1.3794166444740346	0.5958900888854277
1.1681419440745673	0.3790189280075138
0.6969824234354195	0.4425731604840169
1.8300394141145138	0.12801881401627432
1.6891904127829562	0.30175207323732733
1.6493217043941413	0.31466009149141866
1.2488213049267645	0.2381893153751508
0.7420291611185086	0.2353584291846042
1.317193741677763	0.2654467268481355
1.2042424766977362	0.40648754593467085
0.982613981358189	0.22443730616454222
1.319078428761651	0.2133007031105726
0.8459271637816245	0.2786019850128035
1.133418641810919	0.22397334995492837
1.162903328894807	0.23719699904038696
0.8729796271637816	0.4289251142172168
0.5557941411451398	0.2780884619482376
1.772410119840213	0.43446039072544523
1.6578487350199733	0.15224108052558688
0.757994673768309	0.30489102398985224
1.6182599201065246	0.3626631131136846
1.6141932090545938	0.348286692205141
2.3319798934753666	0.5020297129502815
2.0457114513981356	0.19673235085142607
1.5434853528628492	0.288097761321403
